tenantId,id,voterId,electionId,position,timestamp,auditTxId
"root","uEJyOd7qgV78D4FwldxY_0322080011__general_secretary","0322080011","uEJyOd7qgV78D4FwldxY"," General Secretary","2026-07-30T19:39:27.589Z","YPQ2h87JZVIw1gjCdkYr"
"root","uEJyOd7qgV78D4FwldxY_0322080011_financial_secretary","0322080011","uEJyOd7qgV78D4FwldxY","Financial Secretary","2026-07-30T19:39:27.691Z","IzDjbQKWghDsOpYN5zCF"
"root","uEJyOd7qgV78D4FwldxY_0322080011_organizing_secretary","0322080011","uEJyOd7qgV78D4FwldxY","Organizing Secretary","2026-07-30T19:39:27.633Z","SfUdlDoKIzk2RXRjLe7l"
"root","uEJyOd7qgV78D4FwldxY_0322080011_president","0322080011","uEJyOd7qgV78D4FwldxY","President","2026-07-30T19:39:27.625Z","INYfbvw4MCNlnPBHSsaP"
"root","uEJyOd7qgV78D4FwldxY_0322080011_public_relations_officer__pro_","0322080011","uEJyOd7qgV78D4FwldxY","Public Relations Officer (PRO)","2026-07-30T19:39:27.595Z","jxaaoLnCaOdij7PswDGn"
"root","uEJyOd7qgV78D4FwldxY_0322080011_wocom","0322080011","uEJyOd7qgV78D4FwldxY","WOCOM","2026-07-30T19:39:27.637Z","Wp8evTq9Wg6XvK5vi0R3"
"root","uEJyOd7qgV78D4FwldxY_0322080016__general_secretary","0322080016","uEJyOd7qgV78D4FwldxY"," General Secretary","2026-07-30T19:28:27.947Z","1ra2mXDoMP9AGQy0UrhT"
"root","uEJyOd7qgV78D4FwldxY_0322080016_financial_secretary","0322080016","uEJyOd7qgV78D4FwldxY","Financial Secretary","2026-07-30T19:28:27.460Z","aiKZTHNw4mYFGD2V8pzO"
"root","uEJyOd7qgV78D4FwldxY_0322080016_organizing_secretary","0322080016","uEJyOd7qgV78D4FwldxY","Organizing Secretary","2026-07-30T19:28:27.508Z","I2Iw4lRqI1OEC1Guqjod"
"root","uEJyOd7qgV78D4FwldxY_0322080016_president","0322080016","uEJyOd7qgV78D4FwldxY","President","2026-07-30T19:28:27.762Z","AzjXuaa0AbsQY5rcUByD"
"root","uEJyOd7qgV78D4FwldxY_0322080016_public_relations_officer__pro_","0322080016","uEJyOd7qgV78D4FwldxY","Public Relations Officer (PRO)","2026-07-30T19:28:27.525Z","9FaqMWqK1Xztzil1CukT"
"root","uEJyOd7qgV78D4FwldxY_0322080016_wocom","0322080016","uEJyOd7qgV78D4FwldxY","WOCOM","2026-07-30T19:28:27.540Z","FmCQyYXHjyhzkONGcGXn"
"root","uEJyOd7qgV78D4FwldxY_0322080026__general_secretary","0322080026","uEJyOd7qgV78D4FwldxY"," General Secretary","2026-07-30T18:21:54.278Z","0DCf5LWoWv7p05J9t4Ql"
"root","uEJyOd7qgV78D4FwldxY_0322080026_organizing_secretary","0322080026","uEJyOd7qgV78D4FwldxY","Organizing Secretary","2026-07-30T18:21:54.176Z","YywWZjLpIAKPWo3PL9Dn"
"root","uEJyOd7qgV78D4FwldxY_0322080026_president","0322080026","uEJyOd7qgV78D4FwldxY","President","2026-07-30T18:21:54.321Z","JzhpS2kCwnNF0KcRih2u"
"root","uEJyOd7qgV78D4FwldxY_0322080026_public_relations_officer__pro_","0322080026","uEJyOd7qgV78D4FwldxY","Public Relations Officer (PRO)","2026-07-30T18:21:54.185Z","ZD2Smk2LCCAqsibVBBDa"
"root","uEJyOd7qgV78D4FwldxY_0322080026_wocom","0322080026","uEJyOd7qgV78D4FwldxY","WOCOM","2026-07-30T18:21:54.283Z","Vdg6zkm8AmaAl3d3AMef"
"root","uEJyOd7qgV78D4FwldxY_0322080040__general_secretary","0322080040","uEJyOd7qgV78D4FwldxY"," General Secretary","2026-07-30T20:01:13.320Z","WwcEdG3ugXabxsxHvnTo"
"root","uEJyOd7qgV78D4FwldxY_0322080040_financial_secretary","0322080040","uEJyOd7qgV78D4FwldxY","Financial Secretary","2026-07-30T20:01:13.524Z","TJ7IRhqsk9BM1haw2RvH"
"root","uEJyOd7qgV78D4FwldxY_0322080040_organizing_secretary","0322080040","uEJyOd7qgV78D4FwldxY","Organizing Secretary","2026-07-30T20:01:13.296Z","d1YKu5waUWN8ihz0UjCr"
"root","uEJyOd7qgV78D4FwldxY_0322080040_president","0322080040","uEJyOd7qgV78D4FwldxY","President","2026-07-30T20:01:13.474Z","2Unm4dMYONQefs25lHNs"
"root","uEJyOd7qgV78D4FwldxY_0322080040_public_relations_officer__pro_","0322080040","uEJyOd7qgV78D4FwldxY","Public Relations Officer (PRO)","2026-07-30T20:01:13.401Z","ixj0ze1YFNPyZ4P93sdp"
"root","uEJyOd7qgV78D4FwldxY_0322080040_wocom","0322080040","uEJyOd7qgV78D4FwldxY","WOCOM","2026-07-30T20:01:13.319Z","7bSiDBcqaAk8sK8ZCvlX"
"root","uEJyOd7qgV78D4FwldxY_0322080044__general_secretary","0322080044","uEJyOd7qgV78D4FwldxY"," General Secretary","2026-07-30T18:27:30.936Z","g97RATfdcJXuzloIhmOM"
"root","uEJyOd7qgV78D4FwldxY_0322080044_financial_secretary","0322080044","uEJyOd7qgV78D4FwldxY","Financial Secretary","2026-07-30T18:27:30.943Z","Y4pOcyh6s3CcKEykND7e"
"root","uEJyOd7qgV78D4FwldxY_0322080044_organizing_secretary","0322080044","uEJyOd7qgV78D4FwldxY","Organizing Secretary","2026-07-30T18:27:31.072Z","JqQKaue2Xz1Agv0MNEkr"
"root","uEJyOd7qgV78D4FwldxY_0322080044_president","0322080044","uEJyOd7qgV78D4FwldxY","President","2026-07-30T18:27:31.006Z","DXj02FyB5bL9mc00EieG"
"root","uEJyOd7qgV78D4FwldxY_0322080044_public_relations_officer__pro_","0322080044","uEJyOd7qgV78D4FwldxY","Public Relations Officer (PRO)","2026-07-30T18:27:30.892Z","wJ4aODIHMgbBi2MvFf0W"
"root","uEJyOd7qgV78D4FwldxY_0322080044_wocom","0322080044","uEJyOd7qgV78D4FwldxY","WOCOM","2026-07-30T18:27:31.068Z","y6JqZFLj5T3JM0lZotbJ"
"root","uEJyOd7qgV78D4FwldxY_0322080046_president","0322080046","uEJyOd7qgV78D4FwldxY","President","2026-07-30T19:59:28.576Z","7wtHOy1ogxzvW8uxq2Hw"
"root","uEJyOd7qgV78D4FwldxY_0322080049_president","0322080049","uEJyOd7qgV78D4FwldxY","President","2026-07-30T20:22:15.045Z","49qdNWNCayX0m6Bpt2qS"
"root","uEJyOd7qgV78D4FwldxY_0322080057__general_secretary","0322080057","uEJyOd7qgV78D4FwldxY"," General Secretary","2026-07-30T19:45:25.069Z","WVux2EYGBDbNfnM23QpW"
"root","uEJyOd7qgV78D4FwldxY_0322080057_president","0322080057","uEJyOd7qgV78D4FwldxY","President","2026-07-30T19:45:24.925Z","0zx8yi6TnciWs8BUe3Ma"
"root","uEJyOd7qgV78D4FwldxY_0322080057_public_relations_officer__pro_","0322080057","uEJyOd7qgV78D4FwldxY","Public Relations Officer (PRO)","2026-07-30T19:45:24.830Z","ylE4KdGbuvT5jxQ5qrj5"
"root","uEJyOd7qgV78D4FwldxY_0322080163__general_secretary","0322080163","uEJyOd7qgV78D4FwldxY"," General Secretary","2026-07-30T19:41:12.732Z","xoMTq7y3uxCx70WuysEP"
"root","uEJyOd7qgV78D4FwldxY_0322080163_financial_secretary","0322080163","uEJyOd7qgV78D4FwldxY","Financial Secretary","2026-07-30T19:41:12.562Z","vB209FLgyhT9iJJFAsmn"
"root","uEJyOd7qgV78D4FwldxY_0322080163_organizing_secretary","0322080163","uEJyOd7qgV78D4FwldxY","Organizing Secretary","2026-07-30T19:41:12.492Z","XbYAj1VMDc7lfR76967n"
"root","uEJyOd7qgV78D4FwldxY_0322080163_president","0322080163","uEJyOd7qgV78D4FwldxY","President","2026-07-30T19:41:12.416Z","MAn8fIrg7jDlojXywgqk"
"root","uEJyOd7qgV78D4FwldxY_0322080163_public_relations_officer__pro_","0322080163","uEJyOd7qgV78D4FwldxY","Public Relations Officer (PRO)","2026-07-30T19:41:12.415Z","jqoxa5M1HBd2hiQnammz"
"root","uEJyOd7qgV78D4FwldxY_0322080163_wocom","0322080163","uEJyOd7qgV78D4FwldxY","WOCOM","2026-07-30T19:41:12.350Z","0GpyEVo4Jc0LbMBVLH4w"
"root","uEJyOd7qgV78D4FwldxY_0322080167_president","0322080167","uEJyOd7qgV78D4FwldxY","President","2026-07-30T20:15:43.813Z","KJQCrd8RBkx7m19OhTiO"
"root","uEJyOd7qgV78D4FwldxY_0322080225__general_secretary","0322080225","uEJyOd7qgV78D4FwldxY"," General Secretary","2026-07-30T09:17:52.408Z","GxRGZfbMEt2B9bmhBZq6"
"root","uEJyOd7qgV78D4FwldxY_0322080225_financial_secretary","0322080225","uEJyOd7qgV78D4FwldxY","Financial Secretary","2026-07-30T09:17:52.394Z","6ibdNycyVnQ2eJ5lGEcc"
"root","uEJyOd7qgV78D4FwldxY_0322080225_organizing_secretary","0322080225","uEJyOd7qgV78D4FwldxY","Organizing Secretary","2026-07-30T09:17:52.402Z","lt4TVBJ9Yxmw9eXmeH7R"
"root","uEJyOd7qgV78D4FwldxY_0322080225_president","0322080225","uEJyOd7qgV78D4FwldxY","President","2026-07-30T09:17:52.331Z","wioMnvegVuOQjDrwWXxO"
"root","uEJyOd7qgV78D4FwldxY_0322080225_public_relations_officer__pro_","0322080225","uEJyOd7qgV78D4FwldxY","Public Relations Officer (PRO)","2026-07-30T09:17:52.289Z","tt1sGYUv6u65eF2lEWzu"
"root","uEJyOd7qgV78D4FwldxY_0322080225_wocom","0322080225","uEJyOd7qgV78D4FwldxY","WOCOM","2026-07-30T09:17:52.484Z","np2KilR2k62faqyYeGW6"
"root","uEJyOd7qgV78D4FwldxY_0322080235_president","0322080235","uEJyOd7qgV78D4FwldxY","President","2026-07-30T19:53:42.288Z","ZdNzI1r3kFcpugK7NRqj"
"root","uEJyOd7qgV78D4FwldxY_0322080241__general_secretary","0322080241","uEJyOd7qgV78D4FwldxY"," General Secretary","2026-07-30T09:28:59.029Z","xv2C6jh5Xlq09QtYw9UP"
"root","uEJyOd7qgV78D4FwldxY_0322080241_financial_secretary","0322080241","uEJyOd7qgV78D4FwldxY","Financial Secretary","2026-07-30T09:28:59.748Z","KFN11AvlhUbO6NT0K9Ku"
"root","uEJyOd7qgV78D4FwldxY_0322080241_organizing_secretary","0322080241","uEJyOd7qgV78D4FwldxY","Organizing Secretary","2026-07-30T09:28:59.793Z","R1iREzeOh7T8ZDDxoFnH"
"root","uEJyOd7qgV78D4FwldxY_0322080241_president","0322080241","uEJyOd7qgV78D4FwldxY","President","2026-07-30T09:28:59.105Z","IYHzhUMzf3Th0u5YriEJ"
"root","uEJyOd7qgV78D4FwldxY_0322080241_public_relations_officer__pro_","0322080241","uEJyOd7qgV78D4FwldxY","Public Relations Officer (PRO)","2026-07-30T09:28:59.115Z","fof2ydFnmN01mxJvAQY8"
"root","uEJyOd7qgV78D4FwldxY_0322080241_wocom","0322080241","uEJyOd7qgV78D4FwldxY","WOCOM","2026-07-30T09:28:59.765Z","pqGJMTz7i6kVnsOAQMln"
"root","uEJyOd7qgV78D4FwldxY_0322080244__general_secretary","0322080244","uEJyOd7qgV78D4FwldxY"," General Secretary","2026-07-30T18:20:44.032Z","4zlRdYYuTQAVUwoihuBm"
"root","uEJyOd7qgV78D4FwldxY_0322080244_financial_secretary","0322080244","uEJyOd7qgV78D4FwldxY","Financial Secretary","2026-07-30T18:20:44.137Z","Mqo8xiLdJj2uqYfSoNmp"
"root","uEJyOd7qgV78D4FwldxY_0322080244_organizing_secretary","0322080244","uEJyOd7qgV78D4FwldxY","Organizing Secretary","2026-07-30T18:20:44.076Z","OMiXtqk2RjhCD5mCBRXq"
"root","uEJyOd7qgV78D4FwldxY_0322080244_president","0322080244","uEJyOd7qgV78D4FwldxY","President","2026-07-30T18:20:44.038Z","5AmkeesZIy100Nczdy3i"
"root","uEJyOd7qgV78D4FwldxY_0322080244_public_relations_officer__pro_","0322080244","uEJyOd7qgV78D4FwldxY","Public Relations Officer (PRO)","2026-07-30T18:20:44.195Z","uVTohyc4Uqh3d31J1k4u"
"root","uEJyOd7qgV78D4FwldxY_0322080244_wocom","0322080244","uEJyOd7qgV78D4FwldxY","WOCOM","2026-07-30T18:20:44.156Z","HhbgCE3vqPJp29enBm73"
"root","uEJyOd7qgV78D4FwldxY_0322080250__general_secretary","0322080250","uEJyOd7qgV78D4FwldxY"," General Secretary","2026-07-30T19:22:41.602Z","doBNbSuBTVKt9lyh67fv"
"root","uEJyOd7qgV78D4FwldxY_0322080250_financial_secretary","0322080250","uEJyOd7qgV78D4FwldxY","Financial Secretary","2026-07-30T19:22:42.253Z","ncgnCx92r5fruDla2HGi"
"root","uEJyOd7qgV78D4FwldxY_0322080250_organizing_secretary","0322080250","uEJyOd7qgV78D4FwldxY","Organizing Secretary","2026-07-30T19:22:41.911Z","SGEafgzkR6ZPsrJ9f2lZ"
"root","uEJyOd7qgV78D4FwldxY_0322080250_president","0322080250","uEJyOd7qgV78D4FwldxY","President","2026-07-30T19:22:41.866Z","N0GbP4kOUQQjjBtGXK2H"
"root","uEJyOd7qgV78D4FwldxY_0322080250_public_relations_officer__pro_","0322080250","uEJyOd7qgV78D4FwldxY","Public Relations Officer (PRO)","2026-07-30T19:22:41.861Z","6OthH84xlas6RbGpo8GH"
"root","uEJyOd7qgV78D4FwldxY_0322080250_wocom","0322080250","uEJyOd7qgV78D4FwldxY","WOCOM","2026-07-30T19:22:42.136Z","ij5KESnJ2XSc5zORUtob"
"root","uEJyOd7qgV78D4FwldxY_0322080253__general_secretary","0322080253","uEJyOd7qgV78D4FwldxY"," General Secretary","2026-07-30T20:07:18.303Z","MiiHtFakV8u7Ockfgjpt"
"root","uEJyOd7qgV78D4FwldxY_0322080253_financial_secretary","0322080253","uEJyOd7qgV78D4FwldxY","Financial Secretary","2026-07-30T20:07:18.433Z","68YDizKLdevHtfFuJFS5"
"root","uEJyOd7qgV78D4FwldxY_0322080253_organizing_secretary","0322080253","uEJyOd7qgV78D4FwldxY","Organizing Secretary","2026-07-30T20:07:18.308Z","3kbgP4t5seDKxjfMLY3s"
"root","uEJyOd7qgV78D4FwldxY_0322080253_president","0322080253","uEJyOd7qgV78D4FwldxY","President","2026-07-30T20:07:18.362Z","6xkLIb0jk87zkegI38ti"
"root","uEJyOd7qgV78D4FwldxY_0322080253_public_relations_officer__pro_","0322080253","uEJyOd7qgV78D4FwldxY","Public Relations Officer (PRO)","2026-07-30T20:07:18.312Z","rtC2C84uQIDWnmCGKeba"
"root","uEJyOd7qgV78D4FwldxY_0322080253_wocom","0322080253","uEJyOd7qgV78D4FwldxY","WOCOM","2026-07-30T20:07:18.438Z","p3dqJoIn8Rd4nPwKk9bp"
"root","uEJyOd7qgV78D4FwldxY_0322080257_organizing_secretary","0322080257","uEJyOd7qgV78D4FwldxY","Organizing Secretary","2026-07-30T18:57:21.233Z","vmR01tUTZ81EcwPoc3bs"
"root","uEJyOd7qgV78D4FwldxY_0322080257_president","0322080257","uEJyOd7qgV78D4FwldxY","President","2026-07-30T18:57:21.125Z","9aVjQ08NFqFvhEx23qgA"
"root","uEJyOd7qgV78D4FwldxY_0322080257_public_relations_officer__pro_","0322080257","uEJyOd7qgV78D4FwldxY","Public Relations Officer (PRO)","2026-07-30T18:57:21.121Z","0vbais8vN1bkd5wggnYN"
"root","uEJyOd7qgV78D4FwldxY_0322080257_wocom","0322080257","uEJyOd7qgV78D4FwldxY","WOCOM","2026-07-30T18:57:21.185Z","8LljQTy0McYkfvTeNsvV"
"root","uEJyOd7qgV78D4FwldxY_0322080262__general_secretary","0322080262","uEJyOd7qgV78D4FwldxY"," General Secretary","2026-07-30T19:16:40.710Z","B7bd0vEHU44Q5kYjZpa3"
"root","uEJyOd7qgV78D4FwldxY_0322080262_financial_secretary","0322080262","uEJyOd7qgV78D4FwldxY","Financial Secretary","2026-07-30T19:16:40.547Z","zxRAAXuhDCYIUNHelBW9"
"root","uEJyOd7qgV78D4FwldxY_0322080262_organizing_secretary","0322080262","uEJyOd7qgV78D4FwldxY","Organizing Secretary","2026-07-30T19:16:40.559Z","fpoTiqU2ftyLt48Q4JBb"
"root","uEJyOd7qgV78D4FwldxY_0322080262_president","0322080262","uEJyOd7qgV78D4FwldxY","President","2026-07-30T19:16:40.544Z","kjn8FrcUITfHPIVz8ViB"
"root","uEJyOd7qgV78D4FwldxY_0322080262_public_relations_officer__pro_","0322080262","uEJyOd7qgV78D4FwldxY","Public Relations Officer (PRO)","2026-07-30T19:16:40.548Z","2eAA6Rm1ALvu2OvOLoUv"
"root","uEJyOd7qgV78D4FwldxY_0322080262_wocom","0322080262","uEJyOd7qgV78D4FwldxY","WOCOM","2026-07-30T19:16:40.653Z","8hgHAm3dnnAeOsQTRowU"
"root","uEJyOd7qgV78D4FwldxY_0322080263__general_secretary","0322080263","uEJyOd7qgV78D4FwldxY"," General Secretary","2026-07-30T09:25:22.035Z","HbTgOZVQmBxKZIfDKa9r"
"root","uEJyOd7qgV78D4FwldxY_0322080263_financial_secretary","0322080263","uEJyOd7qgV78D4FwldxY","Financial Secretary","2026-07-30T09:25:21.752Z","lqLMIvdz585RB7YM1q9N"
"root","uEJyOd7qgV78D4FwldxY_0322080263_organizing_secretary","0322080263","uEJyOd7qgV78D4FwldxY","Organizing Secretary","2026-07-30T09:25:21.789Z","gzJHG3CA1WScPIyClV73"
"root","uEJyOd7qgV78D4FwldxY_0322080263_president","0322080263","uEJyOd7qgV78D4FwldxY","President","2026-07-30T09:25:21.821Z","Ex2uRrGeqPgARC7K3bXX"
"root","uEJyOd7qgV78D4FwldxY_0322080263_public_relations_officer__pro_","0322080263","uEJyOd7qgV78D4FwldxY","Public Relations Officer (PRO)","2026-07-30T09:25:21.740Z","qqh9nRO56mSjxgxW97BV"
"root","uEJyOd7qgV78D4FwldxY_0322080263_wocom","0322080263","uEJyOd7qgV78D4FwldxY","WOCOM","2026-07-30T09:25:21.790Z","hWZNTqC1kuvvnW0qR177"
"root","uEJyOd7qgV78D4FwldxY_0322080264_financial_secretary","0322080264","uEJyOd7qgV78D4FwldxY","Financial Secretary","2026-07-30T19:01:24.339Z","fFI2gsgwn4a5JTfBHLIs"
"root","uEJyOd7qgV78D4FwldxY_0322080264_organizing_secretary","0322080264","uEJyOd7qgV78D4FwldxY","Organizing Secretary","2026-07-30T19:01:24.388Z","egPeO7kNCkUQztWSDrMb"
"root","uEJyOd7qgV78D4FwldxY_0322080264_president","0322080264","uEJyOd7qgV78D4FwldxY","President","2026-07-30T19:01:24.396Z","jGxZqFoQlC9Kr3FDSO7G"
"root","uEJyOd7qgV78D4FwldxY_0322080264_public_relations_officer__pro_","0322080264","uEJyOd7qgV78D4FwldxY","Public Relations Officer (PRO)","2026-07-30T19:01:24.396Z","6c8F5hUE2XdegEvgHVd5"
"root","uEJyOd7qgV78D4FwldxY_0322080267__general_secretary","0322080267","uEJyOd7qgV78D4FwldxY"," General Secretary","2026-07-30T19:42:29.562Z","Gvtqq0CJ0NaTdaUWel8r"
"root","uEJyOd7qgV78D4FwldxY_0322080267_financial_secretary","0322080267","uEJyOd7qgV78D4FwldxY","Financial Secretary","2026-07-30T19:42:29.519Z","E12GYDT1jjwPGPawvqwQ"
"root","uEJyOd7qgV78D4FwldxY_0322080267_organizing_secretary","0322080267","uEJyOd7qgV78D4FwldxY","Organizing Secretary","2026-07-30T19:42:30.026Z","yQxqCA98yTP8Os7DaeZG"
"root","uEJyOd7qgV78D4FwldxY_0322080267_president","0322080267","uEJyOd7qgV78D4FwldxY","President","2026-07-30T19:42:29.629Z","cwIDkjYwFkzMtTAbJrcb"
"root","uEJyOd7qgV78D4FwldxY_0322080267_public_relations_officer__pro_","0322080267","uEJyOd7qgV78D4FwldxY","Public Relations Officer (PRO)","2026-07-30T19:42:29.572Z","nIbEC4lFjmGyf9kxkePv"
"root","uEJyOd7qgV78D4FwldxY_0322080267_wocom","0322080267","uEJyOd7qgV78D4FwldxY","WOCOM","2026-07-30T19:42:29.776Z","A1bdZFYs2jak9akGudlm"
"root","uEJyOd7qgV78D4FwldxY_0322080273_financial_secretary","0322080273","uEJyOd7qgV78D4FwldxY","Financial Secretary","2026-07-30T19:18:13.589Z","XFmo2Zw8qVz9WMOXAgsa"
"root","uEJyOd7qgV78D4FwldxY_0322080273_organizing_secretary","0322080273","uEJyOd7qgV78D4FwldxY","Organizing Secretary","2026-07-30T19:18:13.622Z","KPSEwjex63kGxeRe0Vqn"
"root","uEJyOd7qgV78D4FwldxY_0322080273_president","0322080273","uEJyOd7qgV78D4FwldxY","President","2026-07-30T19:18:13.510Z","m2MFdS4uMPm3yhZL82xo"
"root","uEJyOd7qgV78D4FwldxY_0322080273_wocom","0322080273","uEJyOd7qgV78D4FwldxY","WOCOM","2026-07-30T19:18:13.496Z","k4l9DkHwwl1OvrGZg6g8"
"root","uEJyOd7qgV78D4FwldxY_0322080274__general_secretary","0322080274","uEJyOd7qgV78D4FwldxY"," General Secretary","2026-07-30T09:29:38.040Z","iZkQI8r27Qd2pXUNW5UL"
"root","uEJyOd7qgV78D4FwldxY_0322080274_financial_secretary","0322080274","uEJyOd7qgV78D4FwldxY","Financial Secretary","2026-07-30T09:29:38.016Z","TqlixMT8FLgAqeO7Opz2"
"root","uEJyOd7qgV78D4FwldxY_0322080274_organizing_secretary","0322080274","uEJyOd7qgV78D4FwldxY","Organizing Secretary","2026-07-30T09:29:37.975Z","ACo0O5ih5bJM7SeBGouw"
"root","uEJyOd7qgV78D4FwldxY_0322080274_president","0322080274","uEJyOd7qgV78D4FwldxY","President","2026-07-30T09:29:38.012Z","g2sUHzZOQjlj1raE3BSv"
"root","uEJyOd7qgV78D4FwldxY_0322080274_public_relations_officer__pro_","0322080274","uEJyOd7qgV78D4FwldxY","Public Relations Officer (PRO)","2026-07-30T09:29:38.094Z","tjR4y6vQVrvJxqOMfMgY"
"root","uEJyOd7qgV78D4FwldxY_0322080274_wocom","0322080274","uEJyOd7qgV78D4FwldxY","WOCOM","2026-07-30T09:29:37.980Z","baWN7QHoZMK8fsn8w5NE"
"root","uEJyOd7qgV78D4FwldxY_0322080277__general_secretary","0322080277","uEJyOd7qgV78D4FwldxY"," General Secretary","2026-07-30T19:20:35.459Z","s8IWBwiORUFoyMTVSf3e"
"root","uEJyOd7qgV78D4FwldxY_0322080277_financial_secretary","0322080277","uEJyOd7qgV78D4FwldxY","Financial Secretary","2026-07-30T19:20:35.397Z","LgAe9Mc7LIRR6gvyrcZv"
"root","uEJyOd7qgV78D4FwldxY_0322080277_organizing_secretary","0322080277","uEJyOd7qgV78D4FwldxY","Organizing Secretary","2026-07-30T19:20:35.670Z","8yKCmYciG8WTVP0H8Fg2"
"root","uEJyOd7qgV78D4FwldxY_0322080277_president","0322080277","uEJyOd7qgV78D4FwldxY","President","2026-07-30T19:20:35.519Z","v6nbFpGLcpfopgPPceq5"
"root","uEJyOd7qgV78D4FwldxY_0322080277_public_relations_officer__pro_","0322080277","uEJyOd7qgV78D4FwldxY","Public Relations Officer (PRO)","2026-07-30T19:20:35.378Z","PgaO6QfEFyalzbammXMv"
"root","uEJyOd7qgV78D4FwldxY_0322080277_wocom","0322080277","uEJyOd7qgV78D4FwldxY","WOCOM","2026-07-30T19:20:35.518Z","dD4mP0LZ9bpODrmpHv7A"
"root","uEJyOd7qgV78D4FwldxY_0322080281_president","0322080281","uEJyOd7qgV78D4FwldxY","President","2026-07-30T20:13:14.125Z","nnbDVljyR2yTbwcTcUi7"
"root","uEJyOd7qgV78D4FwldxY_0322080301__general_secretary","0322080301","uEJyOd7qgV78D4FwldxY"," General Secretary","2026-07-30T09:06:57.602Z","8aXQYvgqDjCw9SAIXNv2"
"root","uEJyOd7qgV78D4FwldxY_0322080301_financial_secretary","0322080301","uEJyOd7qgV78D4FwldxY","Financial Secretary","2026-07-30T09:06:57.596Z","B2WFEAEN6lCHNizxmxGU"
"root","uEJyOd7qgV78D4FwldxY_0322080301_organizing_secretary","0322080301","uEJyOd7qgV78D4FwldxY","Organizing Secretary","2026-07-30T09:06:57.399Z","lY0BS8y64kHlZar6EUwC"
"root","uEJyOd7qgV78D4FwldxY_0322080301_president","0322080301","uEJyOd7qgV78D4FwldxY","President","2026-07-30T09:06:57.290Z","EgMB7d7dZFftQyWq35zz"
"root","uEJyOd7qgV78D4FwldxY_0322080301_public_relations_officer__pro_","0322080301","uEJyOd7qgV78D4FwldxY","Public Relations Officer (PRO)","2026-07-30T09:06:57.525Z","3AJGs2O4FXSu2EYZBdN7"
"root","uEJyOd7qgV78D4FwldxY_0322080301_wocom","0322080301","uEJyOd7qgV78D4FwldxY","WOCOM","2026-07-30T09:06:57.311Z","KpsHwV2mSaE9Fxm4ZW8d"
"root","uEJyOd7qgV78D4FwldxY_0322080313__general_secretary","0322080313","uEJyOd7qgV78D4FwldxY"," General Secretary","2026-07-30T20:05:18.354Z","TfjUxW47uYwMevVzKKUp"
"root","uEJyOd7qgV78D4FwldxY_0322080313_financial_secretary","0322080313","uEJyOd7qgV78D4FwldxY","Financial Secretary","2026-07-30T20:05:18.496Z","Gc84w73E7wyWZnO0cUPK"
"root","uEJyOd7qgV78D4FwldxY_0322080313_organizing_secretary","0322080313","uEJyOd7qgV78D4FwldxY","Organizing Secretary","2026-07-30T20:05:18.431Z","cz6VqdgloRz2U5lTJTWJ"
"root","uEJyOd7qgV78D4FwldxY_0322080313_president","0322080313","uEJyOd7qgV78D4FwldxY","President","2026-07-30T20:05:18.590Z","1RLYLYjVHJEOLD7elLjX"
"root","uEJyOd7qgV78D4FwldxY_0322080313_public_relations_officer__pro_","0322080313","uEJyOd7qgV78D4FwldxY","Public Relations Officer (PRO)","2026-07-30T20:05:19.127Z","VyAai0A5ubd374ru2px9"
"root","uEJyOd7qgV78D4FwldxY_0322080313_wocom","0322080313","uEJyOd7qgV78D4FwldxY","WOCOM","2026-07-30T20:05:18.874Z","Fed2mF3Lb5Tl7GrOahEV"
"root","uEJyOd7qgV78D4FwldxY_0322080347_financial_secretary","0322080347","uEJyOd7qgV78D4FwldxY","Financial Secretary","2026-07-30T18:33:14.563Z","Cr3Kbab3wUjPqFsDrnLG"
"root","uEJyOd7qgV78D4FwldxY_0322080347_organizing_secretary","0322080347","uEJyOd7qgV78D4FwldxY","Organizing Secretary","2026-07-30T18:33:14.525Z","vesQZyr0nBlxM3xTMNTm"
"root","uEJyOd7qgV78D4FwldxY_0322080347_president","0322080347","uEJyOd7qgV78D4FwldxY","President","2026-07-30T18:33:14.477Z","9XzLQ3rYi0PDtLNU4wcm"
"root","uEJyOd7qgV78D4FwldxY_0322080347_public_relations_officer__pro_","0322080347","uEJyOd7qgV78D4FwldxY","Public Relations Officer (PRO)","2026-07-30T18:33:14.543Z","KpVzIU5TDORNZ7xQfx5F"
"root","uEJyOd7qgV78D4FwldxY_0322080347_wocom","0322080347","uEJyOd7qgV78D4FwldxY","WOCOM","2026-07-30T18:33:14.516Z","22JWy2jj1mzx9S5fpUE6"
"root","uEJyOd7qgV78D4FwldxY_0322080357_president","0322080357","uEJyOd7qgV78D4FwldxY","President","2026-07-30T20:14:31.995Z","EHAbhxmJue5TTsUHALSs"
"root","uEJyOd7qgV78D4FwldxY_0322080358_president","0322080358","uEJyOd7qgV78D4FwldxY","President","2026-07-30T19:52:00.703Z","30y3OXhGN1Ox6TG3llF9"
"root","uEJyOd7qgV78D4FwldxY_0322080365__general_secretary","0322080365","uEJyOd7qgV78D4FwldxY"," General Secretary","2026-07-30T18:23:44.141Z","kC7Ptcg4VvJm6LUHgq3b"
"root","uEJyOd7qgV78D4FwldxY_0322080365_financial_secretary","0322080365","uEJyOd7qgV78D4FwldxY","Financial Secretary","2026-07-30T18:23:44.147Z","xlHI5hJJWQ0Av4cUhQmR"
"root","uEJyOd7qgV78D4FwldxY_0322080365_organizing_secretary","0322080365","uEJyOd7qgV78D4FwldxY","Organizing Secretary","2026-07-30T18:23:44.119Z","9g7Lr1PMhlcay9xWUq7v"
"root","uEJyOd7qgV78D4FwldxY_0322080365_president","0322080365","uEJyOd7qgV78D4FwldxY","President","2026-07-30T18:23:44.079Z","MidYZ96lMBChNFSpqLiA"
"root","uEJyOd7qgV78D4FwldxY_0322080365_public_relations_officer__pro_","0322080365","uEJyOd7qgV78D4FwldxY","Public Relations Officer (PRO)","2026-07-30T18:23:44.209Z","WTO7OGZR4AJJtiERpESw"
"root","uEJyOd7qgV78D4FwldxY_0322080365_wocom","0322080365","uEJyOd7qgV78D4FwldxY","WOCOM","2026-07-30T18:23:44.169Z","BpoQFv3SxCk4qglreADD"
"root","uEJyOd7qgV78D4FwldxY_0322080368__general_secretary","0322080368","uEJyOd7qgV78D4FwldxY"," General Secretary","2026-07-30T20:08:56.939Z","dkonDvl7x88PlXQ23WwQ"
"root","uEJyOd7qgV78D4FwldxY_0322080368_financial_secretary","0322080368","uEJyOd7qgV78D4FwldxY","Financial Secretary","2026-07-30T20:08:56.935Z","vgNh1vxRPZtcSevLQN5T"
"root","uEJyOd7qgV78D4FwldxY_0322080368_organizing_secretary","0322080368","uEJyOd7qgV78D4FwldxY","Organizing Secretary","2026-07-30T20:08:56.996Z","JRnNSBhk0fFniPXEwi4c"
"root","uEJyOd7qgV78D4FwldxY_0322080368_president","0322080368","uEJyOd7qgV78D4FwldxY","President","2026-07-30T20:08:56.903Z","WpKdlpaUelj7nWjFYpms"
"root","uEJyOd7qgV78D4FwldxY_0322080368_public_relations_officer__pro_","0322080368","uEJyOd7qgV78D4FwldxY","Public Relations Officer (PRO)","2026-07-30T20:08:56.885Z","9HTCad4XEau3rvrr5PGn"
"root","uEJyOd7qgV78D4FwldxY_0322080368_wocom","0322080368","uEJyOd7qgV78D4FwldxY","WOCOM","2026-07-30T20:08:56.983Z","fRha1H2as0lnOvQOw1T7"
"root","uEJyOd7qgV78D4FwldxY_0322080373__general_secretary","0322080373","uEJyOd7qgV78D4FwldxY"," General Secretary","2026-07-30T18:29:15.110Z","1ZbqjnSL2frjAXjt2vxY"
"root","uEJyOd7qgV78D4FwldxY_0322080373_financial_secretary","0322080373","uEJyOd7qgV78D4FwldxY","Financial Secretary","2026-07-30T18:29:15.099Z","xpSDOmuLI7PUYxWejdPB"
"root","uEJyOd7qgV78D4FwldxY_0322080373_organizing_secretary","0322080373","uEJyOd7qgV78D4FwldxY","Organizing Secretary","2026-07-30T18:29:15.315Z","XmCZVdsS5HkX0WOQBorr"
"root","uEJyOd7qgV78D4FwldxY_0322080373_president","0322080373","uEJyOd7qgV78D4FwldxY","President","2026-07-30T18:29:15.387Z","FDzK772NnfrfzqQeCYH6"
"root","uEJyOd7qgV78D4FwldxY_0322080373_public_relations_officer__pro_","0322080373","uEJyOd7qgV78D4FwldxY","Public Relations Officer (PRO)","2026-07-30T18:29:15.353Z","tXc7fjwzGkdwUO9emmNR"
"root","uEJyOd7qgV78D4FwldxY_0322080373_wocom","0322080373","uEJyOd7qgV78D4FwldxY","WOCOM","2026-07-30T18:29:15.082Z","2s5jTiDhuW1CcC94pFR0"
"root","uEJyOd7qgV78D4FwldxY_0322080374__general_secretary","0322080374","uEJyOd7qgV78D4FwldxY"," General Secretary","2026-07-30T20:20:21.128Z","1d4wjKfGEjqxh1lr0Mqo"
"root","uEJyOd7qgV78D4FwldxY_0322080374_financial_secretary","0322080374","uEJyOd7qgV78D4FwldxY","Financial Secretary","2026-07-30T20:20:21.084Z","oj5KcwDsGBtDPdvPEc3F"
"root","uEJyOd7qgV78D4FwldxY_0322080374_organizing_secretary","0322080374","uEJyOd7qgV78D4FwldxY","Organizing Secretary","2026-07-30T20:20:21.129Z","beDIE7qoOlCPcYkYUhGl"
"root","uEJyOd7qgV78D4FwldxY_0322080374_president","0322080374","uEJyOd7qgV78D4FwldxY","President","2026-07-30T20:20:21.150Z","yLvw1BE8SfhD694aJDlT"
"root","uEJyOd7qgV78D4FwldxY_0322080374_public_relations_officer__pro_","0322080374","uEJyOd7qgV78D4FwldxY","Public Relations Officer (PRO)","2026-07-30T20:20:20.973Z","H2MNBjc8k2B5VODZMhXW"
"root","uEJyOd7qgV78D4FwldxY_0322080374_wocom","0322080374","uEJyOd7qgV78D4FwldxY","WOCOM","2026-07-30T20:20:21.136Z","OQf6R6fCRtih2TYltL8b"
"root","uEJyOd7qgV78D4FwldxY_0322080395_president","0322080395","uEJyOd7qgV78D4FwldxY","President","2026-07-30T19:50:53.965Z","rhjoo6MxJtjtrLGpj7Do"
"root","uEJyOd7qgV78D4FwldxY_0322080406__general_secretary","0322080406","uEJyOd7qgV78D4FwldxY"," General Secretary","2026-07-30T19:27:01.903Z","yHJlsuLWfWfP8WR2C3I6"
"root","uEJyOd7qgV78D4FwldxY_0322080406_financial_secretary","0322080406","uEJyOd7qgV78D4FwldxY","Financial Secretary","2026-07-30T19:27:01.924Z","UnajHchJwbezbxPsjcvH"
"root","uEJyOd7qgV78D4FwldxY_0322080406_organizing_secretary","0322080406","uEJyOd7qgV78D4FwldxY","Organizing Secretary","2026-07-30T19:27:02.008Z","2AkHR7qE4k3sydnMX6km"
"root","uEJyOd7qgV78D4FwldxY_0322080406_president","0322080406","uEJyOd7qgV78D4FwldxY","President","2026-07-30T19:27:01.836Z","Smc0DnT5e3pSFcV6iCcT"
"root","uEJyOd7qgV78D4FwldxY_0322080406_public_relations_officer__pro_","0322080406","uEJyOd7qgV78D4FwldxY","Public Relations Officer (PRO)","2026-07-30T19:27:01.942Z","nWnpJgL45h9fyX4iZfc0"
"root","uEJyOd7qgV78D4FwldxY_0322080406_wocom","0322080406","uEJyOd7qgV78D4FwldxY","WOCOM","2026-07-30T19:27:01.849Z","jt4ppBbWsUDxjQ4dQnwn"
"root","uEJyOd7qgV78D4FwldxY_0322080407__general_secretary","0322080407","uEJyOd7qgV78D4FwldxY"," General Secretary","2026-07-30T19:43:53.693Z","knZHzkOWSkwqofvMAuQh"
"root","uEJyOd7qgV78D4FwldxY_0322080407_financial_secretary","0322080407","uEJyOd7qgV78D4FwldxY","Financial Secretary","2026-07-30T19:43:53.746Z","hT0BrxuTBKzxno39xepT"
"root","uEJyOd7qgV78D4FwldxY_0322080407_organizing_secretary","0322080407","uEJyOd7qgV78D4FwldxY","Organizing Secretary","2026-07-30T19:43:53.853Z","0vKwmIRDw5yeRzKgXfkS"
"root","uEJyOd7qgV78D4FwldxY_0322080407_president","0322080407","uEJyOd7qgV78D4FwldxY","President","2026-07-30T19:43:53.936Z","nf6ELglO7Rh6dYddL4bb"
"root","uEJyOd7qgV78D4FwldxY_0322080407_wocom","0322080407","uEJyOd7qgV78D4FwldxY","WOCOM","2026-07-30T19:43:54.023Z","b7dSSdRiKDcdg8EST8x2"
"root","uEJyOd7qgV78D4FwldxY_0322080408_president","0322080408","uEJyOd7qgV78D4FwldxY","President","2026-07-30T20:10:34.252Z","lgYcIfKypqCc0ybQOUVI"
"root","uEJyOd7qgV78D4FwldxY_0322080436_president","0322080436","uEJyOd7qgV78D4FwldxY","President","2026-07-30T20:18:40.887Z","VMXehZPxhH0ilbOKmkSt"
"root","uEJyOd7qgV78D4FwldxY_0322080442__general_secretary","0322080442","uEJyOd7qgV78D4FwldxY"," General Secretary","2026-07-30T20:02:55.289Z","Xx5Lh2Cx6jh6mEhHlhlo"
"root","uEJyOd7qgV78D4FwldxY_0322080442_financial_secretary","0322080442","uEJyOd7qgV78D4FwldxY","Financial Secretary","2026-07-30T20:02:53.621Z","pQrVyGMo68FKAI8a6Ugp"
"root","uEJyOd7qgV78D4FwldxY_0322080442_organizing_secretary","0322080442","uEJyOd7qgV78D4FwldxY","Organizing Secretary","2026-07-30T20:02:53.479Z","n1OfBiOiZNnsFs0ypz4L"
"root","uEJyOd7qgV78D4FwldxY_0322080442_president","0322080442","uEJyOd7qgV78D4FwldxY","President","2026-07-30T20:02:53.446Z","CIIc0QGwL92u5rKxd4Q4"
"root","uEJyOd7qgV78D4FwldxY_0322080442_public_relations_officer__pro_","0322080442","uEJyOd7qgV78D4FwldxY","Public Relations Officer (PRO)","2026-07-30T20:02:53.614Z","I6oZbtSgqWhVwgCyi5Tb"
"root","uEJyOd7qgV78D4FwldxY_0322080442_wocom","0322080442","uEJyOd7qgV78D4FwldxY","WOCOM","2026-07-30T20:02:53.564Z","WZkdjR9nRLV2s9aYJmKZ"
"root","uEJyOd7qgV78D4FwldxY_0322080453__general_secretary","0322080453","uEJyOd7qgV78D4FwldxY"," General Secretary","2026-07-30T19:33:35.893Z","sryvSEfvIdn64NnBnTNT"
"root","uEJyOd7qgV78D4FwldxY_0322080453_financial_secretary","0322080453","uEJyOd7qgV78D4FwldxY","Financial Secretary","2026-07-30T19:33:35.869Z","Z8gDX5iRJNxDRVhuaWnJ"
"root","uEJyOd7qgV78D4FwldxY_0322080453_organizing_secretary","0322080453","uEJyOd7qgV78D4FwldxY","Organizing Secretary","2026-07-30T19:33:35.910Z","SmdAydA7IFYYtSMWItKe"
"root","uEJyOd7qgV78D4FwldxY_0322080453_president","0322080453","uEJyOd7qgV78D4FwldxY","President","2026-07-30T19:33:35.858Z","nuyF1KPKKutXv0JgtpMO"
"root","uEJyOd7qgV78D4FwldxY_0322080453_public_relations_officer__pro_","0322080453","uEJyOd7qgV78D4FwldxY","Public Relations Officer (PRO)","2026-07-30T19:33:36.019Z","t5ooJT00HKP2dgzaBsPU"
"root","uEJyOd7qgV78D4FwldxY_0322080453_wocom","0322080453","uEJyOd7qgV78D4FwldxY","WOCOM","2026-07-30T19:33:36.177Z","tD5rpm6kNAjpaytxwnyK"
"root","uEJyOd7qgV78D4FwldxY_0322080467_president","0322080467","uEJyOd7qgV78D4FwldxY","President","2026-07-30T20:11:53.378Z","cKQ9hX7AJZdzOVZpWlUn"
"root","uEJyOd7qgV78D4FwldxY_0322080473_president","0322080473","uEJyOd7qgV78D4FwldxY","President","2026-07-30T19:57:22.536Z","SAKbSai7Qn0KofxLMAa5"
"root","uEJyOd7qgV78D4FwldxY_0322080481__general_secretary","0322080481","uEJyOd7qgV78D4FwldxY"," General Secretary","2026-07-30T19:25:40.811Z","WzUNsFfTymEED6ZIu5pL"
"root","uEJyOd7qgV78D4FwldxY_0322080481_financial_secretary","0322080481","uEJyOd7qgV78D4FwldxY","Financial Secretary","2026-07-30T19:25:40.781Z","7IB86GBktha8wiwFX6rR"
"root","uEJyOd7qgV78D4FwldxY_0322080481_organizing_secretary","0322080481","uEJyOd7qgV78D4FwldxY","Organizing Secretary","2026-07-30T19:25:40.962Z","F4EywsJqoRSeFudNcsCK"
"root","uEJyOd7qgV78D4FwldxY_0322080481_president","0322080481","uEJyOd7qgV78D4FwldxY","President","2026-07-30T19:25:40.737Z","8fdwjFG7hK68DsrntYSO"
"root","uEJyOd7qgV78D4FwldxY_0322080481_public_relations_officer__pro_","0322080481","uEJyOd7qgV78D4FwldxY","Public Relations Officer (PRO)","2026-07-30T19:25:40.784Z","05jYpUF99aVUw3gacLWC"
"root","uEJyOd7qgV78D4FwldxY_0322080481_wocom","0322080481","uEJyOd7qgV78D4FwldxY","WOCOM","2026-07-30T19:25:40.829Z","bQY2f86wXSsyZlwY1nXa"
"root","uEJyOd7qgV78D4FwldxY_0322080496__general_secretary","0322080496","uEJyOd7qgV78D4FwldxY"," General Secretary","2026-07-30T19:17:29.903Z","ZR63vcQADUY78C8brxQC"
"root","uEJyOd7qgV78D4FwldxY_0322080496_financial_secretary","0322080496","uEJyOd7qgV78D4FwldxY","Financial Secretary","2026-07-30T19:17:30.159Z","7iaPKi5hVmTt9Fr9bdOc"
"root","uEJyOd7qgV78D4FwldxY_0322080496_organizing_secretary","0322080496","uEJyOd7qgV78D4FwldxY","Organizing Secretary","2026-07-30T19:17:29.860Z","SSBybvhPH8UhLkOCcYfx"
"root","uEJyOd7qgV78D4FwldxY_0322080496_president","0322080496","uEJyOd7qgV78D4FwldxY","President","2026-07-30T19:17:29.963Z","7px34nmWse51GraIJPeA"
"root","uEJyOd7qgV78D4FwldxY_0322080496_public_relations_officer__pro_","0322080496","uEJyOd7qgV78D4FwldxY","Public Relations Officer (PRO)","2026-07-30T19:17:30.015Z","w9Ti3x6Y0su3NChfEiIV"
"root","uEJyOd7qgV78D4FwldxY_0322080496_wocom","0322080496","uEJyOd7qgV78D4FwldxY","WOCOM","2026-07-30T19:17:30.134Z","4FFMBAIXzY88OnrRmQHD"
"root","uEJyOd7qgV78D4FwldxY_0323080001__general_secretary","0323080001","uEJyOd7qgV78D4FwldxY"," General Secretary","2026-07-30T20:28:58.503Z","hxYdZEyaUSAlYr8A799Y"
"root","uEJyOd7qgV78D4FwldxY_0323080001_financial_secretary","0323080001","uEJyOd7qgV78D4FwldxY","Financial Secretary","2026-07-30T20:28:58.490Z","z2ICix2OoXq0xwaTYjwU"
"root","uEJyOd7qgV78D4FwldxY_0323080001_organizing_secretary","0323080001","uEJyOd7qgV78D4FwldxY","Organizing Secretary","2026-07-30T20:28:58.340Z","jS0E5bnFsJN6L9gw6hRU"
"root","uEJyOd7qgV78D4FwldxY_0323080001_president","0323080001","uEJyOd7qgV78D4FwldxY","President","2026-07-30T20:28:58.497Z","l5vBeGsjnBVqXPAFWaGx"
"root","uEJyOd7qgV78D4FwldxY_0323080001_wocom","0323080001","uEJyOd7qgV78D4FwldxY","WOCOM","2026-07-30T20:28:58.342Z","DXCOKD1oYxmAbzFUZxSE"
"root","uEJyOd7qgV78D4FwldxY_0323080005__general_secretary","0323080005","uEJyOd7qgV78D4FwldxY"," General Secretary","2026-07-30T20:25:59.155Z","9zSrrnB3M1BYLYEXCeLR"
"root","uEJyOd7qgV78D4FwldxY_0323080005_financial_secretary","0323080005","uEJyOd7qgV78D4FwldxY","Financial Secretary","2026-07-30T20:25:59.186Z","73sSCSqYqyRRSBfh70jI"
"root","uEJyOd7qgV78D4FwldxY_0323080005_organizing_secretary","0323080005","uEJyOd7qgV78D4FwldxY","Organizing Secretary","2026-07-30T20:25:59.234Z","9WvXMylGFhESYEoh9Nfr"
"root","uEJyOd7qgV78D4FwldxY_0323080005_president","0323080005","uEJyOd7qgV78D4FwldxY","President","2026-07-30T20:25:59.149Z","ITc6nKFDoSRfbsShLhL8"
"root","uEJyOd7qgV78D4FwldxY_0323080005_public_relations_officer__pro_","0323080005","uEJyOd7qgV78D4FwldxY","Public Relations Officer (PRO)","2026-07-30T20:25:59.224Z","2o3omvgstb54ziHkOYRg"
"root","uEJyOd7qgV78D4FwldxY_0323080005_wocom","0323080005","uEJyOd7qgV78D4FwldxY","WOCOM","2026-07-30T20:25:59.120Z","Y3YVyfMixS8rs53MKhv2"
"root","uEJyOd7qgV78D4FwldxY_0323080006__general_secretary","0323080006","uEJyOd7qgV78D4FwldxY"," General Secretary","2026-07-30T11:32:42.326Z","PGMMajx6Xt7gcJrqQeof"
"root","uEJyOd7qgV78D4FwldxY_0323080006_financial_secretary","0323080006","uEJyOd7qgV78D4FwldxY","Financial Secretary","2026-07-30T11:32:42.247Z","qJPD8sDuePAKNtJPOAeN"
"root","uEJyOd7qgV78D4FwldxY_0323080006_organizing_secretary","0323080006","uEJyOd7qgV78D4FwldxY","Organizing Secretary","2026-07-30T11:32:42.291Z","GmwDnILuxUoOYxsNLWqu"
"root","uEJyOd7qgV78D4FwldxY_0323080006_president","0323080006","uEJyOd7qgV78D4FwldxY","President","2026-07-30T11:32:42.211Z","30QccfhO8siVwqqb1FWR"
"root","uEJyOd7qgV78D4FwldxY_0323080006_wocom","0323080006","uEJyOd7qgV78D4FwldxY","WOCOM","2026-07-30T11:32:42.166Z","EXY4XduSlw0KskgGwR9u"
"root","uEJyOd7qgV78D4FwldxY_0323080009__general_secretary","0323080009","uEJyOd7qgV78D4FwldxY"," General Secretary","2026-07-30T18:11:12.209Z","XeLGWE4YHqfP6i9XTSJw"
"root","uEJyOd7qgV78D4FwldxY_0323080009_financial_secretary","0323080009","uEJyOd7qgV78D4FwldxY","Financial Secretary","2026-07-30T18:11:12.123Z","6GV4XUM9hzS2BnnwaJ4L"
"root","uEJyOd7qgV78D4FwldxY_0323080009_organizing_secretary","0323080009","uEJyOd7qgV78D4FwldxY","Organizing Secretary","2026-07-30T18:11:12.126Z","EqyEexO1V5Ks681zX3dt"
"root","uEJyOd7qgV78D4FwldxY_0323080009_president","0323080009","uEJyOd7qgV78D4FwldxY","President","2026-07-30T18:11:12.130Z","505EQIDt1DEHgIpPnKGC"
"root","uEJyOd7qgV78D4FwldxY_0323080009_wocom","0323080009","uEJyOd7qgV78D4FwldxY","WOCOM","2026-07-30T18:11:12.235Z","kwHWCcI7ePXLZcFMj4fd"
"root","uEJyOd7qgV78D4FwldxY_0323080020__general_secretary","0323080020","uEJyOd7qgV78D4FwldxY"," General Secretary","2026-07-30T21:28:27.274Z","wy7ZEzYD0644ayN0FYiy"
"root","uEJyOd7qgV78D4FwldxY_0323080020_financial_secretary","0323080020","uEJyOd7qgV78D4FwldxY","Financial Secretary","2026-07-30T21:28:27.124Z","mR7W2Ao4X3SqAPggensF"
"root","uEJyOd7qgV78D4FwldxY_0323080020_president","0323080020","uEJyOd7qgV78D4FwldxY","President","2026-07-30T21:28:27.247Z","LMxcOlXE7l87MXppsg1N"
"root","uEJyOd7qgV78D4FwldxY_0323080028__general_secretary","0323080028","uEJyOd7qgV78D4FwldxY"," General Secretary","2026-07-30T09:21:27.191Z","iuymmldA2yVVWUV07K0U"
"root","uEJyOd7qgV78D4FwldxY_0323080028_financial_secretary","0323080028","uEJyOd7qgV78D4FwldxY","Financial Secretary","2026-07-30T09:21:27.098Z","CBsWXc2lOsLNomj4EURn"
"root","uEJyOd7qgV78D4FwldxY_0323080028_organizing_secretary","0323080028","uEJyOd7qgV78D4FwldxY","Organizing Secretary","2026-07-30T09:21:27.192Z","WmQdRmCTIgVk26RtLzf8"
"root","uEJyOd7qgV78D4FwldxY_0323080028_president","0323080028","uEJyOd7qgV78D4FwldxY","President","2026-07-30T09:21:27.042Z","2ffXbch5AYdw431yagGL"
"root","uEJyOd7qgV78D4FwldxY_0323080028_public_relations_officer__pro_","0323080028","uEJyOd7qgV78D4FwldxY","Public Relations Officer (PRO)","2026-07-30T09:21:26.993Z","5whYpgkMyUcUkVpdxkpq"
"root","uEJyOd7qgV78D4FwldxY_0323080028_wocom","0323080028","uEJyOd7qgV78D4FwldxY","WOCOM","2026-07-30T09:21:27.171Z","YrAHPtgjIkDojgqn68IG"
"root","uEJyOd7qgV78D4FwldxY_0323080031__general_secretary","0323080031","uEJyOd7qgV78D4FwldxY"," General Secretary","2026-07-30T09:08:41.094Z","EFFJsyIbIe6enMhB2zhU"
"root","uEJyOd7qgV78D4FwldxY_0323080031_financial_secretary","0323080031","uEJyOd7qgV78D4FwldxY","Financial Secretary","2026-07-30T09:08:41.052Z","GEkInagVeXX6DctOcJ12"
"root","uEJyOd7qgV78D4FwldxY_0323080031_organizing_secretary","0323080031","uEJyOd7qgV78D4FwldxY","Organizing Secretary","2026-07-30T09:08:41.398Z","FaagQUokfwMLxG8cXbja"
"root","uEJyOd7qgV78D4FwldxY_0323080031_president","0323080031","uEJyOd7qgV78D4FwldxY","President","2026-07-30T09:08:41.053Z","pfKgrrMtranm7W3TB2XU"
"root","uEJyOd7qgV78D4FwldxY_0323080031_public_relations_officer__pro_","0323080031","uEJyOd7qgV78D4FwldxY","Public Relations Officer (PRO)","2026-07-30T09:08:41.044Z","FvQYfbi7UvZMQuTaDbiC"
"root","uEJyOd7qgV78D4FwldxY_0323080031_wocom","0323080031","uEJyOd7qgV78D4FwldxY","WOCOM","2026-07-30T09:08:41.066Z","D9FZH9CPeQqYvYPim5x3"
"root","uEJyOd7qgV78D4FwldxY_0323080049__general_secretary","0323080049","uEJyOd7qgV78D4FwldxY"," General Secretary","2026-07-30T09:18:57.699Z","Q5zy94j9As4r44ICqVAE"
"root","uEJyOd7qgV78D4FwldxY_0323080049_financial_secretary","0323080049","uEJyOd7qgV78D4FwldxY","Financial Secretary","2026-07-30T09:18:57.685Z","fWv9oAVNpnYlBjRgnugD"
"root","uEJyOd7qgV78D4FwldxY_0323080049_organizing_secretary","0323080049","uEJyOd7qgV78D4FwldxY","Organizing Secretary","2026-07-30T09:18:57.674Z","VMSK7TXGtaBXA9tUs3tp"
"root","uEJyOd7qgV78D4FwldxY_0323080049_president","0323080049","uEJyOd7qgV78D4FwldxY","President","2026-07-30T09:18:57.680Z","H7OTjI0vBWUQqKrtA94S"
"root","uEJyOd7qgV78D4FwldxY_0323080049_public_relations_officer__pro_","0323080049","uEJyOd7qgV78D4FwldxY","Public Relations Officer (PRO)","2026-07-30T09:18:57.953Z","pdeNCL2YJW7KbMkkcHuM"
"root","uEJyOd7qgV78D4FwldxY_0323080049_wocom","0323080049","uEJyOd7qgV78D4FwldxY","WOCOM","2026-07-30T09:18:57.689Z","7RLICACnFhHmNSL8cgbg"
"root","uEJyOd7qgV78D4FwldxY_0323080062__general_secretary","0323080062","uEJyOd7qgV78D4FwldxY"," General Secretary","2026-07-30T17:46:23.771Z","VjDe9GJWgFDlMkdlLFxw"
"root","uEJyOd7qgV78D4FwldxY_0323080062_financial_secretary","0323080062","uEJyOd7qgV78D4FwldxY","Financial Secretary","2026-07-30T17:46:23.749Z","moucHhYXz0TtANM4Rott"
"root","uEJyOd7qgV78D4FwldxY_0323080062_organizing_secretary","0323080062","uEJyOd7qgV78D4FwldxY","Organizing Secretary","2026-07-30T17:46:23.524Z","p4cAQ5un9ZHFnjlmyqfY"
"root","uEJyOd7qgV78D4FwldxY_0323080062_president","0323080062","uEJyOd7qgV78D4FwldxY","President","2026-07-30T17:46:23.631Z","plvZjbQRYqDf6ux4Ambp"
"root","uEJyOd7qgV78D4FwldxY_0323080062_public_relations_officer__pro_","0323080062","uEJyOd7qgV78D4FwldxY","Public Relations Officer (PRO)","2026-07-30T17:46:23.528Z","z6pPeBQNxjOgAtaVtUbG"
"root","uEJyOd7qgV78D4FwldxY_0323080062_wocom","0323080062","uEJyOd7qgV78D4FwldxY","WOCOM","2026-07-30T17:46:23.584Z","tknFposwdzbsi36sVjIn"
"root","uEJyOd7qgV78D4FwldxY_0323080064__general_secretary","0323080064","uEJyOd7qgV78D4FwldxY"," General Secretary","2026-07-30T19:57:18.482Z","yltXgtymj8tqIqVmFA2y"
"root","uEJyOd7qgV78D4FwldxY_0323080064_financial_secretary","0323080064","uEJyOd7qgV78D4FwldxY","Financial Secretary","2026-07-30T19:57:18.420Z","GHI4v2nOgEPmegD2mbb9"
"root","uEJyOd7qgV78D4FwldxY_0323080064_organizing_secretary","0323080064","uEJyOd7qgV78D4FwldxY","Organizing Secretary","2026-07-30T19:57:18.444Z","r3VPfhI8TVQyrTMfZ2p1"
"root","uEJyOd7qgV78D4FwldxY_0323080064_president","0323080064","uEJyOd7qgV78D4FwldxY","President","2026-07-30T19:57:18.462Z","lZG6RvECwMqPuMHSLGJc"
"root","uEJyOd7qgV78D4FwldxY_0323080064_public_relations_officer__pro_","0323080064","uEJyOd7qgV78D4FwldxY","Public Relations Officer (PRO)","2026-07-30T19:57:18.461Z","ZLPUZhZER0oMToIGjezD"
"root","uEJyOd7qgV78D4FwldxY_0323080064_wocom","0323080064","uEJyOd7qgV78D4FwldxY","WOCOM","2026-07-30T19:57:18.433Z","obOzf21SXYjb6BFpbTeb"
"root","uEJyOd7qgV78D4FwldxY_0323080068_president","0323080068","uEJyOd7qgV78D4FwldxY","President","2026-07-30T18:23:34.751Z","rPDGzMmkl5kRBfyRYdOj"
"root","uEJyOd7qgV78D4FwldxY_0323080072__general_secretary","0323080072","uEJyOd7qgV78D4FwldxY"," General Secretary","2026-07-30T11:03:31.290Z","uOJWNkRfsXu4Xv4xQKMq"
"root","uEJyOd7qgV78D4FwldxY_0323080072_financial_secretary","0323080072","uEJyOd7qgV78D4FwldxY","Financial Secretary","2026-07-30T11:03:31.250Z","6QvkvhIzVzbUYaeYUH6o"
"root","uEJyOd7qgV78D4FwldxY_0323080072_organizing_secretary","0323080072","uEJyOd7qgV78D4FwldxY","Organizing Secretary","2026-07-30T11:03:31.304Z","QSVq8eQv0MyoR6IVPbVZ"
"root","uEJyOd7qgV78D4FwldxY_0323080072_president","0323080072","uEJyOd7qgV78D4FwldxY","President","2026-07-30T11:03:30.728Z","h0lxBFOqpe12q5OjojKZ"
"root","uEJyOd7qgV78D4FwldxY_0323080072_public_relations_officer__pro_","0323080072","uEJyOd7qgV78D4FwldxY","Public Relations Officer (PRO)","2026-07-30T11:03:29.949Z","vi2AbyfINxkNUnGRLWAg"
"root","uEJyOd7qgV78D4FwldxY_0323080072_wocom","0323080072","uEJyOd7qgV78D4FwldxY","WOCOM","2026-07-30T11:03:31.213Z","509kyRRqdSteEWhLPKUu"
"root","uEJyOd7qgV78D4FwldxY_0323080083__general_secretary","0323080083","uEJyOd7qgV78D4FwldxY"," General Secretary","2026-07-30T17:55:21.419Z","Brem8GgMKDYPhdjXL75W"
"root","uEJyOd7qgV78D4FwldxY_0323080083_financial_secretary","0323080083","uEJyOd7qgV78D4FwldxY","Financial Secretary","2026-07-30T17:55:21.501Z","oSW9YKZIExhRu1dRD7lb"
"root","uEJyOd7qgV78D4FwldxY_0323080083_organizing_secretary","0323080083","uEJyOd7qgV78D4FwldxY","Organizing Secretary","2026-07-30T17:55:21.336Z","G0UXplKIfpPvfeDF6QvH"
"root","uEJyOd7qgV78D4FwldxY_0323080083_president","0323080083","uEJyOd7qgV78D4FwldxY","President","2026-07-30T17:55:21.456Z","yjvaoGgqDOYywdJI1ANR"
"root","uEJyOd7qgV78D4FwldxY_0323080083_public_relations_officer__pro_","0323080083","uEJyOd7qgV78D4FwldxY","Public Relations Officer (PRO)","2026-07-30T17:55:21.403Z","nsvlL2D9BRS0trNOv3nQ"
"root","uEJyOd7qgV78D4FwldxY_0323080083_wocom","0323080083","uEJyOd7qgV78D4FwldxY","WOCOM","2026-07-30T17:55:21.432Z","savtjntSFuoXxfbjX2Ra"
"root","uEJyOd7qgV78D4FwldxY_0323080087__general_secretary","0323080087","uEJyOd7qgV78D4FwldxY"," General Secretary","2026-07-30T11:16:15.977Z","n1TXnLGFjBt18yqPjHgm"
"root","uEJyOd7qgV78D4FwldxY_0323080087_financial_secretary","0323080087","uEJyOd7qgV78D4FwldxY","Financial Secretary","2026-07-30T11:16:15.938Z","yQ9TNU5P3ucxsj8s2bzm"
"root","uEJyOd7qgV78D4FwldxY_0323080087_organizing_secretary","0323080087","uEJyOd7qgV78D4FwldxY","Organizing Secretary","2026-07-30T11:16:15.922Z","aTSW8PQdQylHkFcbYE18"
"root","uEJyOd7qgV78D4FwldxY_0323080087_president","0323080087","uEJyOd7qgV78D4FwldxY","President","2026-07-30T11:16:15.953Z","9alz3zAw0QdGabSGjcWV"
"root","uEJyOd7qgV78D4FwldxY_0323080087_wocom","0323080087","uEJyOd7qgV78D4FwldxY","WOCOM","2026-07-30T11:16:15.857Z","z7j5fE8tjnzUpn4OvGzt"
"root","uEJyOd7qgV78D4FwldxY_0323080091__general_secretary","0323080091","uEJyOd7qgV78D4FwldxY"," General Secretary","2026-07-30T11:05:20.987Z","TjybJIb65SfTuyK4vJ7R"
"root","uEJyOd7qgV78D4FwldxY_0323080091_financial_secretary","0323080091","uEJyOd7qgV78D4FwldxY","Financial Secretary","2026-07-30T11:05:20.860Z","bpwG8zId1hqtEyQhjJOm"
"root","uEJyOd7qgV78D4FwldxY_0323080091_organizing_secretary","0323080091","uEJyOd7qgV78D4FwldxY","Organizing Secretary","2026-07-30T11:05:20.942Z","xuULoWVbHxt3vPwb2Pms"
"root","uEJyOd7qgV78D4FwldxY_0323080091_president","0323080091","uEJyOd7qgV78D4FwldxY","President","2026-07-30T11:05:21.005Z","VK4Gy033KODUwCxU4uD6"
"root","uEJyOd7qgV78D4FwldxY_0323080091_public_relations_officer__pro_","0323080091","uEJyOd7qgV78D4FwldxY","Public Relations Officer (PRO)","2026-07-30T11:05:20.814Z","wlA7ol6yhfu0QLj0VYLd"
"root","uEJyOd7qgV78D4FwldxY_0323080091_wocom","0323080091","uEJyOd7qgV78D4FwldxY","WOCOM","2026-07-30T11:05:20.991Z","Hpn71itS5ATYS6Dx0B7L"
"root","uEJyOd7qgV78D4FwldxY_0323080100__general_secretary","0323080100","uEJyOd7qgV78D4FwldxY"," General Secretary","2026-07-30T17:53:32.043Z","tmFvHmN5Pkh961cQw928"
"root","uEJyOd7qgV78D4FwldxY_0323080100_financial_secretary","0323080100","uEJyOd7qgV78D4FwldxY","Financial Secretary","2026-07-30T17:53:32.154Z","punGc3qvjyOiH9TXizaQ"
"root","uEJyOd7qgV78D4FwldxY_0323080100_organizing_secretary","0323080100","uEJyOd7qgV78D4FwldxY","Organizing Secretary","2026-07-30T17:53:32.152Z","BeWXjyOoUh2qrdnsK4Tf"
"root","uEJyOd7qgV78D4FwldxY_0323080100_president","0323080100","uEJyOd7qgV78D4FwldxY","President","2026-07-30T17:53:31.939Z","EpNff2ESEtUtOdBsu731"
"root","uEJyOd7qgV78D4FwldxY_0323080100_public_relations_officer__pro_","0323080100","uEJyOd7qgV78D4FwldxY","Public Relations Officer (PRO)","2026-07-30T17:53:32.083Z","NB91lSCLdlGQtA0CfbK1"
"root","uEJyOd7qgV78D4FwldxY_0323080100_wocom","0323080100","uEJyOd7qgV78D4FwldxY","WOCOM","2026-07-30T17:53:31.954Z","LxwoyJRQKbezyOGZY98s"
"root","uEJyOd7qgV78D4FwldxY_0323080109__general_secretary","0323080109","uEJyOd7qgV78D4FwldxY"," General Secretary","2026-07-30T21:24:08.066Z","nSTEkcE7EWCvi6ATWQtm"
"root","uEJyOd7qgV78D4FwldxY_0323080109_financial_secretary","0323080109","uEJyOd7qgV78D4FwldxY","Financial Secretary","2026-07-30T21:24:07.555Z","hIGd1iOivUNfKc9hYe6G"
"root","uEJyOd7qgV78D4FwldxY_0323080109_organizing_secretary","0323080109","uEJyOd7qgV78D4FwldxY","Organizing Secretary","2026-07-30T21:24:07.514Z","6dpurCmoPLXCHwiCPqTH"
"root","uEJyOd7qgV78D4FwldxY_0323080109_president","0323080109","uEJyOd7qgV78D4FwldxY","President","2026-07-30T21:24:07.352Z","YhNAcICS1yEjlkmkRhmK"
"root","uEJyOd7qgV78D4FwldxY_0323080109_public_relations_officer__pro_","0323080109","uEJyOd7qgV78D4FwldxY","Public Relations Officer (PRO)","2026-07-30T21:24:07.455Z","Tgxu5DHPsLD3IIvUK4kG"
"root","uEJyOd7qgV78D4FwldxY_0323080109_wocom","0323080109","uEJyOd7qgV78D4FwldxY","WOCOM","2026-07-30T21:24:07.543Z","FvwJ3w2FiZxiJRwWCkqf"
"root","uEJyOd7qgV78D4FwldxY_0323080120_president","0323080120","uEJyOd7qgV78D4FwldxY","President","2026-07-30T18:27:43.924Z","7PMSE8Grj8OWNG20ee8o"
"root","uEJyOd7qgV78D4FwldxY_0323080123__general_secretary","0323080123","uEJyOd7qgV78D4FwldxY"," General Secretary","2026-07-30T11:37:23.122Z","NkuhD6V9aPsHhaykkP69"
"root","uEJyOd7qgV78D4FwldxY_0323080123_financial_secretary","0323080123","uEJyOd7qgV78D4FwldxY","Financial Secretary","2026-07-30T11:37:23.175Z","SBzloco6rCuKYvVYXXPG"
"root","uEJyOd7qgV78D4FwldxY_0323080123_organizing_secretary","0323080123","uEJyOd7qgV78D4FwldxY","Organizing Secretary","2026-07-30T11:37:23.322Z","H3EwBD5Pxw6d124i8VTD"
"root","uEJyOd7qgV78D4FwldxY_0323080123_president","0323080123","uEJyOd7qgV78D4FwldxY","President","2026-07-30T11:37:23.303Z","UTMgSi0Ou1rna9J5s91q"
"root","uEJyOd7qgV78D4FwldxY_0323080123_public_relations_officer__pro_","0323080123","uEJyOd7qgV78D4FwldxY","Public Relations Officer (PRO)","2026-07-30T11:37:23.137Z","u5V2adL0sgP8llUxXeYC"
"root","uEJyOd7qgV78D4FwldxY_0323080123_wocom","0323080123","uEJyOd7qgV78D4FwldxY","WOCOM","2026-07-30T11:37:23.203Z","iauXu1h19apn88exQZSv"
"root","uEJyOd7qgV78D4FwldxY_0323080125__general_secretary","0323080125","uEJyOd7qgV78D4FwldxY"," General Secretary","2026-07-30T20:27:33.023Z","EiG2TUEn5mdBmYFDHlNc"
"root","uEJyOd7qgV78D4FwldxY_0323080125_financial_secretary","0323080125","uEJyOd7qgV78D4FwldxY","Financial Secretary","2026-07-30T20:27:33.129Z","UnFAcVUNYXNHBXD3HhLi"
"root","uEJyOd7qgV78D4FwldxY_0323080125_organizing_secretary","0323080125","uEJyOd7qgV78D4FwldxY","Organizing Secretary","2026-07-30T20:27:33.102Z","VjuOvYho1uoY7cId2Qnt"
"root","uEJyOd7qgV78D4FwldxY_0323080125_president","0323080125","uEJyOd7qgV78D4FwldxY","President","2026-07-30T20:27:32.880Z","7xPgJbtOpeKMAbuj6lJ3"
"root","uEJyOd7qgV78D4FwldxY_0323080125_public_relations_officer__pro_","0323080125","uEJyOd7qgV78D4FwldxY","Public Relations Officer (PRO)","2026-07-30T20:27:32.818Z","YFJu4pND3zlFIyDvjrdt"
"root","uEJyOd7qgV78D4FwldxY_0323080125_wocom","0323080125","uEJyOd7qgV78D4FwldxY","WOCOM","2026-07-30T20:27:32.961Z","oSSjj7rxl2duAkYTyvO6"
"root","uEJyOd7qgV78D4FwldxY_0323080132__general_secretary","0323080132","uEJyOd7qgV78D4FwldxY"," General Secretary","2026-07-30T20:33:37.424Z","CeVvA2uGEvTUExhtc7OO"
"root","uEJyOd7qgV78D4FwldxY_0323080132_financial_secretary","0323080132","uEJyOd7qgV78D4FwldxY","Financial Secretary","2026-07-30T20:33:37.431Z","XZiVrIlMpi18EIhdT9yP"
"root","uEJyOd7qgV78D4FwldxY_0323080132_organizing_secretary","0323080132","uEJyOd7qgV78D4FwldxY","Organizing Secretary","2026-07-30T20:33:37.462Z","fzGdErqcd0jbCJSc8JzX"
"root","uEJyOd7qgV78D4FwldxY_0323080132_president","0323080132","uEJyOd7qgV78D4FwldxY","President","2026-07-30T20:33:37.432Z","ctEdeRu4XQ4OSaG0WEhs"
"root","uEJyOd7qgV78D4FwldxY_0323080132_public_relations_officer__pro_","0323080132","uEJyOd7qgV78D4FwldxY","Public Relations Officer (PRO)","2026-07-30T20:33:37.428Z","Uio317F3tLMvwhQbYnUB"
"root","uEJyOd7qgV78D4FwldxY_0323080132_wocom","0323080132","uEJyOd7qgV78D4FwldxY","WOCOM","2026-07-30T20:33:37.604Z","iwWw5jh5evyKRCFXJ1vk"
"root","uEJyOd7qgV78D4FwldxY_0323080135__general_secretary","0323080135","uEJyOd7qgV78D4FwldxY"," General Secretary","2026-07-30T18:09:15.690Z","LUa7Kns97Z5L1zaJxwVJ"
"root","uEJyOd7qgV78D4FwldxY_0323080135_financial_secretary","0323080135","uEJyOd7qgV78D4FwldxY","Financial Secretary","2026-07-30T18:09:15.688Z","ht2RZnZfTE4yPx1sTL0D"
"root","uEJyOd7qgV78D4FwldxY_0323080135_organizing_secretary","0323080135","uEJyOd7qgV78D4FwldxY","Organizing Secretary","2026-07-30T18:09:15.536Z","bCMkL7glrZJatX8o8YnS"
"root","uEJyOd7qgV78D4FwldxY_0323080135_president","0323080135","uEJyOd7qgV78D4FwldxY","President","2026-07-30T18:09:15.636Z","D5lnxhrSZmiL5loh4ihI"
"root","uEJyOd7qgV78D4FwldxY_0323080135_public_relations_officer__pro_","0323080135","uEJyOd7qgV78D4FwldxY","Public Relations Officer (PRO)","2026-07-30T18:09:15.659Z","pNjELxl4PwgBSbMmwoIb"
"root","uEJyOd7qgV78D4FwldxY_0323080135_wocom","0323080135","uEJyOd7qgV78D4FwldxY","WOCOM","2026-07-30T18:09:15.671Z","5iCdkGD9KJjb9FH2dsUm"
"root","uEJyOd7qgV78D4FwldxY_0323080138__general_secretary","0323080138","uEJyOd7qgV78D4FwldxY"," General Secretary","2026-07-30T11:40:39.397Z","skOd2iL7Gh0czoISgPkM"
"root","uEJyOd7qgV78D4FwldxY_0323080138_financial_secretary","0323080138","uEJyOd7qgV78D4FwldxY","Financial Secretary","2026-07-30T11:40:39.353Z","7Y5Nk7o24is1XIb5Iae2"
"root","uEJyOd7qgV78D4FwldxY_0323080138_organizing_secretary","0323080138","uEJyOd7qgV78D4FwldxY","Organizing Secretary","2026-07-30T11:40:39.386Z","jakWa8ubNzb4prS0KGaK"
"root","uEJyOd7qgV78D4FwldxY_0323080138_president","0323080138","uEJyOd7qgV78D4FwldxY","President","2026-07-30T11:40:39.516Z","M0aFx0OUr0bY4VJRPNiB"
"root","uEJyOd7qgV78D4FwldxY_0323080138_public_relations_officer__pro_","0323080138","uEJyOd7qgV78D4FwldxY","Public Relations Officer (PRO)","2026-07-30T11:40:39.463Z","T5438Fvh4VYZdxFmMqBw"
"root","uEJyOd7qgV78D4FwldxY_0323080138_wocom","0323080138","uEJyOd7qgV78D4FwldxY","WOCOM","2026-07-30T11:40:39.334Z","FDLh86wujcLTql1M3ZD5"
"root","uEJyOd7qgV78D4FwldxY_0323080143__general_secretary","0323080143","uEJyOd7qgV78D4FwldxY"," General Secretary","2026-07-30T11:10:43.402Z","Uvh3QRshZnFpeM8edvTU"
"root","uEJyOd7qgV78D4FwldxY_0323080143_financial_secretary","0323080143","uEJyOd7qgV78D4FwldxY","Financial Secretary","2026-07-30T11:10:43.607Z","pqm2iPSHyJ26Yal0cARI"
"root","uEJyOd7qgV78D4FwldxY_0323080143_organizing_secretary","0323080143","uEJyOd7qgV78D4FwldxY","Organizing Secretary","2026-07-30T11:10:43.591Z","u5vx7oiCjk0HqDoAsxgB"
"root","uEJyOd7qgV78D4FwldxY_0323080143_president","0323080143","uEJyOd7qgV78D4FwldxY","President","2026-07-30T11:10:43.314Z","VPM2kxpaqIl8nE2KR3RX"
"root","uEJyOd7qgV78D4FwldxY_0323080143_public_relations_officer__pro_","0323080143","uEJyOd7qgV78D4FwldxY","Public Relations Officer (PRO)","2026-07-30T11:10:43.293Z","Ybu3hVRg6YJtAU2sJy6R"
"root","uEJyOd7qgV78D4FwldxY_0323080143_wocom","0323080143","uEJyOd7qgV78D4FwldxY","WOCOM","2026-07-30T11:10:43.496Z","7zik6n1PIywoBJB7IYOx"
"root","uEJyOd7qgV78D4FwldxY_0323080146__general_secretary","0323080146","uEJyOd7qgV78D4FwldxY"," General Secretary","2026-07-30T11:18:27.430Z","TXIkGlrhxBhZpuRivp3B"
"root","uEJyOd7qgV78D4FwldxY_0323080146_organizing_secretary","0323080146","uEJyOd7qgV78D4FwldxY","Organizing Secretary","2026-07-30T11:18:27.436Z","ODH5HuhVFJmuHAFnTgT3"
"root","uEJyOd7qgV78D4FwldxY_0323080146_president","0323080146","uEJyOd7qgV78D4FwldxY","President","2026-07-30T11:18:27.417Z","BsKEbN1AsQl6tIXGUZhb"
"root","uEJyOd7qgV78D4FwldxY_0323080146_wocom","0323080146","uEJyOd7qgV78D4FwldxY","WOCOM","2026-07-30T11:18:27.411Z","Pinpp7i6TweCVT5LNA9y"
"root","uEJyOd7qgV78D4FwldxY_0323080150__general_secretary","0323080150","uEJyOd7qgV78D4FwldxY"," General Secretary","2026-07-30T09:19:32.981Z","L1Kzq3UjsGjoNyRefdXB"
"root","uEJyOd7qgV78D4FwldxY_0323080150_financial_secretary","0323080150","uEJyOd7qgV78D4FwldxY","Financial Secretary","2026-07-30T09:19:33.118Z","QPwJE4lvYqwkfVZ4c7es"
"root","uEJyOd7qgV78D4FwldxY_0323080150_organizing_secretary","0323080150","uEJyOd7qgV78D4FwldxY","Organizing Secretary","2026-07-30T09:19:32.980Z","AWbChnAJoQloaoeZSyxo"
"root","uEJyOd7qgV78D4FwldxY_0323080150_president","0323080150","uEJyOd7qgV78D4FwldxY","President","2026-07-30T09:19:32.859Z","BrRujJ2Nm3hX3oyl1yGk"
"root","uEJyOd7qgV78D4FwldxY_0323080150_public_relations_officer__pro_","0323080150","uEJyOd7qgV78D4FwldxY","Public Relations Officer (PRO)","2026-07-30T09:19:32.981Z","iDh4IrWaERjC68pFuJtD"
"root","uEJyOd7qgV78D4FwldxY_0323080150_wocom","0323080150","uEJyOd7qgV78D4FwldxY","WOCOM","2026-07-30T09:19:32.924Z","DpfKZFpCqurNFdS6X9j5"
"root","uEJyOd7qgV78D4FwldxY_0323080156__general_secretary","0323080156","uEJyOd7qgV78D4FwldxY"," General Secretary","2026-07-30T09:07:34.101Z","x510sNAnvGV4nkFzezbJ"
"root","uEJyOd7qgV78D4FwldxY_0323080156_financial_secretary","0323080156","uEJyOd7qgV78D4FwldxY","Financial Secretary","2026-07-30T09:07:34.220Z","VT8b78P7cVx4rbfINpUS"
"root","uEJyOd7qgV78D4FwldxY_0323080156_organizing_secretary","0323080156","uEJyOd7qgV78D4FwldxY","Organizing Secretary","2026-07-30T09:07:34.067Z","sbPqkfmvbjAagf7SMHdD"
"root","uEJyOd7qgV78D4FwldxY_0323080156_president","0323080156","uEJyOd7qgV78D4FwldxY","President","2026-07-30T09:07:34.339Z","8RWfO84HoATGX67T8Adi"
"root","uEJyOd7qgV78D4FwldxY_0323080156_public_relations_officer__pro_","0323080156","uEJyOd7qgV78D4FwldxY","Public Relations Officer (PRO)","2026-07-30T09:07:34.211Z","1udpitcQrk7wfJjbVOfJ"
"root","uEJyOd7qgV78D4FwldxY_0323080156_wocom","0323080156","uEJyOd7qgV78D4FwldxY","WOCOM","2026-07-30T09:07:34.057Z","NrvJaqs7oUdF8IxBCpJx"
"root","uEJyOd7qgV78D4FwldxY_0323080193__general_secretary","0323080193","uEJyOd7qgV78D4FwldxY"," General Secretary","2026-07-30T10:51:34.856Z","xyy0t89ZMmFR7ckcvyMu"
"root","uEJyOd7qgV78D4FwldxY_0323080193_financial_secretary","0323080193","uEJyOd7qgV78D4FwldxY","Financial Secretary","2026-07-30T10:51:36.536Z","FmRfZrgOgb0FqcLQTDxm"
"root","uEJyOd7qgV78D4FwldxY_0323080193_organizing_secretary","0323080193","uEJyOd7qgV78D4FwldxY","Organizing Secretary","2026-07-30T10:51:36.432Z","G2Qfv5Fy6xgQYXZC9oUW"
"root","uEJyOd7qgV78D4FwldxY_0323080193_president","0323080193","uEJyOd7qgV78D4FwldxY","President","2026-07-30T10:51:36.409Z","jte0Ylq58XJBqVHgPGMa"
"root","uEJyOd7qgV78D4FwldxY_0323080193_public_relations_officer__pro_","0323080193","uEJyOd7qgV78D4FwldxY","Public Relations Officer (PRO)","2026-07-30T10:51:34.947Z","c9pPOZt5jz8Xc7DYkXzs"
"root","uEJyOd7qgV78D4FwldxY_0323080193_wocom","0323080193","uEJyOd7qgV78D4FwldxY","WOCOM","2026-07-30T10:51:36.348Z","m3ZKvYl3N5dKRhFIJSD5"
"root","uEJyOd7qgV78D4FwldxY_0323080194__general_secretary","0323080194","uEJyOd7qgV78D4FwldxY"," General Secretary","2026-07-30T20:14:05.894Z","2TPjGIvoWKImrssSD1dR"
"root","uEJyOd7qgV78D4FwldxY_0323080194_financial_secretary","0323080194","uEJyOd7qgV78D4FwldxY","Financial Secretary","2026-07-30T20:14:05.900Z","03552rCkQj8oz3kt6CXk"
"root","uEJyOd7qgV78D4FwldxY_0323080194_organizing_secretary","0323080194","uEJyOd7qgV78D4FwldxY","Organizing Secretary","2026-07-30T20:14:05.997Z","waFJIeTSzHFS44U7SfXM"
"root","uEJyOd7qgV78D4FwldxY_0323080194_president","0323080194","uEJyOd7qgV78D4FwldxY","President","2026-07-30T20:14:05.953Z","MvsUB5FvE26s4FUMKAkv"
"root","uEJyOd7qgV78D4FwldxY_0323080194_public_relations_officer__pro_","0323080194","uEJyOd7qgV78D4FwldxY","Public Relations Officer (PRO)","2026-07-30T20:14:06.013Z","gRDrhosCJQ43SJd5cy78"
"root","uEJyOd7qgV78D4FwldxY_0323080194_wocom","0323080194","uEJyOd7qgV78D4FwldxY","WOCOM","2026-07-30T20:14:05.944Z","Unt3sW9xsQ57IXbqkXWI"
"root","uEJyOd7qgV78D4FwldxY_0323080195__general_secretary","0323080195","uEJyOd7qgV78D4FwldxY"," General Secretary","2026-07-30T20:50:03.358Z","5araKwraXElQ6t59QXnl"
"root","uEJyOd7qgV78D4FwldxY_0323080195_financial_secretary","0323080195","uEJyOd7qgV78D4FwldxY","Financial Secretary","2026-07-30T20:50:03.644Z","skMYIE6FzCawUW2ppAaj"
"root","uEJyOd7qgV78D4FwldxY_0323080195_organizing_secretary","0323080195","uEJyOd7qgV78D4FwldxY","Organizing Secretary","2026-07-30T20:50:03.393Z","SfzgvIzcHPGPhJ4Yp2kN"
"root","uEJyOd7qgV78D4FwldxY_0323080195_president","0323080195","uEJyOd7qgV78D4FwldxY","President","2026-07-30T20:50:03.475Z","lz0nYEXFFbRwKN7NH46C"
"root","uEJyOd7qgV78D4FwldxY_0323080195_wocom","0323080195","uEJyOd7qgV78D4FwldxY","WOCOM","2026-07-30T20:50:03.321Z","8vL2y321HHEp6bAsPHvI"
"root","uEJyOd7qgV78D4FwldxY_0323080196__general_secretary","0323080196","uEJyOd7qgV78D4FwldxY"," General Secretary","2026-07-30T20:48:12.109Z","Aj7L13CJaw0fsAz7sZNY"
"root","uEJyOd7qgV78D4FwldxY_0323080196_financial_secretary","0323080196","uEJyOd7qgV78D4FwldxY","Financial Secretary","2026-07-30T20:48:12.356Z","a1fLwgGtaheS0MDSeSK0"
"root","uEJyOd7qgV78D4FwldxY_0323080196_organizing_secretary","0323080196","uEJyOd7qgV78D4FwldxY","Organizing Secretary","2026-07-30T20:48:12.177Z","USr8pOwgL0dzOCCO5EUf"
"root","uEJyOd7qgV78D4FwldxY_0323080196_president","0323080196","uEJyOd7qgV78D4FwldxY","President","2026-07-30T20:48:12.282Z","goIOWsHOgM8Cq26HGUdG"
"root","uEJyOd7qgV78D4FwldxY_0323080196_public_relations_officer__pro_","0323080196","uEJyOd7qgV78D4FwldxY","Public Relations Officer (PRO)","2026-07-30T20:48:12.226Z","4HUuueAQP1UalAW3FYoQ"
"root","uEJyOd7qgV78D4FwldxY_0323080196_wocom","0323080196","uEJyOd7qgV78D4FwldxY","WOCOM","2026-07-30T20:48:12.132Z","6QWM5vj2vWz5TXnCZfol"
"root","uEJyOd7qgV78D4FwldxY_0323080206__general_secretary","0323080206","uEJyOd7qgV78D4FwldxY"," General Secretary","2026-07-30T20:30:56.468Z","plEd651RFatT08t3pWHe"
"root","uEJyOd7qgV78D4FwldxY_0323080206_financial_secretary","0323080206","uEJyOd7qgV78D4FwldxY","Financial Secretary","2026-07-30T20:30:56.476Z","jcPgqykGlLy99XRLDWDy"
"root","uEJyOd7qgV78D4FwldxY_0323080206_organizing_secretary","0323080206","uEJyOd7qgV78D4FwldxY","Organizing Secretary","2026-07-30T20:30:56.458Z","CEY9hKxZOimLotVHS3Ko"
"root","uEJyOd7qgV78D4FwldxY_0323080206_president","0323080206","uEJyOd7qgV78D4FwldxY","President","2026-07-30T20:30:56.770Z","zUqMSbvNfUWbJgSDGlfy"
"root","uEJyOd7qgV78D4FwldxY_0323080206_wocom","0323080206","uEJyOd7qgV78D4FwldxY","WOCOM","2026-07-30T20:30:56.385Z","39S3eKr3MRQoAu4W2f2A"
"root","uEJyOd7qgV78D4FwldxY_0323080214__general_secretary","0323080214","uEJyOd7qgV78D4FwldxY"," General Secretary","2026-07-30T09:03:01.925Z","IjDZ2StQSdOShHU9fHdc"
"root","uEJyOd7qgV78D4FwldxY_0323080214_financial_secretary","0323080214","uEJyOd7qgV78D4FwldxY","Financial Secretary","2026-07-30T09:03:02.160Z","fgku9bvONqnCxIusNBWw"
"root","uEJyOd7qgV78D4FwldxY_0323080214_organizing_secretary","0323080214","uEJyOd7qgV78D4FwldxY","Organizing Secretary","2026-07-30T09:03:03.469Z","GMcvpZGzt39XadNpAD2r"
"root","uEJyOd7qgV78D4FwldxY_0323080214_president","0323080214","uEJyOd7qgV78D4FwldxY","President","2026-07-30T09:03:03.177Z","dKHZdJg44VnwT5STA66M"
"root","uEJyOd7qgV78D4FwldxY_0323080214_public_relations_officer__pro_","0323080214","uEJyOd7qgV78D4FwldxY","Public Relations Officer (PRO)","2026-07-30T09:03:01.536Z","ODzKgtqthckrhqm0A2Mh"
"root","uEJyOd7qgV78D4FwldxY_0323080214_wocom","0323080214","uEJyOd7qgV78D4FwldxY","WOCOM","2026-07-30T09:03:01.986Z","yRbNQcIsI3df2Uo4cj55"
"root","uEJyOd7qgV78D4FwldxY_0323080218__general_secretary","0323080218","uEJyOd7qgV78D4FwldxY"," General Secretary","2026-07-30T19:51:33.857Z","ZXD5hMMTrNEokjBhAwsD"
"root","uEJyOd7qgV78D4FwldxY_0323080218_financial_secretary","0323080218","uEJyOd7qgV78D4FwldxY","Financial Secretary","2026-07-30T19:51:33.847Z","ARMLWqXzd8oAd1hjHNwW"
"root","uEJyOd7qgV78D4FwldxY_0323080218_organizing_secretary","0323080218","uEJyOd7qgV78D4FwldxY","Organizing Secretary","2026-07-30T19:51:33.935Z","SyyZAJDu68xorswbYQBt"
"root","uEJyOd7qgV78D4FwldxY_0323080218_president","0323080218","uEJyOd7qgV78D4FwldxY","President","2026-07-30T19:51:33.882Z","vtAqmh1QE6A9ZzGAyMN5"
"root","uEJyOd7qgV78D4FwldxY_0323080218_public_relations_officer__pro_","0323080218","uEJyOd7qgV78D4FwldxY","Public Relations Officer (PRO)","2026-07-30T19:51:33.876Z","xSdYHIXYHjbJDcfukC57"
"root","uEJyOd7qgV78D4FwldxY_0323080218_wocom","0323080218","uEJyOd7qgV78D4FwldxY","WOCOM","2026-07-30T19:51:34.015Z","KWZhjOV8rltB1FMZ3OUi"
"root","uEJyOd7qgV78D4FwldxY_0323080221__general_secretary","0323080221","uEJyOd7qgV78D4FwldxY"," General Secretary","2026-07-30T21:26:22.698Z","catQTvexG2wgB0RJryxb"
"root","uEJyOd7qgV78D4FwldxY_0323080221_financial_secretary","0323080221","uEJyOd7qgV78D4FwldxY","Financial Secretary","2026-07-30T21:26:22.617Z","cvPkxGfnAEgrvg9vSPaO"
"root","uEJyOd7qgV78D4FwldxY_0323080221_organizing_secretary","0323080221","uEJyOd7qgV78D4FwldxY","Organizing Secretary","2026-07-30T21:26:22.850Z","pmxnDmCdz9mnKUzllDzx"
"root","uEJyOd7qgV78D4FwldxY_0323080221_president","0323080221","uEJyOd7qgV78D4FwldxY","President","2026-07-30T21:26:22.658Z","0YvgnwuHWXRw3xGc1qBH"
"root","uEJyOd7qgV78D4FwldxY_0323080221_public_relations_officer__pro_","0323080221","uEJyOd7qgV78D4FwldxY","Public Relations Officer (PRO)","2026-07-30T21:26:24.032Z","c4MhbxuyAL7632oji0FE"
"root","uEJyOd7qgV78D4FwldxY_0323080221_wocom","0323080221","uEJyOd7qgV78D4FwldxY","WOCOM","2026-07-30T21:26:22.539Z","DUrbme3cX8bln7zxlyKw"
"root","uEJyOd7qgV78D4FwldxY_0323080222__general_secretary","0323080222","uEJyOd7qgV78D4FwldxY"," General Secretary","2026-07-30T11:26:40.701Z","zdL7EFcUAnmwUe59psaF"
"root","uEJyOd7qgV78D4FwldxY_0323080222_financial_secretary","0323080222","uEJyOd7qgV78D4FwldxY","Financial Secretary","2026-07-30T11:26:40.711Z","yTe73iYJLgF2CTDOlKX5"
"root","uEJyOd7qgV78D4FwldxY_0323080222_organizing_secretary","0323080222","uEJyOd7qgV78D4FwldxY","Organizing Secretary","2026-07-30T11:26:40.837Z","QiMqZVNWFPjKkeGV9HuU"
"root","uEJyOd7qgV78D4FwldxY_0323080222_president","0323080222","uEJyOd7qgV78D4FwldxY","President","2026-07-30T11:26:40.589Z","hScjgzOgL7RWwVXzZhJX"
"root","uEJyOd7qgV78D4FwldxY_0323080222_public_relations_officer__pro_","0323080222","uEJyOd7qgV78D4FwldxY","Public Relations Officer (PRO)","2026-07-30T11:26:40.748Z","8f6iFk6aMbbfMTQ2DKOt"
"root","uEJyOd7qgV78D4FwldxY_0323080222_wocom","0323080222","uEJyOd7qgV78D4FwldxY","WOCOM","2026-07-30T11:26:40.620Z","lni0g6gc79jLuk40EEjJ"
"root","uEJyOd7qgV78D4FwldxY_0323080224__general_secretary","0323080224","uEJyOd7qgV78D4FwldxY"," General Secretary","2026-07-30T20:08:27.781Z","20Vp0h4pVV6SmxmKPLub"
"root","uEJyOd7qgV78D4FwldxY_0323080224_financial_secretary","0323080224","uEJyOd7qgV78D4FwldxY","Financial Secretary","2026-07-30T20:08:27.825Z","pv0KzUL1jOf7kGKm0Ns1"
"root","uEJyOd7qgV78D4FwldxY_0323080224_organizing_secretary","0323080224","uEJyOd7qgV78D4FwldxY","Organizing Secretary","2026-07-30T20:08:27.790Z","rSixXpp1L7TZruP6UpfA"
"root","uEJyOd7qgV78D4FwldxY_0323080224_president","0323080224","uEJyOd7qgV78D4FwldxY","President","2026-07-30T20:08:27.752Z","ZJKTQnw8JWdI9xvAmml9"
"root","uEJyOd7qgV78D4FwldxY_0323080224_wocom","0323080224","uEJyOd7qgV78D4FwldxY","WOCOM","2026-07-30T20:08:27.963Z","xrTB78ZeRv9Nu70WLRAe"
"root","uEJyOd7qgV78D4FwldxY_0323080227__general_secretary","0323080227","uEJyOd7qgV78D4FwldxY"," General Secretary","2026-07-30T20:58:01.052Z","kJIt2ceCRy9JrrIj8RYF"
"root","uEJyOd7qgV78D4FwldxY_0323080227_financial_secretary","0323080227","uEJyOd7qgV78D4FwldxY","Financial Secretary","2026-07-30T20:58:01.029Z","zr3emCut6x8bukFSeoih"
"root","uEJyOd7qgV78D4FwldxY_0323080227_organizing_secretary","0323080227","uEJyOd7qgV78D4FwldxY","Organizing Secretary","2026-07-30T20:58:01.004Z","zjLQUsj9R6G9iR9tYuMg"
"root","uEJyOd7qgV78D4FwldxY_0323080227_president","0323080227","uEJyOd7qgV78D4FwldxY","President","2026-07-30T20:58:00.984Z","BTvenlH4OHVwuPnM8EGl"
"root","uEJyOd7qgV78D4FwldxY_0323080227_wocom","0323080227","uEJyOd7qgV78D4FwldxY","WOCOM","2026-07-30T20:58:01.110Z","Tr31yrP78pC0Z6uVRY3g"
"root","uEJyOd7qgV78D4FwldxY_0323080229__general_secretary","0323080229","uEJyOd7qgV78D4FwldxY"," General Secretary","2026-07-30T11:19:30.384Z","eIC39qJKngPQhp4pegCj"
"root","uEJyOd7qgV78D4FwldxY_0323080229_financial_secretary","0323080229","uEJyOd7qgV78D4FwldxY","Financial Secretary","2026-07-30T11:19:30.857Z","na9z23f3dt1XMNoBbsSZ"
"root","uEJyOd7qgV78D4FwldxY_0323080229_organizing_secretary","0323080229","uEJyOd7qgV78D4FwldxY","Organizing Secretary","2026-07-30T11:19:30.360Z","L6oZGKaT6ISzf0ka7TMs"
"root","uEJyOd7qgV78D4FwldxY_0323080229_president","0323080229","uEJyOd7qgV78D4FwldxY","President","2026-07-30T11:19:30.698Z","CkOQvgcNaxjwQs93y8fJ"
"root","uEJyOd7qgV78D4FwldxY_0323080229_public_relations_officer__pro_","0323080229","uEJyOd7qgV78D4FwldxY","Public Relations Officer (PRO)","2026-07-30T11:19:30.669Z","7EcyYDrmZGMpliJXaLLt"
"root","uEJyOd7qgV78D4FwldxY_0323080229_wocom","0323080229","uEJyOd7qgV78D4FwldxY","WOCOM","2026-07-30T11:19:30.345Z","hQDZ3whWEIJwEdzHHqas"
"root","uEJyOd7qgV78D4FwldxY_0323080237__general_secretary","0323080237","uEJyOd7qgV78D4FwldxY"," General Secretary","2026-07-30T19:21:19.557Z","b2rCpTS9Kf22OLOQP2Oe"
"root","uEJyOd7qgV78D4FwldxY_0323080237_president","0323080237","uEJyOd7qgV78D4FwldxY","President","2026-07-30T19:21:19.662Z","MrsSRxqjZqPXIT1Yrjve"
"root","uEJyOd7qgV78D4FwldxY_0323080237_public_relations_officer__pro_","0323080237","uEJyOd7qgV78D4FwldxY","Public Relations Officer (PRO)","2026-07-30T19:21:19.368Z","QwHqaAyZHxRcNsZaRi4T"
"root","uEJyOd7qgV78D4FwldxY_0323080240__general_secretary","0323080240","uEJyOd7qgV78D4FwldxY"," General Secretary","2026-07-30T11:09:09.496Z","hbeiLkMg77SVEQXsLSVe"
"root","uEJyOd7qgV78D4FwldxY_0323080240_financial_secretary","0323080240","uEJyOd7qgV78D4FwldxY","Financial Secretary","2026-07-30T11:09:09.555Z","fb50OZ9sAzBqiJXQIhmc"
"root","uEJyOd7qgV78D4FwldxY_0323080240_organizing_secretary","0323080240","uEJyOd7qgV78D4FwldxY","Organizing Secretary","2026-07-30T11:09:09.526Z","mUZwrDuxtKtKp5rstbg0"
"root","uEJyOd7qgV78D4FwldxY_0323080240_president","0323080240","uEJyOd7qgV78D4FwldxY","President","2026-07-30T11:09:09.535Z","ZBdBi0bH5LnntDpBftyG"
"root","uEJyOd7qgV78D4FwldxY_0323080240_public_relations_officer__pro_","0323080240","uEJyOd7qgV78D4FwldxY","Public Relations Officer (PRO)","2026-07-30T11:09:09.436Z","ZwCbTWKoO7f4QyJnNzLj"
"root","uEJyOd7qgV78D4FwldxY_0323080240_wocom","0323080240","uEJyOd7qgV78D4FwldxY","WOCOM","2026-07-30T11:09:09.458Z","KD7FLaKKeSM7SLcuYGXj"
"root","uEJyOd7qgV78D4FwldxY_0323080246__general_secretary","0323080246","uEJyOd7qgV78D4FwldxY"," General Secretary","2026-07-30T11:17:28.919Z","Kbtnpo0jJiT3WoEwwnZP"
"root","uEJyOd7qgV78D4FwldxY_0323080246_financial_secretary","0323080246","uEJyOd7qgV78D4FwldxY","Financial Secretary","2026-07-30T11:17:28.863Z","Q6WuUJhb2gtgqY1NrA3d"
"root","uEJyOd7qgV78D4FwldxY_0323080246_organizing_secretary","0323080246","uEJyOd7qgV78D4FwldxY","Organizing Secretary","2026-07-30T11:17:28.895Z","JXQ0zoXPaikjJwtzCmIF"
"root","uEJyOd7qgV78D4FwldxY_0323080246_president","0323080246","uEJyOd7qgV78D4FwldxY","President","2026-07-30T11:17:28.894Z","4kwEPw2Qwt9GmbAfl5b5"
"root","uEJyOd7qgV78D4FwldxY_0323080246_public_relations_officer__pro_","0323080246","uEJyOd7qgV78D4FwldxY","Public Relations Officer (PRO)","2026-07-30T11:17:28.857Z","YSQi2vnwu3F0PJa4Hctw"
"root","uEJyOd7qgV78D4FwldxY_0323080246_wocom","0323080246","uEJyOd7qgV78D4FwldxY","WOCOM","2026-07-30T11:17:28.893Z","Gf4wkRXdjhZxT2kxrpo0"
"root","uEJyOd7qgV78D4FwldxY_0323080249__general_secretary","0323080249","uEJyOd7qgV78D4FwldxY"," General Secretary","2026-07-30T10:56:49.879Z","jVr8SpIyvo05GSDUeyx5"
"root","uEJyOd7qgV78D4FwldxY_0323080249_financial_secretary","0323080249","uEJyOd7qgV78D4FwldxY","Financial Secretary","2026-07-30T10:56:50.135Z","pqGM4JbTgF3uNQ64gvE4"
"root","uEJyOd7qgV78D4FwldxY_0323080249_organizing_secretary","0323080249","uEJyOd7qgV78D4FwldxY","Organizing Secretary","2026-07-30T10:56:50.067Z","xaZfD2rZbHq0msQ5BYqu"
"root","uEJyOd7qgV78D4FwldxY_0323080249_president","0323080249","uEJyOd7qgV78D4FwldxY","President","2026-07-30T10:56:51.646Z","4YYkJIe1wE8HbZXIeOWE"
"root","uEJyOd7qgV78D4FwldxY_0323080249_public_relations_officer__pro_","0323080249","uEJyOd7qgV78D4FwldxY","Public Relations Officer (PRO)","2026-07-30T10:56:49.887Z","mJ26wAnpEZ6Fsk7VTkIb"
"root","uEJyOd7qgV78D4FwldxY_0323080249_wocom","0323080249","uEJyOd7qgV78D4FwldxY","WOCOM","2026-07-30T10:56:49.858Z","6zlXd6oCHsYC2umEl1mr"
"root","uEJyOd7qgV78D4FwldxY_0323080253__general_secretary","0323080253","uEJyOd7qgV78D4FwldxY"," General Secretary","2026-07-30T20:45:53.222Z","ilUkGkr0wvhlAE7qFuZs"
"root","uEJyOd7qgV78D4FwldxY_0323080253_financial_secretary","0323080253","uEJyOd7qgV78D4FwldxY","Financial Secretary","2026-07-30T20:45:53.489Z","ugtyyj61VJkzzDd8yBgQ"
"root","uEJyOd7qgV78D4FwldxY_0323080253_organizing_secretary","0323080253","uEJyOd7qgV78D4FwldxY","Organizing Secretary","2026-07-30T20:45:53.385Z","8MSQyTApEvGBfRd1cPG4"
"root","uEJyOd7qgV78D4FwldxY_0323080253_president","0323080253","uEJyOd7qgV78D4FwldxY","President","2026-07-30T20:45:53.239Z","o3dqjPypqimnAl7t5iyp"
"root","uEJyOd7qgV78D4FwldxY_0323080253_wocom","0323080253","uEJyOd7qgV78D4FwldxY","WOCOM","2026-07-30T20:45:53.455Z","9RmJcaYp3XO0xrCWDVM8"
"root","uEJyOd7qgV78D4FwldxY_0323080257__general_secretary","0323080257","uEJyOd7qgV78D4FwldxY"," General Secretary","2026-07-30T11:34:38.990Z","dCSiMCBnhTRYtuDpQHMX"
"root","uEJyOd7qgV78D4FwldxY_0323080257_financial_secretary","0323080257","uEJyOd7qgV78D4FwldxY","Financial Secretary","2026-07-30T11:34:39.366Z","iEL6rN193gSUrCoRVGC5"
"root","uEJyOd7qgV78D4FwldxY_0323080257_organizing_secretary","0323080257","uEJyOd7qgV78D4FwldxY","Organizing Secretary","2026-07-30T11:34:39.070Z","fSfFojfIDQsBfjvgaR0D"
"root","uEJyOd7qgV78D4FwldxY_0323080257_president","0323080257","uEJyOd7qgV78D4FwldxY","President","2026-07-30T11:34:38.979Z","InzvdXBCv0ItxsHFGljy"
"root","uEJyOd7qgV78D4FwldxY_0323080257_public_relations_officer__pro_","0323080257","uEJyOd7qgV78D4FwldxY","Public Relations Officer (PRO)","2026-07-30T11:34:39.295Z","t2Ke7tM0hxmXgJBBEMZq"
"root","uEJyOd7qgV78D4FwldxY_0323080257_wocom","0323080257","uEJyOd7qgV78D4FwldxY","WOCOM","2026-07-30T11:34:38.930Z","Ey4DLdqOLt2boDVsX0mL"
"root","uEJyOd7qgV78D4FwldxY_0323080258__general_secretary","0323080258","uEJyOd7qgV78D4FwldxY"," General Secretary","2026-07-30T18:24:45.796Z","UZWJAthIknA8m0dhIoDv"
"root","uEJyOd7qgV78D4FwldxY_0323080258_financial_secretary","0323080258","uEJyOd7qgV78D4FwldxY","Financial Secretary","2026-07-30T18:24:45.860Z","vzpzpDcjsRMlNW0otkaN"
"root","uEJyOd7qgV78D4FwldxY_0323080258_organizing_secretary","0323080258","uEJyOd7qgV78D4FwldxY","Organizing Secretary","2026-07-30T18:24:46.039Z","HU6abUhjqumdrNp3oqy7"
"root","uEJyOd7qgV78D4FwldxY_0323080258_president","0323080258","uEJyOd7qgV78D4FwldxY","President","2026-07-30T18:24:45.753Z","r2AH7aUGDI2YnZqEAW0I"
"root","uEJyOd7qgV78D4FwldxY_0323080258_public_relations_officer__pro_","0323080258","uEJyOd7qgV78D4FwldxY","Public Relations Officer (PRO)","2026-07-30T18:24:45.816Z","cvGCsYf7hsrI6VSZyVbE"
"root","uEJyOd7qgV78D4FwldxY_0323080258_wocom","0323080258","uEJyOd7qgV78D4FwldxY","WOCOM","2026-07-30T18:24:45.806Z","LNDFBIATZbYQlzQIvjPL"
"root","uEJyOd7qgV78D4FwldxY_0323080260__general_secretary","0323080260","uEJyOd7qgV78D4FwldxY"," General Secretary","2026-07-30T20:34:57.192Z","z8TB3rF6PNGMDpEIjWRS"
"root","uEJyOd7qgV78D4FwldxY_0323080260_financial_secretary","0323080260","uEJyOd7qgV78D4FwldxY","Financial Secretary","2026-07-30T20:34:57.070Z","0BK5xhGHZpKc3Ygefkiy"
"root","uEJyOd7qgV78D4FwldxY_0323080260_organizing_secretary","0323080260","uEJyOd7qgV78D4FwldxY","Organizing Secretary","2026-07-30T20:34:57.040Z","3MyvjbQKUDvpLp4K9c32"
"root","uEJyOd7qgV78D4FwldxY_0323080260_president","0323080260","uEJyOd7qgV78D4FwldxY","President","2026-07-30T20:34:57.070Z","UUVnEKanRXzHOzHXpjsB"
"root","uEJyOd7qgV78D4FwldxY_0323080260_public_relations_officer__pro_","0323080260","uEJyOd7qgV78D4FwldxY","Public Relations Officer (PRO)","2026-07-30T20:34:56.939Z","JlmxMOr2PZeu5B30E9E0"
"root","uEJyOd7qgV78D4FwldxY_0323080260_wocom","0323080260","uEJyOd7qgV78D4FwldxY","WOCOM","2026-07-30T20:34:57.131Z","gZUvjkUhfnmszut2sGE0"
"root","uEJyOd7qgV78D4FwldxY_0323080263__general_secretary","0323080263","uEJyOd7qgV78D4FwldxY"," General Secretary","2026-07-30T19:36:13.692Z","scZeQZ2MDpU0kpVM5s0e"
"root","uEJyOd7qgV78D4FwldxY_0323080263_financial_secretary","0323080263","uEJyOd7qgV78D4FwldxY","Financial Secretary","2026-07-30T19:36:13.825Z","zCPxtsDQtz4dVEgHWdHT"
"root","uEJyOd7qgV78D4FwldxY_0323080263_organizing_secretary","0323080263","uEJyOd7qgV78D4FwldxY","Organizing Secretary","2026-07-30T19:36:13.922Z","klvNADFCb7mbArvY1iam"
"root","uEJyOd7qgV78D4FwldxY_0323080263_president","0323080263","uEJyOd7qgV78D4FwldxY","President","2026-07-30T19:36:13.856Z","q0lKK3bjjP2CN0gkTAV4"
"root","uEJyOd7qgV78D4FwldxY_0323080263_public_relations_officer__pro_","0323080263","uEJyOd7qgV78D4FwldxY","Public Relations Officer (PRO)","2026-07-30T19:36:13.669Z","s3FXgLR1doGV5qQ48NoB"
"root","uEJyOd7qgV78D4FwldxY_0323080263_wocom","0323080263","uEJyOd7qgV78D4FwldxY","WOCOM","2026-07-30T19:36:13.885Z","DTXSPstDlbgcssNTTzxU"
"root","uEJyOd7qgV78D4FwldxY_0323080266__general_secretary","0323080266","uEJyOd7qgV78D4FwldxY"," General Secretary","2026-07-30T21:03:15.275Z","qyOmLVrpZN4fSytLTc2a"
"root","uEJyOd7qgV78D4FwldxY_0323080266_financial_secretary","0323080266","uEJyOd7qgV78D4FwldxY","Financial Secretary","2026-07-30T21:03:15.263Z","XFhUDeweX129XGLA38cb"
"root","uEJyOd7qgV78D4FwldxY_0323080266_organizing_secretary","0323080266","uEJyOd7qgV78D4FwldxY","Organizing Secretary","2026-07-30T21:03:15.424Z","rUao5o7jzscyuTe0QgdD"
"root","uEJyOd7qgV78D4FwldxY_0323080266_president","0323080266","uEJyOd7qgV78D4FwldxY","President","2026-07-30T21:03:15.422Z","g8zwWTbzlppjNewSjuRq"
"root","uEJyOd7qgV78D4FwldxY_0323080266_public_relations_officer__pro_","0323080266","uEJyOd7qgV78D4FwldxY","Public Relations Officer (PRO)","2026-07-30T21:03:15.243Z","oklxvPGXunBcbQUbyti8"
"root","uEJyOd7qgV78D4FwldxY_0323080266_wocom","0323080266","uEJyOd7qgV78D4FwldxY","WOCOM","2026-07-30T21:03:15.526Z","beshfxfX6ibA4SHSKaCz"
"root","uEJyOd7qgV78D4FwldxY_0323080271__general_secretary","0323080271","uEJyOd7qgV78D4FwldxY"," General Secretary","2026-07-30T18:07:55.837Z","0lJEJ1hD8FoGhKDn32Nz"
"root","uEJyOd7qgV78D4FwldxY_0323080271_financial_secretary","0323080271","uEJyOd7qgV78D4FwldxY","Financial Secretary","2026-07-30T18:07:55.849Z","nnhzAg9tMGRyoqW7Uqit"
"root","uEJyOd7qgV78D4FwldxY_0323080271_organizing_secretary","0323080271","uEJyOd7qgV78D4FwldxY","Organizing Secretary","2026-07-30T18:07:55.874Z","LXC7xCHexLXWxQX27dP4"
"root","uEJyOd7qgV78D4FwldxY_0323080271_president","0323080271","uEJyOd7qgV78D4FwldxY","President","2026-07-30T18:07:55.839Z","azhoyZkv5MX2Ew14VzXx"
"root","uEJyOd7qgV78D4FwldxY_0323080271_public_relations_officer__pro_","0323080271","uEJyOd7qgV78D4FwldxY","Public Relations Officer (PRO)","2026-07-30T18:07:55.790Z","pIWV4FXLQe7SknWWZpd6"
"root","uEJyOd7qgV78D4FwldxY_0323080271_wocom","0323080271","uEJyOd7qgV78D4FwldxY","WOCOM","2026-07-30T18:07:55.794Z","LRuS3h0ac6TYpozFEd74"
"root","uEJyOd7qgV78D4FwldxY_0323080275__general_secretary","0323080275","uEJyOd7qgV78D4FwldxY"," General Secretary","2026-07-30T20:34:09.545Z","ErotsVWOnCmf9o3lOSGe"
"root","uEJyOd7qgV78D4FwldxY_0323080275_financial_secretary","0323080275","uEJyOd7qgV78D4FwldxY","Financial Secretary","2026-07-30T20:34:09.617Z","ahfQ06lFEYdpoVgHXqUs"
"root","uEJyOd7qgV78D4FwldxY_0323080275_organizing_secretary","0323080275","uEJyOd7qgV78D4FwldxY","Organizing Secretary","2026-07-30T20:34:09.347Z","74pGZgd9UyvRejLKPuST"
"root","uEJyOd7qgV78D4FwldxY_0323080275_president","0323080275","uEJyOd7qgV78D4FwldxY","President","2026-07-30T20:34:09.701Z","uvgzyeAEnwZWKbmX6UUQ"
"root","uEJyOd7qgV78D4FwldxY_0323080275_public_relations_officer__pro_","0323080275","uEJyOd7qgV78D4FwldxY","Public Relations Officer (PRO)","2026-07-30T20:34:09.768Z","I9bqZXlBUhAO4aoENpaV"
"root","uEJyOd7qgV78D4FwldxY_0323080275_wocom","0323080275","uEJyOd7qgV78D4FwldxY","WOCOM","2026-07-30T20:34:09.675Z","PbecbZNuNt8bW7lTJe2t"
"root","uEJyOd7qgV78D4FwldxY_0323080277__general_secretary","0323080277","uEJyOd7qgV78D4FwldxY"," General Secretary","2026-07-30T20:12:51.589Z","QlwvpXLlEa9JI9RhxtgD"
"root","uEJyOd7qgV78D4FwldxY_0323080277_financial_secretary","0323080277","uEJyOd7qgV78D4FwldxY","Financial Secretary","2026-07-30T20:12:51.697Z","PZijB58UK01BWqAXovZQ"
"root","uEJyOd7qgV78D4FwldxY_0323080277_organizing_secretary","0323080277","uEJyOd7qgV78D4FwldxY","Organizing Secretary","2026-07-30T20:12:51.683Z","pHfJInhCEqR3FPFxRc8t"
"root","uEJyOd7qgV78D4FwldxY_0323080277_president","0323080277","uEJyOd7qgV78D4FwldxY","President","2026-07-30T20:12:51.701Z","KjX21devxDCPNhxyf2cL"
"root","uEJyOd7qgV78D4FwldxY_0323080277_public_relations_officer__pro_","0323080277","uEJyOd7qgV78D4FwldxY","Public Relations Officer (PRO)","2026-07-30T20:12:51.638Z","icMzySvPKyH67jWXUvLe"
"root","uEJyOd7qgV78D4FwldxY_0323080277_wocom","0323080277","uEJyOd7qgV78D4FwldxY","WOCOM","2026-07-30T20:12:51.665Z","QpJsT1YeYP4EdT4KLNJJ"
"root","uEJyOd7qgV78D4FwldxY_0323080281__general_secretary","0323080281","uEJyOd7qgV78D4FwldxY"," General Secretary","2026-07-30T20:58:29.142Z","Qj2PJ7qRQvzKRRd4dSqr"
"root","uEJyOd7qgV78D4FwldxY_0323080281_financial_secretary","0323080281","uEJyOd7qgV78D4FwldxY","Financial Secretary","2026-07-30T20:58:29.078Z","UykIFxVsdn7BLZYwUrPD"
"root","uEJyOd7qgV78D4FwldxY_0323080281_organizing_secretary","0323080281","uEJyOd7qgV78D4FwldxY","Organizing Secretary","2026-07-30T20:58:29.037Z","IBI8loXCIBQn5AQMxGGD"
"root","uEJyOd7qgV78D4FwldxY_0323080281_president","0323080281","uEJyOd7qgV78D4FwldxY","President","2026-07-30T20:58:29.458Z","18F38EEzYKbLewTCqXhD"
"root","uEJyOd7qgV78D4FwldxY_0323080281_public_relations_officer__pro_","0323080281","uEJyOd7qgV78D4FwldxY","Public Relations Officer (PRO)","2026-07-30T20:58:29.275Z","Eic2UH7cIiJwvlImbjH8"
"root","uEJyOd7qgV78D4FwldxY_0323080281_wocom","0323080281","uEJyOd7qgV78D4FwldxY","WOCOM","2026-07-30T20:58:29.088Z","tlFvwiymYYuIua18nLQd"
"root","uEJyOd7qgV78D4FwldxY_0323080286_president","0323080286","uEJyOd7qgV78D4FwldxY","President","2026-07-30T21:23:31.963Z","D6k3koPL4Hp2YhmM7NoE"
"root","uEJyOd7qgV78D4FwldxY_0323080290__general_secretary","0323080290","uEJyOd7qgV78D4FwldxY"," General Secretary","2026-07-30T09:10:30.351Z","4PwQrXq2T5zl2Jxl3X5j"
"root","uEJyOd7qgV78D4FwldxY_0323080290_financial_secretary","0323080290","uEJyOd7qgV78D4FwldxY","Financial Secretary","2026-07-30T09:10:30.341Z","tU8Icur9Yzix5cRaJlfk"
"root","uEJyOd7qgV78D4FwldxY_0323080290_organizing_secretary","0323080290","uEJyOd7qgV78D4FwldxY","Organizing Secretary","2026-07-30T09:10:30.315Z","KrfUWIRJkwl16hxPBS2e"
"root","uEJyOd7qgV78D4FwldxY_0323080290_president","0323080290","uEJyOd7qgV78D4FwldxY","President","2026-07-30T09:10:30.504Z","1woYSEjpfNesG5mdMT6y"
"root","uEJyOd7qgV78D4FwldxY_0323080290_public_relations_officer__pro_","0323080290","uEJyOd7qgV78D4FwldxY","Public Relations Officer (PRO)","2026-07-30T09:10:30.299Z","DofRmk6qq3lug8hrxnDY"
"root","uEJyOd7qgV78D4FwldxY_0323080290_wocom","0323080290","uEJyOd7qgV78D4FwldxY","WOCOM","2026-07-30T09:10:30.421Z","bXljuHpqAqFz6jd8gJwD"
"root","uEJyOd7qgV78D4FwldxY_0323080291__general_secretary","0323080291","uEJyOd7qgV78D4FwldxY"," General Secretary","2026-07-30T20:24:03.648Z","jt9XfXJwzfrueEIo52cj"
"root","uEJyOd7qgV78D4FwldxY_0323080291_financial_secretary","0323080291","uEJyOd7qgV78D4FwldxY","Financial Secretary","2026-07-30T20:24:03.654Z","F0wFK3kYSzbexFJpzlBX"
"root","uEJyOd7qgV78D4FwldxY_0323080291_organizing_secretary","0323080291","uEJyOd7qgV78D4FwldxY","Organizing Secretary","2026-07-30T20:24:03.692Z","zgFEIb2aXUBGHSKDc2kG"
"root","uEJyOd7qgV78D4FwldxY_0323080291_president","0323080291","uEJyOd7qgV78D4FwldxY","President","2026-07-30T20:24:03.786Z","0ockXp6vxK0Xcmmo3mw4"
"root","uEJyOd7qgV78D4FwldxY_0323080291_public_relations_officer__pro_","0323080291","uEJyOd7qgV78D4FwldxY","Public Relations Officer (PRO)","2026-07-30T20:24:03.817Z","2fFz7S7hTD3sboTEHtRH"
"root","uEJyOd7qgV78D4FwldxY_0323080291_wocom","0323080291","uEJyOd7qgV78D4FwldxY","WOCOM","2026-07-30T20:24:03.722Z","CuCJ90zTYzK0vy5T0Y77"
"root","uEJyOd7qgV78D4FwldxY_0323080293_president","0323080293","uEJyOd7qgV78D4FwldxY","President","2026-07-30T21:17:01.581Z","bMNerH5Kpjr5wO0Z98WD"
"root","uEJyOd7qgV78D4FwldxY_0323080294__general_secretary","0323080294","uEJyOd7qgV78D4FwldxY"," General Secretary","2026-07-30T11:42:31.925Z","qAOyQpFS1YV6aTxg7oKU"
"root","uEJyOd7qgV78D4FwldxY_0323080294_financial_secretary","0323080294","uEJyOd7qgV78D4FwldxY","Financial Secretary","2026-07-30T11:42:31.919Z","TQoMam1P9JQOiv1h8dM5"
"root","uEJyOd7qgV78D4FwldxY_0323080294_organizing_secretary","0323080294","uEJyOd7qgV78D4FwldxY","Organizing Secretary","2026-07-30T11:42:31.930Z","bQFc5gn07u8oKb1BAmDA"
"root","uEJyOd7qgV78D4FwldxY_0323080294_president","0323080294","uEJyOd7qgV78D4FwldxY","President","2026-07-30T11:42:31.824Z","SXkGdTpCjzLuUjfX0qL1"
"root","uEJyOd7qgV78D4FwldxY_0323080294_public_relations_officer__pro_","0323080294","uEJyOd7qgV78D4FwldxY","Public Relations Officer (PRO)","2026-07-30T11:42:31.821Z","MryqinV2PRZbmoqh91yu"
"root","uEJyOd7qgV78D4FwldxY_0323080294_wocom","0323080294","uEJyOd7qgV78D4FwldxY","WOCOM","2026-07-30T11:42:31.874Z","GNRcWOJCCaabxjwu9OMr"
"root","uEJyOd7qgV78D4FwldxY_0323080295__general_secretary","0323080295","uEJyOd7qgV78D4FwldxY"," General Secretary","2026-07-30T20:53:57.762Z","8OsX2ctpWNs7VDzorbt9"
"root","uEJyOd7qgV78D4FwldxY_0323080295_financial_secretary","0323080295","uEJyOd7qgV78D4FwldxY","Financial Secretary","2026-07-30T20:53:57.735Z","RtfUgIli1xsRCUfSVMZS"
"root","uEJyOd7qgV78D4FwldxY_0323080295_organizing_secretary","0323080295","uEJyOd7qgV78D4FwldxY","Organizing Secretary","2026-07-30T20:53:57.763Z","9PBBHnwKXwnOdxdPnp5M"
"root","uEJyOd7qgV78D4FwldxY_0323080295_president","0323080295","uEJyOd7qgV78D4FwldxY","President","2026-07-30T20:53:57.757Z","87H91ZMSkyc7p8RUVWVl"
"root","uEJyOd7qgV78D4FwldxY_0323080295_wocom","0323080295","uEJyOd7qgV78D4FwldxY","WOCOM","2026-07-30T20:53:57.719Z","jrwaa0cdAbQ2nFhwiQbn"
"root","uEJyOd7qgV78D4FwldxY_0323080296_president","0323080296","uEJyOd7qgV78D4FwldxY","President","2026-07-30T21:13:21.606Z","6bcKMbiPKqWg7fOd9WiH"
"root","uEJyOd7qgV78D4FwldxY_0323080297_president","0323080297","uEJyOd7qgV78D4FwldxY","President","2026-07-30T21:10:31.082Z","CATnrX9oGhvXgnG0dfZU"
"root","uEJyOd7qgV78D4FwldxY_0323080298__general_secretary","0323080298","uEJyOd7qgV78D4FwldxY"," General Secretary","2026-07-30T11:10:35.519Z","K2YQfVxQNDvzkYOZ2Ov3"
"root","uEJyOd7qgV78D4FwldxY_0323080298_financial_secretary","0323080298","uEJyOd7qgV78D4FwldxY","Financial Secretary","2026-07-30T11:10:35.540Z","odhTfDZDyaaTmTxjj22S"
"root","uEJyOd7qgV78D4FwldxY_0323080298_organizing_secretary","0323080298","uEJyOd7qgV78D4FwldxY","Organizing Secretary","2026-07-30T11:10:35.614Z","KPpWpp8m2sgTMswwqCgl"
"root","uEJyOd7qgV78D4FwldxY_0323080298_president","0323080298","uEJyOd7qgV78D4FwldxY","President","2026-07-30T11:10:35.576Z","0SzPsdUTZYI93KO1T9Mb"
"root","uEJyOd7qgV78D4FwldxY_0323080298_public_relations_officer__pro_","0323080298","uEJyOd7qgV78D4FwldxY","Public Relations Officer (PRO)","2026-07-30T11:10:35.470Z","sYaEKE71tR8yMAhnxKS3"
"root","uEJyOd7qgV78D4FwldxY_0323080298_wocom","0323080298","uEJyOd7qgV78D4FwldxY","WOCOM","2026-07-30T11:10:35.583Z","jpMc98VADy2klTnDYzj6"
"root","uEJyOd7qgV78D4FwldxY_0323080299__general_secretary","0323080299","uEJyOd7qgV78D4FwldxY"," General Secretary","2026-07-30T21:23:25.963Z","fiSi1CkKQfygpItmz6js"
"root","uEJyOd7qgV78D4FwldxY_0323080299_financial_secretary","0323080299","uEJyOd7qgV78D4FwldxY","Financial Secretary","2026-07-30T21:23:25.982Z","dUD0vqvZ6nl6SB3FfzLH"
"root","uEJyOd7qgV78D4FwldxY_0323080299_organizing_secretary","0323080299","uEJyOd7qgV78D4FwldxY","Organizing Secretary","2026-07-30T21:23:25.925Z","hEgRBSrMhKiqzfhKMsXX"
"root","uEJyOd7qgV78D4FwldxY_0323080299_president","0323080299","uEJyOd7qgV78D4FwldxY","President","2026-07-30T21:23:25.963Z","r2uTOL9PSe6Bh1jcNqAd"
"root","uEJyOd7qgV78D4FwldxY_0323080299_public_relations_officer__pro_","0323080299","uEJyOd7qgV78D4FwldxY","Public Relations Officer (PRO)","2026-07-30T21:23:25.908Z","5zSGG9LPAu2c1c2tspkg"
"root","uEJyOd7qgV78D4FwldxY_0323080299_wocom","0323080299","uEJyOd7qgV78D4FwldxY","WOCOM","2026-07-30T21:23:25.917Z","YaZpcI7uWAAuPjerm8aY"
"root","uEJyOd7qgV78D4FwldxY_0323080301__general_secretary","0323080301","uEJyOd7qgV78D4FwldxY"," General Secretary","2026-07-30T21:27:58.692Z","OBZQ4ZIZrQHogRNaPzOn"
"root","uEJyOd7qgV78D4FwldxY_0323080301_financial_secretary","0323080301","uEJyOd7qgV78D4FwldxY","Financial Secretary","2026-07-30T21:27:58.659Z","DkbtdwkaGbEVzaEklCsL"
"root","uEJyOd7qgV78D4FwldxY_0323080301_organizing_secretary","0323080301","uEJyOd7qgV78D4FwldxY","Organizing Secretary","2026-07-30T21:27:58.732Z","maT9g8iBezMaWrhaObWd"
"root","uEJyOd7qgV78D4FwldxY_0323080301_president","0323080301","uEJyOd7qgV78D4FwldxY","President","2026-07-30T21:27:58.868Z","RxPu3eCvX5aWARG3Q1nn"
"root","uEJyOd7qgV78D4FwldxY_0323080301_public_relations_officer__pro_","0323080301","uEJyOd7qgV78D4FwldxY","Public Relations Officer (PRO)","2026-07-30T21:27:58.699Z","ezUZUC4339Tl0ry58MoX"
"root","uEJyOd7qgV78D4FwldxY_0323080301_wocom","0323080301","uEJyOd7qgV78D4FwldxY","WOCOM","2026-07-30T21:27:58.687Z","XNDqEiPBOF3PUfGMYEjh"
"root","uEJyOd7qgV78D4FwldxY_0323080302__general_secretary","0323080302","uEJyOd7qgV78D4FwldxY"," General Secretary","2026-07-30T20:40:22.344Z","oIaR9c0TUOdFjOrucWbA"
"root","uEJyOd7qgV78D4FwldxY_0323080302_financial_secretary","0323080302","uEJyOd7qgV78D4FwldxY","Financial Secretary","2026-07-30T20:40:22.321Z","gHDMfVtZcOLNWhv1uiKH"
"root","uEJyOd7qgV78D4FwldxY_0323080302_organizing_secretary","0323080302","uEJyOd7qgV78D4FwldxY","Organizing Secretary","2026-07-30T20:40:22.222Z","iEo4ogWRt6qqmC9gmwST"
"root","uEJyOd7qgV78D4FwldxY_0323080302_president","0323080302","uEJyOd7qgV78D4FwldxY","President","2026-07-30T20:40:22.339Z","Es5jYwK37RW6lUMbBM6N"
"root","uEJyOd7qgV78D4FwldxY_0323080302_public_relations_officer__pro_","0323080302","uEJyOd7qgV78D4FwldxY","Public Relations Officer (PRO)","2026-07-30T20:40:22.257Z","neOKi1gYETUmRDKNQbyV"
"root","uEJyOd7qgV78D4FwldxY_0323080302_wocom","0323080302","uEJyOd7qgV78D4FwldxY","WOCOM","2026-07-30T20:40:22.258Z","aTBbOiKpkc0kMuByzeiq"
"root","uEJyOd7qgV78D4FwldxY_0323080305__general_secretary","0323080305","uEJyOd7qgV78D4FwldxY"," General Secretary","2026-07-30T20:51:24.957Z","pG05PyjyA4o42izMeYVv"
"root","uEJyOd7qgV78D4FwldxY_0323080305_financial_secretary","0323080305","uEJyOd7qgV78D4FwldxY","Financial Secretary","2026-07-30T20:51:24.968Z","Q8Tooe9BmV71gEYfW57q"
"root","uEJyOd7qgV78D4FwldxY_0323080305_organizing_secretary","0323080305","uEJyOd7qgV78D4FwldxY","Organizing Secretary","2026-07-30T20:51:24.625Z","EFTdnIQuVMjL4NiVDafs"
"root","uEJyOd7qgV78D4FwldxY_0323080305_president","0323080305","uEJyOd7qgV78D4FwldxY","President","2026-07-30T20:51:24.657Z","2i4GjyD87wMUG1GZHLDE"
"root","uEJyOd7qgV78D4FwldxY_0323080305_public_relations_officer__pro_","0323080305","uEJyOd7qgV78D4FwldxY","Public Relations Officer (PRO)","2026-07-30T20:51:24.881Z","ORMnEXUkC7CqSCgLJti9"
"root","uEJyOd7qgV78D4FwldxY_0323080305_wocom","0323080305","uEJyOd7qgV78D4FwldxY","WOCOM","2026-07-30T20:51:24.937Z","ClRPv5j9qA6tCc1RvQeb"
"root","uEJyOd7qgV78D4FwldxY_0323080306__general_secretary","0323080306","uEJyOd7qgV78D4FwldxY"," General Secretary","2026-07-30T18:55:09.119Z","2CVD0zuh295CYYwu5WCc"
"root","uEJyOd7qgV78D4FwldxY_0323080306_financial_secretary","0323080306","uEJyOd7qgV78D4FwldxY","Financial Secretary","2026-07-30T18:55:09.273Z","trFsuZxwL5Jc5nvD6Dwk"
"root","uEJyOd7qgV78D4FwldxY_0323080306_organizing_secretary","0323080306","uEJyOd7qgV78D4FwldxY","Organizing Secretary","2026-07-30T18:55:09.276Z","i9PyNH6UcmXBxHSU5RHp"
"root","uEJyOd7qgV78D4FwldxY_0323080306_president","0323080306","uEJyOd7qgV78D4FwldxY","President","2026-07-30T18:55:09.135Z","vOpxPbnKuMtANBXs9oR6"
"root","uEJyOd7qgV78D4FwldxY_0323080306_public_relations_officer__pro_","0323080306","uEJyOd7qgV78D4FwldxY","Public Relations Officer (PRO)","2026-07-30T18:55:09.023Z","95oRwddTVj4ngkxQOw1L"
"root","uEJyOd7qgV78D4FwldxY_0323080306_wocom","0323080306","uEJyOd7qgV78D4FwldxY","WOCOM","2026-07-30T18:55:09.066Z","Z1GTM7SetzNksULSzcU8"
"root","uEJyOd7qgV78D4FwldxY_0323080307_president","0323080307","uEJyOd7qgV78D4FwldxY","President","2026-07-30T21:07:36.007Z","C0MJZ947UmogVUOc5Tqe"
"root","uEJyOd7qgV78D4FwldxY_0323080308__general_secretary","0323080308","uEJyOd7qgV78D4FwldxY"," General Secretary","2026-07-30T18:24:15.518Z","DWFtGHAohXpPIShEfxpU"
"root","uEJyOd7qgV78D4FwldxY_0323080308_financial_secretary","0323080308","uEJyOd7qgV78D4FwldxY","Financial Secretary","2026-07-30T18:24:15.522Z","JXbiAatRQmq86S4u5lMe"
"root","uEJyOd7qgV78D4FwldxY_0323080308_organizing_secretary","0323080308","uEJyOd7qgV78D4FwldxY","Organizing Secretary","2026-07-30T18:24:16.048Z","GxtdW6adaU3WFLhOtrCR"
"root","uEJyOd7qgV78D4FwldxY_0323080308_president","0323080308","uEJyOd7qgV78D4FwldxY","President","2026-07-30T18:24:15.613Z","10P1ky5ymxNk2LYxuYDa"
"root","uEJyOd7qgV78D4FwldxY_0323080308_public_relations_officer__pro_","0323080308","uEJyOd7qgV78D4FwldxY","Public Relations Officer (PRO)","2026-07-30T18:24:15.860Z","tKfoRVMQVZ27WQgSqkw9"
"root","uEJyOd7qgV78D4FwldxY_0323080308_wocom","0323080308","uEJyOd7qgV78D4FwldxY","WOCOM","2026-07-30T18:24:15.505Z","DpZOZBSuhIBi1TlXsqCV"
"root","uEJyOd7qgV78D4FwldxY_0323080310__general_secretary","0323080310","uEJyOd7qgV78D4FwldxY"," General Secretary","2026-07-30T11:30:47.627Z","OLZp9jZcq68MrVqmF71c"
"root","uEJyOd7qgV78D4FwldxY_0323080310_financial_secretary","0323080310","uEJyOd7qgV78D4FwldxY","Financial Secretary","2026-07-30T11:30:47.626Z","UxXwPCU3xadP3wCEIpho"
"root","uEJyOd7qgV78D4FwldxY_0323080310_organizing_secretary","0323080310","uEJyOd7qgV78D4FwldxY","Organizing Secretary","2026-07-30T11:30:47.536Z","l23hcIZlwuZ5J8Bfb3DW"
"root","uEJyOd7qgV78D4FwldxY_0323080310_president","0323080310","uEJyOd7qgV78D4FwldxY","President","2026-07-30T11:30:47.528Z","QvBu4dY4DK4jwTq98nHS"
"root","uEJyOd7qgV78D4FwldxY_0323080310_public_relations_officer__pro_","0323080310","uEJyOd7qgV78D4FwldxY","Public Relations Officer (PRO)","2026-07-30T11:30:47.521Z","96gb8GXDwAjlvQCrlutH"
"root","uEJyOd7qgV78D4FwldxY_0323080312__general_secretary","0323080312","uEJyOd7qgV78D4FwldxY"," General Secretary","2026-07-30T20:32:35.728Z","y0QjY3rof4PzbCU4zxDA"
"root","uEJyOd7qgV78D4FwldxY_0323080312_financial_secretary","0323080312","uEJyOd7qgV78D4FwldxY","Financial Secretary","2026-07-30T20:32:35.832Z","HjIhmJLRwD5Meyp5d5ZK"
"root","uEJyOd7qgV78D4FwldxY_0323080312_organizing_secretary","0323080312","uEJyOd7qgV78D4FwldxY","Organizing Secretary","2026-07-30T20:32:35.651Z","qHfiuUl7LNTlX9emC1vE"
"root","uEJyOd7qgV78D4FwldxY_0323080312_president","0323080312","uEJyOd7qgV78D4FwldxY","President","2026-07-30T20:32:35.652Z","Br9zWzYPXWh7aRA35qRI"
"root","uEJyOd7qgV78D4FwldxY_0323080312_wocom","0323080312","uEJyOd7qgV78D4FwldxY","WOCOM","2026-07-30T20:32:35.889Z","atRzrVPe04irpIsOAMvf"
"root","uEJyOd7qgV78D4FwldxY_0323080313_president","0323080313","uEJyOd7qgV78D4FwldxY","President","2026-07-30T21:01:28.976Z","NPyJiJiSqmXMMPzhCKSK"
"root","uEJyOd7qgV78D4FwldxY_0323080314_president","0323080314","uEJyOd7qgV78D4FwldxY","President","2026-07-30T20:58:41.302Z","0QYEIfzpQrxzajmYHKgo"
"root","uEJyOd7qgV78D4FwldxY_0323080317_president","0323080317","uEJyOd7qgV78D4FwldxY","President","2026-07-30T20:52:26.306Z","hiwrJ3NrVN4pxSRhoy4y"
"root","uEJyOd7qgV78D4FwldxY_0323080318__general_secretary","0323080318","uEJyOd7qgV78D4FwldxY"," General Secretary","2026-07-30T21:15:39.962Z","pvo8nmHq2gJtLkzOVsyO"
"root","uEJyOd7qgV78D4FwldxY_0323080318_financial_secretary","0323080318","uEJyOd7qgV78D4FwldxY","Financial Secretary","2026-07-30T21:15:40.211Z","t9m656j816t06mZ5Jqjb"
"root","uEJyOd7qgV78D4FwldxY_0323080318_organizing_secretary","0323080318","uEJyOd7qgV78D4FwldxY","Organizing Secretary","2026-07-30T21:15:39.383Z","6l67PguliBGuNYZOiZls"
"root","uEJyOd7qgV78D4FwldxY_0323080318_president","0323080318","uEJyOd7qgV78D4FwldxY","President","2026-07-30T21:15:39.393Z","b39xq3CgAhdQbM4QTw61"
"root","uEJyOd7qgV78D4FwldxY_0323080318_public_relations_officer__pro_","0323080318","uEJyOd7qgV78D4FwldxY","Public Relations Officer (PRO)","2026-07-30T21:15:39.316Z","RcDM99T6WewJZSmxtQMp"
"root","uEJyOd7qgV78D4FwldxY_0323080318_wocom","0323080318","uEJyOd7qgV78D4FwldxY","WOCOM","2026-07-30T21:15:39.490Z","DbBXXNaBZWQNO8l9JCqo"
"root","uEJyOd7qgV78D4FwldxY_0323080319_president","0323080319","uEJyOd7qgV78D4FwldxY","President","2026-07-30T20:44:59.697Z","hVmXyA8ErSvon3JrPFZW"
"root","uEJyOd7qgV78D4FwldxY_0323080320__general_secretary","0323080320","uEJyOd7qgV78D4FwldxY"," General Secretary","2026-07-30T20:47:07.720Z","0QQSzmbwLNgG2fKV9phy"
"root","uEJyOd7qgV78D4FwldxY_0323080320_financial_secretary","0323080320","uEJyOd7qgV78D4FwldxY","Financial Secretary","2026-07-30T20:47:07.716Z","SCoqtnxg7UBqAWDeWSS3"
"root","uEJyOd7qgV78D4FwldxY_0323080320_organizing_secretary","0323080320","uEJyOd7qgV78D4FwldxY","Organizing Secretary","2026-07-30T20:47:07.579Z","pYWaOApSdwGdvAPxd6oe"
"root","uEJyOd7qgV78D4FwldxY_0323080320_president","0323080320","uEJyOd7qgV78D4FwldxY","President","2026-07-30T20:47:07.683Z","uhnK1qwokHNIdBcyJ0HK"
"root","uEJyOd7qgV78D4FwldxY_0323080320_public_relations_officer__pro_","0323080320","uEJyOd7qgV78D4FwldxY","Public Relations Officer (PRO)","2026-07-30T20:47:07.619Z","GPrpPLb67riWzNid2oRf"
"root","uEJyOd7qgV78D4FwldxY_0323080320_wocom","0323080320","uEJyOd7qgV78D4FwldxY","WOCOM","2026-07-30T20:47:07.616Z","AdpoDHITF8tZVsJAcxFN"
"root","uEJyOd7qgV78D4FwldxY_0323080321__general_secretary","0323080321","uEJyOd7qgV78D4FwldxY"," General Secretary","2026-07-30T09:29:40.761Z","u8NQbyRwnfiCKpdaFxD6"
"root","uEJyOd7qgV78D4FwldxY_0323080321_financial_secretary","0323080321","uEJyOd7qgV78D4FwldxY","Financial Secretary","2026-07-30T09:29:40.814Z","6KD1Sm2SsqAWEpJYbas5"
"root","uEJyOd7qgV78D4FwldxY_0323080321_organizing_secretary","0323080321","uEJyOd7qgV78D4FwldxY","Organizing Secretary","2026-07-30T09:29:40.814Z","4jvF9v9jz5am7gYsEYKz"
"root","uEJyOd7qgV78D4FwldxY_0323080321_president","0323080321","uEJyOd7qgV78D4FwldxY","President","2026-07-30T09:29:40.887Z","1Nwhsa5VcC10nFPbTTs7"
"root","uEJyOd7qgV78D4FwldxY_0323080321_public_relations_officer__pro_","0323080321","uEJyOd7qgV78D4FwldxY","Public Relations Officer (PRO)","2026-07-30T09:29:40.754Z","HZfYXSA7owJ119o4Gzzw"
"root","uEJyOd7qgV78D4FwldxY_0323080321_wocom","0323080321","uEJyOd7qgV78D4FwldxY","WOCOM","2026-07-30T09:29:40.814Z","VLYFxTXnq4eyeKMug9tm"
"root","uEJyOd7qgV78D4FwldxY_0323080322__general_secretary","0323080322","uEJyOd7qgV78D4FwldxY"," General Secretary","2026-07-30T09:10:43.773Z","JRoLpveLeBSNu7RbdNHN"
"root","uEJyOd7qgV78D4FwldxY_0323080322_financial_secretary","0323080322","uEJyOd7qgV78D4FwldxY","Financial Secretary","2026-07-30T09:10:43.732Z","oa4NauseuWerVT8MAqLY"
"root","uEJyOd7qgV78D4FwldxY_0323080322_organizing_secretary","0323080322","uEJyOd7qgV78D4FwldxY","Organizing Secretary","2026-07-30T09:10:43.853Z","9vwKujRDchbAlg7BZZR9"
"root","uEJyOd7qgV78D4FwldxY_0323080322_president","0323080322","uEJyOd7qgV78D4FwldxY","President","2026-07-30T09:10:43.772Z","4QSuLIwntibTnROIC9BH"
"root","uEJyOd7qgV78D4FwldxY_0323080322_public_relations_officer__pro_","0323080322","uEJyOd7qgV78D4FwldxY","Public Relations Officer (PRO)","2026-07-30T09:10:43.704Z","hFxJo4QiSWOz6mVUo4a9"
"root","uEJyOd7qgV78D4FwldxY_0323080322_wocom","0323080322","uEJyOd7qgV78D4FwldxY","WOCOM","2026-07-30T09:10:43.805Z","vBXWH4v6VG3yzU5hgjdB"
"root","uEJyOd7qgV78D4FwldxY_0323080323__general_secretary","0323080323","uEJyOd7qgV78D4FwldxY"," General Secretary","2026-07-30T20:38:21.230Z","y1h5xsVGNb0rdfuXUx2J"
"root","uEJyOd7qgV78D4FwldxY_0323080323_financial_secretary","0323080323","uEJyOd7qgV78D4FwldxY","Financial Secretary","2026-07-30T20:38:21.369Z","hNMMEO7mf8xqbGbjrbTE"
"root","uEJyOd7qgV78D4FwldxY_0323080323_organizing_secretary","0323080323","uEJyOd7qgV78D4FwldxY","Organizing Secretary","2026-07-30T20:38:21.650Z","ba6M8GqMjcA1c5eInbvu"
"root","uEJyOd7qgV78D4FwldxY_0323080323_president","0323080323","uEJyOd7qgV78D4FwldxY","President","2026-07-30T20:38:21.389Z","Y2FEUcPnL68qQrlyWhAs"
"root","uEJyOd7qgV78D4FwldxY_0323080323_wocom","0323080323","uEJyOd7qgV78D4FwldxY","WOCOM","2026-07-30T20:38:21.305Z","grHxKrPejssGZIs0GQeN"
"root","uEJyOd7qgV78D4FwldxY_0323080324__general_secretary","0323080324","uEJyOd7qgV78D4FwldxY"," General Secretary","2026-07-30T09:12:11.897Z","cEY2BCPOCP4Dfobvmxds"
"root","uEJyOd7qgV78D4FwldxY_0323080325__general_secretary","0323080325","uEJyOd7qgV78D4FwldxY"," General Secretary","2026-07-30T19:56:36.650Z","GEZylZnIcHkFDCmkOUVD"
"root","uEJyOd7qgV78D4FwldxY_0323080325_financial_secretary","0323080325","uEJyOd7qgV78D4FwldxY","Financial Secretary","2026-07-30T19:56:36.701Z","Izvl9k3C9QmT6KsmolLl"
"root","uEJyOd7qgV78D4FwldxY_0323080325_organizing_secretary","0323080325","uEJyOd7qgV78D4FwldxY","Organizing Secretary","2026-07-30T19:56:36.685Z","37r1P4wAoNs7EJfdYb1q"
"root","uEJyOd7qgV78D4FwldxY_0323080325_president","0323080325","uEJyOd7qgV78D4FwldxY","President","2026-07-30T19:56:36.749Z","dqPE3x82BON1gCJ6frKx"
"root","uEJyOd7qgV78D4FwldxY_0323080325_wocom","0323080325","uEJyOd7qgV78D4FwldxY","WOCOM","2026-07-30T19:56:36.686Z","tT8G4mFHcI7HasENFY3H"
"root","uEJyOd7qgV78D4FwldxY_0323080326_president","0323080326","uEJyOd7qgV78D4FwldxY","President","2026-07-30T20:36:34.536Z","rgShZWo9Xk1m4PgxTh9i"
"root","uEJyOd7qgV78D4FwldxY_0323080329__general_secretary","0323080329","uEJyOd7qgV78D4FwldxY"," General Secretary","2026-07-30T11:25:25.935Z","IZ9AJFJWPAnrJzWAVrxn"
"root","uEJyOd7qgV78D4FwldxY_0323080329_financial_secretary","0323080329","uEJyOd7qgV78D4FwldxY","Financial Secretary","2026-07-30T11:25:25.941Z","sYKfLcvJ5j3zteS4YVUI"
"root","uEJyOd7qgV78D4FwldxY_0323080329_organizing_secretary","0323080329","uEJyOd7qgV78D4FwldxY","Organizing Secretary","2026-07-30T11:25:26.018Z","6I8MLsjM77FyVHN5sn2C"
"root","uEJyOd7qgV78D4FwldxY_0323080329_president","0323080329","uEJyOd7qgV78D4FwldxY","President","2026-07-30T11:25:25.852Z","mfQ07elKPNY15uyEz8UG"
"root","uEJyOd7qgV78D4FwldxY_0323080329_public_relations_officer__pro_","0323080329","uEJyOd7qgV78D4FwldxY","Public Relations Officer (PRO)","2026-07-30T11:25:25.985Z","9YEfg4gjUWT0aBNkyo3Q"
"root","uEJyOd7qgV78D4FwldxY_0323080329_wocom","0323080329","uEJyOd7qgV78D4FwldxY","WOCOM","2026-07-30T11:25:25.933Z","YcemV0pAvPbeN4iTM6aT"
"root","uEJyOd7qgV78D4FwldxY_0323080330__general_secretary","0323080330","uEJyOd7qgV78D4FwldxY"," General Secretary","2026-07-30T11:29:17.393Z","KJk6jXK57SE0JgJCcpau"
"root","uEJyOd7qgV78D4FwldxY_0323080330_financial_secretary","0323080330","uEJyOd7qgV78D4FwldxY","Financial Secretary","2026-07-30T11:29:17.266Z","8XZuYkFSdP8tFbC7ZBuG"
"root","uEJyOd7qgV78D4FwldxY_0323080330_organizing_secretary","0323080330","uEJyOd7qgV78D4FwldxY","Organizing Secretary","2026-07-30T11:29:17.486Z","n58ZfhYNsSMf5CgQkhIp"
"root","uEJyOd7qgV78D4FwldxY_0323080330_president","0323080330","uEJyOd7qgV78D4FwldxY","President","2026-07-30T11:29:17.663Z","aX9iVS4RupzLeDWzV1W4"
"root","uEJyOd7qgV78D4FwldxY_0323080330_public_relations_officer__pro_","0323080330","uEJyOd7qgV78D4FwldxY","Public Relations Officer (PRO)","2026-07-30T11:29:17.381Z","BFjCXVTXdNvmgANAM02b"
"root","uEJyOd7qgV78D4FwldxY_0323080330_wocom","0323080330","uEJyOd7qgV78D4FwldxY","WOCOM","2026-07-30T11:29:17.253Z","zhqrH5SFvqAkEgId9ftX"
"root","uEJyOd7qgV78D4FwldxY_0323080331__general_secretary","0323080331","uEJyOd7qgV78D4FwldxY"," General Secretary","2026-07-30T11:43:22.271Z","cSqHgvXeUJNJbiZV1Kqc"
"root","uEJyOd7qgV78D4FwldxY_0323080331_financial_secretary","0323080331","uEJyOd7qgV78D4FwldxY","Financial Secretary","2026-07-30T11:43:22.162Z","gqLLZPiAHcHVrI7TV1TO"
"root","uEJyOd7qgV78D4FwldxY_0323080331_organizing_secretary","0323080331","uEJyOd7qgV78D4FwldxY","Organizing Secretary","2026-07-30T11:43:22.334Z","x0H4X5gCF97PI3UXh4QR"
"root","uEJyOd7qgV78D4FwldxY_0323080331_president","0323080331","uEJyOd7qgV78D4FwldxY","President","2026-07-30T11:43:22.220Z","CGAb7S1rMgWUHMgs2vhH"
"root","uEJyOd7qgV78D4FwldxY_0323080331_public_relations_officer__pro_","0323080331","uEJyOd7qgV78D4FwldxY","Public Relations Officer (PRO)","2026-07-30T11:43:22.254Z","y7n1PqK3MY9G5FBitvBE"
"root","uEJyOd7qgV78D4FwldxY_0323080331_wocom","0323080331","uEJyOd7qgV78D4FwldxY","WOCOM","2026-07-30T11:43:22.243Z","I5IJGjDaF8n9i0jwH21z"
"root","uEJyOd7qgV78D4FwldxY_0323080332__general_secretary","0323080332","uEJyOd7qgV78D4FwldxY"," General Secretary","2026-07-30T17:53:32.812Z","n8gewEVownMRIvfFYH6P"
"root","uEJyOd7qgV78D4FwldxY_0323080332_financial_secretary","0323080332","uEJyOd7qgV78D4FwldxY","Financial Secretary","2026-07-30T17:53:32.484Z","NEHeS25g3JEqP7kjqaIF"
"root","uEJyOd7qgV78D4FwldxY_0323080332_organizing_secretary","0323080332","uEJyOd7qgV78D4FwldxY","Organizing Secretary","2026-07-30T17:53:32.469Z","OC4vypfEiwrSHjNZG9Al"
"root","uEJyOd7qgV78D4FwldxY_0323080332_president","0323080332","uEJyOd7qgV78D4FwldxY","President","2026-07-30T17:53:32.626Z","yNlcHctwX5a0Dp7rUeBD"
"root","uEJyOd7qgV78D4FwldxY_0323080332_public_relations_officer__pro_","0323080332","uEJyOd7qgV78D4FwldxY","Public Relations Officer (PRO)","2026-07-30T17:53:32.927Z","6RVy88fPhC1uiYUWv9T3"
"root","uEJyOd7qgV78D4FwldxY_0323080332_wocom","0323080332","uEJyOd7qgV78D4FwldxY","WOCOM","2026-07-30T17:53:32.540Z","VXzNEdEn3Hizj2h70O15"
"root","uEJyOd7qgV78D4FwldxY_0323080333_president","0323080333","uEJyOd7qgV78D4FwldxY","President","2026-07-30T20:34:51.238Z","ZINbVPbDmIg7KlAOCezP"
"root","uEJyOd7qgV78D4FwldxY_0323080335__general_secretary","0323080335","uEJyOd7qgV78D4FwldxY"," General Secretary","2026-07-30T19:11:04.987Z","BAJ5EcxR1gqldCdK6n0i"
"root","uEJyOd7qgV78D4FwldxY_0323080335_financial_secretary","0323080335","uEJyOd7qgV78D4FwldxY","Financial Secretary","2026-07-30T19:11:04.800Z","WCJLdnKjl2Jlk84Qy0zH"
"root","uEJyOd7qgV78D4FwldxY_0323080335_organizing_secretary","0323080335","uEJyOd7qgV78D4FwldxY","Organizing Secretary","2026-07-30T19:11:04.793Z","t0DAzVPCjINi7O5126E9"
"root","uEJyOd7qgV78D4FwldxY_0323080335_president","0323080335","uEJyOd7qgV78D4FwldxY","President","2026-07-30T19:11:04.881Z","vXmC62jJgquzudoujSl0"
"root","uEJyOd7qgV78D4FwldxY_0323080335_public_relations_officer__pro_","0323080335","uEJyOd7qgV78D4FwldxY","Public Relations Officer (PRO)","2026-07-30T19:11:05.050Z","RUmlgLNkfSMFewM7N33p"
"root","uEJyOd7qgV78D4FwldxY_0323080335_wocom","0323080335","uEJyOd7qgV78D4FwldxY","WOCOM","2026-07-30T19:11:04.970Z","c4x2mwhgVDuSRyoeuia2"
"root","uEJyOd7qgV78D4FwldxY_0323080336_president","0323080336","uEJyOd7qgV78D4FwldxY","President","2026-07-30T20:32:48.855Z","eB6fzs6Y4q7qyHCANrlf"
"root","uEJyOd7qgV78D4FwldxY_0323080337__general_secretary","0323080337","uEJyOd7qgV78D4FwldxY"," General Secretary","2026-07-30T11:12:41.303Z","T9omfBxlpsEnsOofWVKj"
"root","uEJyOd7qgV78D4FwldxY_0323080337_financial_secretary","0323080337","uEJyOd7qgV78D4FwldxY","Financial Secretary","2026-07-30T11:12:41.440Z","P8dkeYRxe9LjJguutIbQ"
"root","uEJyOd7qgV78D4FwldxY_0323080337_organizing_secretary","0323080337","uEJyOd7qgV78D4FwldxY","Organizing Secretary","2026-07-30T11:12:41.418Z","RvyZjp5CoS9qOFH3wxfz"
"root","uEJyOd7qgV78D4FwldxY_0323080337_president","0323080337","uEJyOd7qgV78D4FwldxY","President","2026-07-30T11:12:41.215Z","Z6KmbSUgXpkqRUoUEC98"
"root","uEJyOd7qgV78D4FwldxY_0323080337_public_relations_officer__pro_","0323080337","uEJyOd7qgV78D4FwldxY","Public Relations Officer (PRO)","2026-07-30T11:12:41.270Z","N0JzbqgnN7VZufcvnGMO"
"root","uEJyOd7qgV78D4FwldxY_0323080337_wocom","0323080337","uEJyOd7qgV78D4FwldxY","WOCOM","2026-07-30T11:12:41.294Z","kp6S89fBhNOIvnklSOXn"
"root","uEJyOd7qgV78D4FwldxY_0323080338__general_secretary","0323080338","uEJyOd7qgV78D4FwldxY"," General Secretary","2026-07-30T20:30:11.200Z","niRjagi4DPe6NlnuuV0K"
"root","uEJyOd7qgV78D4FwldxY_0323080338_financial_secretary","0323080338","uEJyOd7qgV78D4FwldxY","Financial Secretary","2026-07-30T20:30:11.063Z","tZAl08YnVK4EimINQCp9"
"root","uEJyOd7qgV78D4FwldxY_0323080338_organizing_secretary","0323080338","uEJyOd7qgV78D4FwldxY","Organizing Secretary","2026-07-30T20:30:11.213Z","azMjjo4OMyhuZMI597He"
"root","uEJyOd7qgV78D4FwldxY_0323080338_president","0323080338","uEJyOd7qgV78D4FwldxY","President","2026-07-30T20:30:11.108Z","pHz1wrwA1nNcBVOJBj4P"
"root","uEJyOd7qgV78D4FwldxY_0323080338_public_relations_officer__pro_","0323080338","uEJyOd7qgV78D4FwldxY","Public Relations Officer (PRO)","2026-07-30T20:30:11.223Z","dNJVyZR5lWP6CPu67pRm"
"root","uEJyOd7qgV78D4FwldxY_0323080338_wocom","0323080338","uEJyOd7qgV78D4FwldxY","WOCOM","2026-07-30T20:30:11.051Z","dKZirXcApJwX8FLOdokg"
"root","uEJyOd7qgV78D4FwldxY_0323080340__general_secretary","0323080340","uEJyOd7qgV78D4FwldxY"," General Secretary","2026-07-30T09:18:27.170Z","KcVIw8qqpbs4ZBTPp7Do"
"root","uEJyOd7qgV78D4FwldxY_0323080340_financial_secretary","0323080340","uEJyOd7qgV78D4FwldxY","Financial Secretary","2026-07-30T09:18:26.897Z","2lXOSu8B9zOxR2Srdx1H"
"root","uEJyOd7qgV78D4FwldxY_0323080340_organizing_secretary","0323080340","uEJyOd7qgV78D4FwldxY","Organizing Secretary","2026-07-30T09:18:26.966Z","fBIP5zjJS81Orrjyw8eg"
"root","uEJyOd7qgV78D4FwldxY_0323080340_president","0323080340","uEJyOd7qgV78D4FwldxY","President","2026-07-30T09:18:27.189Z","cmWHaJAhJnQuCvRIAzvB"
"root","uEJyOd7qgV78D4FwldxY_0323080340_public_relations_officer__pro_","0323080340","uEJyOd7qgV78D4FwldxY","Public Relations Officer (PRO)","2026-07-30T09:18:26.831Z","4VNx5kSPOJpdXrbfOBQq"
"root","uEJyOd7qgV78D4FwldxY_0323080340_wocom","0323080340","uEJyOd7qgV78D4FwldxY","WOCOM","2026-07-30T09:18:26.948Z","DLj1v4s5GJTHPpZGvhCE"
"root","uEJyOd7qgV78D4FwldxY_0323080343__general_secretary","0323080343","uEJyOd7qgV78D4FwldxY"," General Secretary","2026-07-30T11:08:11.045Z","RTg9mqDAYC2sLLHrZmVW"
"root","uEJyOd7qgV78D4FwldxY_0323080343_financial_secretary","0323080343","uEJyOd7qgV78D4FwldxY","Financial Secretary","2026-07-30T11:08:10.926Z","1z40LEIn7iD4KnfI7VXO"
"root","uEJyOd7qgV78D4FwldxY_0323080343_organizing_secretary","0323080343","uEJyOd7qgV78D4FwldxY","Organizing Secretary","2026-07-30T11:08:11.029Z","WCAF564jjYfXrRL5s7tK"
"root","uEJyOd7qgV78D4FwldxY_0323080343_president","0323080343","uEJyOd7qgV78D4FwldxY","President","2026-07-30T11:08:10.925Z","kaSeDBOYGCTH06HjIr68"
"root","uEJyOd7qgV78D4FwldxY_0323080343_public_relations_officer__pro_","0323080343","uEJyOd7qgV78D4FwldxY","Public Relations Officer (PRO)","2026-07-30T11:08:10.841Z","UzcLTpCXzH1FR6uGqhuH"
"root","uEJyOd7qgV78D4FwldxY_0323080343_wocom","0323080343","uEJyOd7qgV78D4FwldxY","WOCOM","2026-07-30T11:08:10.935Z","w3RKJMMFKXn7BXp5nZFO"
"root","uEJyOd7qgV78D4FwldxY_0323080345_president","0323080345","uEJyOd7qgV78D4FwldxY","President","2026-07-30T20:28:11.752Z","kWTjfioIZSX6HOQW4vHi"
"root","uEJyOd7qgV78D4FwldxY_0323080347__general_secretary","0323080347","uEJyOd7qgV78D4FwldxY"," General Secretary","2026-07-30T17:44:20.066Z","30V6jVjPz6YIhPVMORV7"
"root","uEJyOd7qgV78D4FwldxY_0323080347_president","0323080347","uEJyOd7qgV78D4FwldxY","President","2026-07-30T17:44:20.054Z","oVafP065gbYRxE1HYmcQ"
"root","uEJyOd7qgV78D4FwldxY_0323080349__general_secretary","0323080349","uEJyOd7qgV78D4FwldxY"," General Secretary","2026-07-30T18:16:47.934Z","8LFF15Gcthw5dEtYi6Ri"
"root","uEJyOd7qgV78D4FwldxY_0323080349_financial_secretary","0323080349","uEJyOd7qgV78D4FwldxY","Financial Secretary","2026-07-30T18:16:47.890Z","1PpKvJUqcR77U0hFosFR"
"root","uEJyOd7qgV78D4FwldxY_0323080349_organizing_secretary","0323080349","uEJyOd7qgV78D4FwldxY","Organizing Secretary","2026-07-30T18:16:47.899Z","ikM3q9q3LhoDghtaSd7f"
"root","uEJyOd7qgV78D4FwldxY_0323080349_president","0323080349","uEJyOd7qgV78D4FwldxY","President","2026-07-30T18:16:47.886Z","xGQF3QsEervH8xVPdoAc"
"root","uEJyOd7qgV78D4FwldxY_0323080349_public_relations_officer__pro_","0323080349","uEJyOd7qgV78D4FwldxY","Public Relations Officer (PRO)","2026-07-30T18:16:47.901Z","ln3PQuuhZi14vjnT2OTa"
"root","uEJyOd7qgV78D4FwldxY_0323080349_wocom","0323080349","uEJyOd7qgV78D4FwldxY","WOCOM","2026-07-30T18:16:48.016Z","ImS4YgxzCHpQnerVNNt0"
"root","uEJyOd7qgV78D4FwldxY_0323080350__general_secretary","0323080350","uEJyOd7qgV78D4FwldxY"," General Secretary","2026-07-30T11:19:21.529Z","AuiV6WXWFp3J5RJcvtBt"
"root","uEJyOd7qgV78D4FwldxY_0323080350_financial_secretary","0323080350","uEJyOd7qgV78D4FwldxY","Financial Secretary","2026-07-30T11:19:21.338Z","vAyRTx98rXUV0UYoIKqM"
"root","uEJyOd7qgV78D4FwldxY_0323080350_organizing_secretary","0323080350","uEJyOd7qgV78D4FwldxY","Organizing Secretary","2026-07-30T11:19:21.354Z","PU3n59Dtv5PgDeUjBkDG"
"root","uEJyOd7qgV78D4FwldxY_0323080350_president","0323080350","uEJyOd7qgV78D4FwldxY","President","2026-07-30T11:19:21.290Z","3vI4mu9vnkcrHH6m8nOT"
"root","uEJyOd7qgV78D4FwldxY_0323080350_public_relations_officer__pro_","0323080350","uEJyOd7qgV78D4FwldxY","Public Relations Officer (PRO)","2026-07-30T11:19:21.298Z","zaWcc4MriTctjZtt0yip"
"root","uEJyOd7qgV78D4FwldxY_0323080350_wocom","0323080350","uEJyOd7qgV78D4FwldxY","WOCOM","2026-07-30T11:19:21.230Z","lO1AECFpG0SoFPzkNz82"
"root","uEJyOd7qgV78D4FwldxY_0323080351__general_secretary","0323080351","uEJyOd7qgV78D4FwldxY"," General Secretary","2026-07-30T17:52:14.791Z","BDg6IFgY6rkilZGXsk8d"
"root","uEJyOd7qgV78D4FwldxY_0323080351_financial_secretary","0323080351","uEJyOd7qgV78D4FwldxY","Financial Secretary","2026-07-30T17:52:14.809Z","4Fw0N3DCGW2NhKe9LPao"
"root","uEJyOd7qgV78D4FwldxY_0323080351_organizing_secretary","0323080351","uEJyOd7qgV78D4FwldxY","Organizing Secretary","2026-07-30T17:52:14.724Z","NHBshUVSqY9FuECpu0vM"
"root","uEJyOd7qgV78D4FwldxY_0323080351_president","0323080351","uEJyOd7qgV78D4FwldxY","President","2026-07-30T17:52:14.739Z","atXTMq0g8w4FzUAd46rY"
"root","uEJyOd7qgV78D4FwldxY_0323080351_wocom","0323080351","uEJyOd7qgV78D4FwldxY","WOCOM","2026-07-30T17:52:14.856Z","6bD3b2ksBcM7lE6SGuxd"
"root","uEJyOd7qgV78D4FwldxY_0323080355__general_secretary","0323080355","uEJyOd7qgV78D4FwldxY"," General Secretary","2026-07-30T09:24:41.774Z","mqe4rqrScDpoSqhXNgqH"
"root","uEJyOd7qgV78D4FwldxY_0323080355_financial_secretary","0323080355","uEJyOd7qgV78D4FwldxY","Financial Secretary","2026-07-30T09:24:41.661Z","TtUoGyze0qzCkPaqll5W"
"root","uEJyOd7qgV78D4FwldxY_0323080355_organizing_secretary","0323080355","uEJyOd7qgV78D4FwldxY","Organizing Secretary","2026-07-30T09:24:41.774Z","Ehk5G06Y0Wz9Ti3bweJ2"
"root","uEJyOd7qgV78D4FwldxY_0323080355_president","0323080355","uEJyOd7qgV78D4FwldxY","President","2026-07-30T09:24:41.737Z","m8yylRdEYccAOxbkQYgF"
"root","uEJyOd7qgV78D4FwldxY_0323080355_public_relations_officer__pro_","0323080355","uEJyOd7qgV78D4FwldxY","Public Relations Officer (PRO)","2026-07-30T09:24:41.747Z","4OhB5ChQxX6lHRbdz45I"
"root","uEJyOd7qgV78D4FwldxY_0323080355_wocom","0323080355","uEJyOd7qgV78D4FwldxY","WOCOM","2026-07-30T09:24:41.837Z","BORG2rYNbgZ8AYdjtJY7"
"root","uEJyOd7qgV78D4FwldxY_0323080357__general_secretary","0323080357","uEJyOd7qgV78D4FwldxY"," General Secretary","2026-07-30T20:56:17.699Z","Z3ZV8n79YEf4NoJN2pXF"
"root","uEJyOd7qgV78D4FwldxY_0323080357_financial_secretary","0323080357","uEJyOd7qgV78D4FwldxY","Financial Secretary","2026-07-30T20:56:17.898Z","nOZXJNQLuBX2DQfusc91"
"root","uEJyOd7qgV78D4FwldxY_0323080357_organizing_secretary","0323080357","uEJyOd7qgV78D4FwldxY","Organizing Secretary","2026-07-30T20:56:18.090Z","QejiXN7s6CDFrbxsHgCM"
"root","uEJyOd7qgV78D4FwldxY_0323080357_president","0323080357","uEJyOd7qgV78D4FwldxY","President","2026-07-30T20:56:17.702Z","kBMBDvO3vlJ2BdCvDdzf"
"root","uEJyOd7qgV78D4FwldxY_0323080357_public_relations_officer__pro_","0323080357","uEJyOd7qgV78D4FwldxY","Public Relations Officer (PRO)","2026-07-30T20:56:17.678Z","zKOMN01ZBweuxFGhTsi0"
"root","uEJyOd7qgV78D4FwldxY_0323080357_wocom","0323080357","uEJyOd7qgV78D4FwldxY","WOCOM","2026-07-30T20:56:17.881Z","uEkLZyhgT8eiyDKtjMZF"
"root","uEJyOd7qgV78D4FwldxY_0323080367__general_secretary","0323080367","uEJyOd7qgV78D4FwldxY"," General Secretary","2026-07-30T11:11:55.633Z","Out6E2iRysZZqoReNGO1"
"root","uEJyOd7qgV78D4FwldxY_0323080367_financial_secretary","0323080367","uEJyOd7qgV78D4FwldxY","Financial Secretary","2026-07-30T11:11:55.595Z","cBPQtH8kIrkfW50DcaNh"
"root","uEJyOd7qgV78D4FwldxY_0323080367_organizing_secretary","0323080367","uEJyOd7qgV78D4FwldxY","Organizing Secretary","2026-07-30T11:11:55.741Z","Y9GU5kgravMN3XHIZzPo"
"root","uEJyOd7qgV78D4FwldxY_0323080367_president","0323080367","uEJyOd7qgV78D4FwldxY","President","2026-07-30T11:11:55.580Z","h8OJadXjm9h6YaTRptMX"
"root","uEJyOd7qgV78D4FwldxY_0323080367_public_relations_officer__pro_","0323080367","uEJyOd7qgV78D4FwldxY","Public Relations Officer (PRO)","2026-07-30T11:11:55.577Z","t3YCRafxLHV7gk5Jq31d"
"root","uEJyOd7qgV78D4FwldxY_0323080367_wocom","0323080367","uEJyOd7qgV78D4FwldxY","WOCOM","2026-07-30T11:11:55.571Z","p8lUqkioAXSz9KEQsvb5"
"root","uEJyOd7qgV78D4FwldxY_0323080371__general_secretary","0323080371","uEJyOd7qgV78D4FwldxY"," General Secretary","2026-07-30T17:56:53.250Z","T47mDPU9viYNaH6N12yK"
"root","uEJyOd7qgV78D4FwldxY_0323080371_financial_secretary","0323080371","uEJyOd7qgV78D4FwldxY","Financial Secretary","2026-07-30T17:56:53.069Z","LHq9y3TXqqlaKZ0axZ0C"
"root","uEJyOd7qgV78D4FwldxY_0323080371_organizing_secretary","0323080371","uEJyOd7qgV78D4FwldxY","Organizing Secretary","2026-07-30T17:56:53.085Z","6D7WoE8omXTmehzon5He"
"root","uEJyOd7qgV78D4FwldxY_0323080371_president","0323080371","uEJyOd7qgV78D4FwldxY","President","2026-07-30T17:56:53.029Z","6FxNwYc6CDO8iDcCZXuF"
"root","uEJyOd7qgV78D4FwldxY_0323080371_public_relations_officer__pro_","0323080371","uEJyOd7qgV78D4FwldxY","Public Relations Officer (PRO)","2026-07-30T17:56:52.883Z","0pK1NfhyPh57sCj7oR9a"
"root","uEJyOd7qgV78D4FwldxY_0323080371_wocom","0323080371","uEJyOd7qgV78D4FwldxY","WOCOM","2026-07-30T17:56:53.199Z","YQWWkkqxEQdhmkYwhbaU"
"root","uEJyOd7qgV78D4FwldxY_0323080380__general_secretary","0323080380","uEJyOd7qgV78D4FwldxY"," General Secretary","2026-07-30T11:03:53.501Z","CxveOghBpmHnxXPbcAUP"
"root","uEJyOd7qgV78D4FwldxY_0323080380_financial_secretary","0323080380","uEJyOd7qgV78D4FwldxY","Financial Secretary","2026-07-30T11:03:53.467Z","CBURxwzmNiu9PphJT14M"
"root","uEJyOd7qgV78D4FwldxY_0323080380_organizing_secretary","0323080380","uEJyOd7qgV78D4FwldxY","Organizing Secretary","2026-07-30T11:03:53.598Z","cZgGof4EHJS2iQNU4bY5"
"root","uEJyOd7qgV78D4FwldxY_0323080380_president","0323080380","uEJyOd7qgV78D4FwldxY","President","2026-07-30T11:03:53.430Z","vthC3prWsRP7STn30Rvf"
"root","uEJyOd7qgV78D4FwldxY_0323080380_public_relations_officer__pro_","0323080380","uEJyOd7qgV78D4FwldxY","Public Relations Officer (PRO)","2026-07-30T11:03:53.546Z","kGUW4YfM4QplioT9EEUW"
"root","uEJyOd7qgV78D4FwldxY_0323080380_wocom","0323080380","uEJyOd7qgV78D4FwldxY","WOCOM","2026-07-30T11:03:53.513Z","kvdwlHuujJHjm0rm6YI6"
"root","uEJyOd7qgV78D4FwldxY_0323080387__general_secretary","0323080387","uEJyOd7qgV78D4FwldxY"," General Secretary","2026-07-30T21:25:41.969Z","hssk4Ck4DoIZh4rgp35U"
"root","uEJyOd7qgV78D4FwldxY_0323080387_financial_secretary","0323080387","uEJyOd7qgV78D4FwldxY","Financial Secretary","2026-07-30T21:25:42.121Z","VkpRHm1qGzQRbTmNinyf"
"root","uEJyOd7qgV78D4FwldxY_0323080387_organizing_secretary","0323080387","uEJyOd7qgV78D4FwldxY","Organizing Secretary","2026-07-30T21:25:42.674Z","pTFvbqrX7cU57KDg7dMB"
"root","uEJyOd7qgV78D4FwldxY_0323080387_president","0323080387","uEJyOd7qgV78D4FwldxY","President","2026-07-30T21:25:42.204Z","bX432AilB5gWzcodJ6r9"
"root","uEJyOd7qgV78D4FwldxY_0323080387_public_relations_officer__pro_","0323080387","uEJyOd7qgV78D4FwldxY","Public Relations Officer (PRO)","2026-07-30T21:25:41.991Z","li0DNPfPOLAnSXfGD0Tm"
"root","uEJyOd7qgV78D4FwldxY_0323080387_wocom","0323080387","uEJyOd7qgV78D4FwldxY","WOCOM","2026-07-30T21:25:42.034Z","Mpzi06ktLRgsaJrXO8Hg"
"root","uEJyOd7qgV78D4FwldxY_0323080391__general_secretary","0323080391","uEJyOd7qgV78D4FwldxY"," General Secretary","2026-07-30T11:09:58.199Z","syphbDf5P15LNl7GFI5I"
"root","uEJyOd7qgV78D4FwldxY_0323080391_financial_secretary","0323080391","uEJyOd7qgV78D4FwldxY","Financial Secretary","2026-07-30T11:09:57.959Z","pu6c79VvluuW4pTRySuO"
"root","uEJyOd7qgV78D4FwldxY_0323080391_organizing_secretary","0323080391","uEJyOd7qgV78D4FwldxY","Organizing Secretary","2026-07-30T11:09:59.544Z","2kjiEh8ut9qZnPIOP8nl"
"root","uEJyOd7qgV78D4FwldxY_0323080391_president","0323080391","uEJyOd7qgV78D4FwldxY","President","2026-07-30T11:09:58.146Z","ahPUlpcdUTL7qgUsA73j"
"root","uEJyOd7qgV78D4FwldxY_0323080391_public_relations_officer__pro_","0323080391","uEJyOd7qgV78D4FwldxY","Public Relations Officer (PRO)","2026-07-30T11:09:58.086Z","IyrQs1UWz6AFPA59SKNd"
"root","uEJyOd7qgV78D4FwldxY_0323080391_wocom","0323080391","uEJyOd7qgV78D4FwldxY","WOCOM","2026-07-30T11:09:58.084Z","nq0AxOZzFzJ4euzZKNj5"
"root","uEJyOd7qgV78D4FwldxY_0323080393__general_secretary","0323080393","uEJyOd7qgV78D4FwldxY"," General Secretary","2026-07-30T19:12:16.534Z","29OWFzzXOUhRBSmkl2D4"
"root","uEJyOd7qgV78D4FwldxY_0323080393_financial_secretary","0323080393","uEJyOd7qgV78D4FwldxY","Financial Secretary","2026-07-30T19:12:16.699Z","jBJv0SqZyMkjREgKRnBl"
"root","uEJyOd7qgV78D4FwldxY_0323080393_organizing_secretary","0323080393","uEJyOd7qgV78D4FwldxY","Organizing Secretary","2026-07-30T19:12:16.628Z","ygqq1hBWCIZvZKLYyOmr"
"root","uEJyOd7qgV78D4FwldxY_0323080393_president","0323080393","uEJyOd7qgV78D4FwldxY","President","2026-07-30T19:12:16.563Z","Js6t0Yan5vewrgi1zzil"
"root","uEJyOd7qgV78D4FwldxY_0323080393_public_relations_officer__pro_","0323080393","uEJyOd7qgV78D4FwldxY","Public Relations Officer (PRO)","2026-07-30T19:12:16.524Z","TaNtkuZxIdZ0BovpyGzL"
"root","uEJyOd7qgV78D4FwldxY_0323080393_wocom","0323080393","uEJyOd7qgV78D4FwldxY","WOCOM","2026-07-30T19:12:16.680Z","t6YlxbgY6nrh7T1EQQu8"
"root","uEJyOd7qgV78D4FwldxY_0323080396__general_secretary","0323080396","uEJyOd7qgV78D4FwldxY"," General Secretary","2026-07-30T17:44:26.687Z","h01md0smyEMyyLOGsJOa"
"root","uEJyOd7qgV78D4FwldxY_0323080396_financial_secretary","0323080396","uEJyOd7qgV78D4FwldxY","Financial Secretary","2026-07-30T17:44:26.734Z","OhpnNJuXqDgNWqFhy2iW"
"root","uEJyOd7qgV78D4FwldxY_0323080396_organizing_secretary","0323080396","uEJyOd7qgV78D4FwldxY","Organizing Secretary","2026-07-30T17:44:26.754Z","L39qqkTzEiFcLamcIB2G"
"root","uEJyOd7qgV78D4FwldxY_0323080396_president","0323080396","uEJyOd7qgV78D4FwldxY","President","2026-07-30T17:44:26.741Z","sKhvZfHkrfQ6Pqh2y6ec"
"root","uEJyOd7qgV78D4FwldxY_0323080396_public_relations_officer__pro_","0323080396","uEJyOd7qgV78D4FwldxY","Public Relations Officer (PRO)","2026-07-30T17:44:26.764Z","crWniz1LbWBm2tBqvcTq"
"root","uEJyOd7qgV78D4FwldxY_0323080396_wocom","0323080396","uEJyOd7qgV78D4FwldxY","WOCOM","2026-07-30T17:44:26.771Z","6pnlCj9bpLd6RTCnLVNn"
"root","uEJyOd7qgV78D4FwldxY_0323080397__general_secretary","0323080397","uEJyOd7qgV78D4FwldxY"," General Secretary","2026-07-30T11:14:34.425Z","exfvl8xNvwLoTBTY8PTa"
"root","uEJyOd7qgV78D4FwldxY_0323080397_financial_secretary","0323080397","uEJyOd7qgV78D4FwldxY","Financial Secretary","2026-07-30T11:14:34.384Z","Bb8B2cfk7E0b7fE0VRkg"
"root","uEJyOd7qgV78D4FwldxY_0323080397_organizing_secretary","0323080397","uEJyOd7qgV78D4FwldxY","Organizing Secretary","2026-07-30T11:14:34.610Z","L4jbrhOe3OOvIh9aj8b2"
"root","uEJyOd7qgV78D4FwldxY_0323080397_president","0323080397","uEJyOd7qgV78D4FwldxY","President","2026-07-30T11:14:34.443Z","xk13L3BYpCHhiXzRIM5H"
"root","uEJyOd7qgV78D4FwldxY_0323080397_public_relations_officer__pro_","0323080397","uEJyOd7qgV78D4FwldxY","Public Relations Officer (PRO)","2026-07-30T11:14:34.335Z","o4vFVtcmxIPm0tadMpoI"
"root","uEJyOd7qgV78D4FwldxY_0323080397_wocom","0323080397","uEJyOd7qgV78D4FwldxY","WOCOM","2026-07-30T11:14:34.430Z","NneDtszWh6vEV0mpMROe"
"root","uEJyOd7qgV78D4FwldxY_0323080400__general_secretary","0323080400","uEJyOd7qgV78D4FwldxY"," General Secretary","2026-07-30T18:34:22.442Z","FqYCw1NZPnO191L3Ga4j"
"root","uEJyOd7qgV78D4FwldxY_0323080400_financial_secretary","0323080400","uEJyOd7qgV78D4FwldxY","Financial Secretary","2026-07-30T18:34:22.465Z","SoLnxXMuucqIJN8NfQgm"
"root","uEJyOd7qgV78D4FwldxY_0323080400_organizing_secretary","0323080400","uEJyOd7qgV78D4FwldxY","Organizing Secretary","2026-07-30T18:34:22.619Z","KIOXZnQCprevDk9JPM5V"
"root","uEJyOd7qgV78D4FwldxY_0323080400_president","0323080400","uEJyOd7qgV78D4FwldxY","President","2026-07-30T18:34:22.447Z","naWCVWmgYh0XKwqAAFli"
"root","uEJyOd7qgV78D4FwldxY_0323080400_public_relations_officer__pro_","0323080400","uEJyOd7qgV78D4FwldxY","Public Relations Officer (PRO)","2026-07-30T18:34:22.424Z","1w7L5r94OYAE9yytLCU7"
"root","uEJyOd7qgV78D4FwldxY_0323080400_wocom","0323080400","uEJyOd7qgV78D4FwldxY","WOCOM","2026-07-30T18:34:22.623Z","wYqaoC5fJb6NY7esbH2B"
"root","uEJyOd7qgV78D4FwldxY_0323080405__general_secretary","0323080405","uEJyOd7qgV78D4FwldxY"," General Secretary","2026-07-30T21:00:36.456Z","tSwFP0zec6zOf2HtlT19"
"root","uEJyOd7qgV78D4FwldxY_0323080405_financial_secretary","0323080405","uEJyOd7qgV78D4FwldxY","Financial Secretary","2026-07-30T21:00:36.278Z","6NGJSztZicDcoLixU4Mm"
"root","uEJyOd7qgV78D4FwldxY_0323080405_organizing_secretary","0323080405","uEJyOd7qgV78D4FwldxY","Organizing Secretary","2026-07-30T21:00:36.442Z","nQ35WtP2R8z3MLqcVOWr"
"root","uEJyOd7qgV78D4FwldxY_0323080405_president","0323080405","uEJyOd7qgV78D4FwldxY","President","2026-07-30T21:00:36.252Z","fsYXfmXGZGWItbHNBDIA"
"root","uEJyOd7qgV78D4FwldxY_0323080405_wocom","0323080405","uEJyOd7qgV78D4FwldxY","WOCOM","2026-07-30T21:00:36.326Z","98oAW7Zcx0Y8p4i2jxiL"
"root","uEJyOd7qgV78D4FwldxY_0323080409__general_secretary","0323080409","uEJyOd7qgV78D4FwldxY"," General Secretary","2026-07-30T10:58:50.542Z","AejfLiRMcCASgTyA9Zyu"
"root","uEJyOd7qgV78D4FwldxY_0323080409_financial_secretary","0323080409","uEJyOd7qgV78D4FwldxY","Financial Secretary","2026-07-30T10:58:50.608Z","GZ1OY9R3u9NG4KnFT5aW"
"root","uEJyOd7qgV78D4FwldxY_0323080409_organizing_secretary","0323080409","uEJyOd7qgV78D4FwldxY","Organizing Secretary","2026-07-30T10:58:50.564Z","vCrkxoYRgV3QnQ4UsDXV"
"root","uEJyOd7qgV78D4FwldxY_0323080409_president","0323080409","uEJyOd7qgV78D4FwldxY","President","2026-07-30T10:58:50.541Z","XSYpKilOn5XNpwqJgCW4"
"root","uEJyOd7qgV78D4FwldxY_0323080409_public_relations_officer__pro_","0323080409","uEJyOd7qgV78D4FwldxY","Public Relations Officer (PRO)","2026-07-30T10:58:50.423Z","F3Lep8NCWYUuGEelMFe1"
"root","uEJyOd7qgV78D4FwldxY_0323080409_wocom","0323080409","uEJyOd7qgV78D4FwldxY","WOCOM","2026-07-30T10:58:50.597Z","cMOW2hrkb66xkIDgzN1G"
"root","uEJyOd7qgV78D4FwldxY_0323080410__general_secretary","0323080410","uEJyOd7qgV78D4FwldxY"," General Secretary","2026-07-30T11:16:25.171Z","VaSEZyCvtuy31ilDUM0G"
"root","uEJyOd7qgV78D4FwldxY_0323080410_financial_secretary","0323080410","uEJyOd7qgV78D4FwldxY","Financial Secretary","2026-07-30T11:16:25.209Z","AF0V8WC68h5mZVo9Als4"
"root","uEJyOd7qgV78D4FwldxY_0323080410_organizing_secretary","0323080410","uEJyOd7qgV78D4FwldxY","Organizing Secretary","2026-07-30T11:16:25.212Z","g9TzhHYQJ8fem6pwM0VS"
"root","uEJyOd7qgV78D4FwldxY_0323080410_president","0323080410","uEJyOd7qgV78D4FwldxY","President","2026-07-30T11:16:25.238Z","ysb4BuU0ZjGcFVW2t3xm"
"root","uEJyOd7qgV78D4FwldxY_0323080410_public_relations_officer__pro_","0323080410","uEJyOd7qgV78D4FwldxY","Public Relations Officer (PRO)","2026-07-30T11:16:25.185Z","U1y2UEMiw3AlilE0j8FT"
"root","uEJyOd7qgV78D4FwldxY_0323080410_wocom","0323080410","uEJyOd7qgV78D4FwldxY","WOCOM","2026-07-30T11:16:25.318Z","iNK7LpBbLZi4LFviXcWD"
"root","uEJyOd7qgV78D4FwldxY_0323080411__general_secretary","0323080411","uEJyOd7qgV78D4FwldxY"," General Secretary","2026-07-30T10:57:53.879Z","KQog1sM9LoNglwE1jtwI"
"root","uEJyOd7qgV78D4FwldxY_0323080411_financial_secretary","0323080411","uEJyOd7qgV78D4FwldxY","Financial Secretary","2026-07-30T10:57:53.824Z","MAa1UowZ5skbIV8eMnxC"
"root","uEJyOd7qgV78D4FwldxY_0323080411_organizing_secretary","0323080411","uEJyOd7qgV78D4FwldxY","Organizing Secretary","2026-07-30T10:57:53.691Z","AlSxWy1qRnrtqKg9Mq7G"
"root","uEJyOd7qgV78D4FwldxY_0323080411_president","0323080411","uEJyOd7qgV78D4FwldxY","President","2026-07-30T10:57:53.958Z","4AzsGuigRZ3VblsD47YI"
"root","uEJyOd7qgV78D4FwldxY_0323080411_public_relations_officer__pro_","0323080411","uEJyOd7qgV78D4FwldxY","Public Relations Officer (PRO)","2026-07-30T10:57:54.176Z","8P2YnOHjVpCSuiqw7RoB"
"root","uEJyOd7qgV78D4FwldxY_0323080411_wocom","0323080411","uEJyOd7qgV78D4FwldxY","WOCOM","2026-07-30T10:57:53.758Z","gvwXbuJYjATC5jAlj82T"
"root","uEJyOd7qgV78D4FwldxY_0323080415__general_secretary","0323080415","uEJyOd7qgV78D4FwldxY"," General Secretary","2026-07-30T10:55:49.879Z","MR6rC6NsIZo9eOZjKyWO"
"root","uEJyOd7qgV78D4FwldxY_0323080415_financial_secretary","0323080415","uEJyOd7qgV78D4FwldxY","Financial Secretary","2026-07-30T10:55:49.783Z","82Rn5y3qVNJnWdHWOnvT"
"root","uEJyOd7qgV78D4FwldxY_0323080415_organizing_secretary","0323080415","uEJyOd7qgV78D4FwldxY","Organizing Secretary","2026-07-30T10:55:49.751Z","TFHwOiHwj6PbiIGcQBRW"
"root","uEJyOd7qgV78D4FwldxY_0323080415_president","0323080415","uEJyOd7qgV78D4FwldxY","President","2026-07-30T10:55:49.768Z","ho7V7Qf0MrVVSAZTPoRJ"
"root","uEJyOd7qgV78D4FwldxY_0323080415_public_relations_officer__pro_","0323080415","uEJyOd7qgV78D4FwldxY","Public Relations Officer (PRO)","2026-07-30T10:55:49.593Z","YJIRGlnCL1gklGDIkjMG"
"root","uEJyOd7qgV78D4FwldxY_0323080415_wocom","0323080415","uEJyOd7qgV78D4FwldxY","WOCOM","2026-07-30T10:55:49.669Z","9j0dkT2ck1uOH8gOlkLb"
"root","uEJyOd7qgV78D4FwldxY_0323080418__general_secretary","0323080418","uEJyOd7qgV78D4FwldxY"," General Secretary","2026-07-30T19:08:32.958Z","5r8qBNtXCOhRPVCceC3M"
"root","uEJyOd7qgV78D4FwldxY_0323080418_financial_secretary","0323080418","uEJyOd7qgV78D4FwldxY","Financial Secretary","2026-07-30T19:08:33.122Z","wtxpR1zrvEI4Lery0ON2"
"root","uEJyOd7qgV78D4FwldxY_0323080418_organizing_secretary","0323080418","uEJyOd7qgV78D4FwldxY","Organizing Secretary","2026-07-30T19:08:33.064Z","68JV9wcxW3YziD9T9q5T"
"root","uEJyOd7qgV78D4FwldxY_0323080418_president","0323080418","uEJyOd7qgV78D4FwldxY","President","2026-07-30T19:08:33.285Z","Q5gXbueX1XQzncFbpfhn"
"root","uEJyOd7qgV78D4FwldxY_0323080418_public_relations_officer__pro_","0323080418","uEJyOd7qgV78D4FwldxY","Public Relations Officer (PRO)","2026-07-30T19:08:33.092Z","Zop2Jd6AJZjBi0zEtlOw"
"root","uEJyOd7qgV78D4FwldxY_0323080418_wocom","0323080418","uEJyOd7qgV78D4FwldxY","WOCOM","2026-07-30T19:08:32.927Z","2oBCffCtbPYQIMwhcYMy"
"root","uEJyOd7qgV78D4FwldxY_0323080421__general_secretary","0323080421","uEJyOd7qgV78D4FwldxY"," General Secretary","2026-07-30T11:39:17.663Z","FU06TncVoJ1gwLCocua6"
"root","uEJyOd7qgV78D4FwldxY_0323080421_financial_secretary","0323080421","uEJyOd7qgV78D4FwldxY","Financial Secretary","2026-07-30T11:39:17.565Z","GdITk6aNwN8RuOJgGa1g"
"root","uEJyOd7qgV78D4FwldxY_0323080421_organizing_secretary","0323080421","uEJyOd7qgV78D4FwldxY","Organizing Secretary","2026-07-30T11:39:17.722Z","G8ie0CAkUxDtOHJgRsZ7"
"root","uEJyOd7qgV78D4FwldxY_0323080421_president","0323080421","uEJyOd7qgV78D4FwldxY","President","2026-07-30T11:39:17.549Z","o4YO23K86p6thsDAhLhJ"
"root","uEJyOd7qgV78D4FwldxY_0323080421_public_relations_officer__pro_","0323080421","uEJyOd7qgV78D4FwldxY","Public Relations Officer (PRO)","2026-07-30T11:39:17.561Z","yQuWG9TGaqFNXkKLEwH1"
"root","uEJyOd7qgV78D4FwldxY_0323080421_wocom","0323080421","uEJyOd7qgV78D4FwldxY","WOCOM","2026-07-30T11:39:17.533Z","6UMEm60pE9UXBQO59IvM"
"root","uEJyOd7qgV78D4FwldxY_0323080422__general_secretary","0323080422","uEJyOd7qgV78D4FwldxY"," General Secretary","2026-07-30T21:12:45.094Z","8cjCyzLZEStmoAXbVNp8"
"root","uEJyOd7qgV78D4FwldxY_0323080422_financial_secretary","0323080422","uEJyOd7qgV78D4FwldxY","Financial Secretary","2026-07-30T21:12:45.091Z","bKrpnixPcRZ7fr4BGSnC"
"root","uEJyOd7qgV78D4FwldxY_0323080422_organizing_secretary","0323080422","uEJyOd7qgV78D4FwldxY","Organizing Secretary","2026-07-30T21:12:45.058Z","zxvEaIxjYfyhipZe5tNB"
"root","uEJyOd7qgV78D4FwldxY_0323080422_president","0323080422","uEJyOd7qgV78D4FwldxY","President","2026-07-30T21:12:45.090Z","or6nVsf07d5tcitEDw2x"
"root","uEJyOd7qgV78D4FwldxY_0323080422_public_relations_officer__pro_","0323080422","uEJyOd7qgV78D4FwldxY","Public Relations Officer (PRO)","2026-07-30T21:12:45.173Z","BwMsoeuo1eN11qUBMUbj"
"root","uEJyOd7qgV78D4FwldxY_0323080422_wocom","0323080422","uEJyOd7qgV78D4FwldxY","WOCOM","2026-07-30T21:12:45.250Z","Sdmc2V7ncP6SftnPxH6v"
"root","uEJyOd7qgV78D4FwldxY_0323080426__general_secretary","0323080426","uEJyOd7qgV78D4FwldxY"," General Secretary","2026-07-30T18:08:20.985Z","994U3zFEPnMtRIMKhHrM"
"root","uEJyOd7qgV78D4FwldxY_0323080426_financial_secretary","0323080426","uEJyOd7qgV78D4FwldxY","Financial Secretary","2026-07-30T18:08:20.866Z","7JPylZScV8hnCTHnwb1K"
"root","uEJyOd7qgV78D4FwldxY_0323080426_organizing_secretary","0323080426","uEJyOd7qgV78D4FwldxY","Organizing Secretary","2026-07-30T18:08:20.925Z","wgflTHm1WSgPDPJQrCpc"
"root","uEJyOd7qgV78D4FwldxY_0323080426_president","0323080426","uEJyOd7qgV78D4FwldxY","President","2026-07-30T18:08:20.839Z","3OHOe7gCWbVGUiHYCCUh"
"root","uEJyOd7qgV78D4FwldxY_0323080426_public_relations_officer__pro_","0323080426","uEJyOd7qgV78D4FwldxY","Public Relations Officer (PRO)","2026-07-30T18:08:20.463Z","cqd41PpiIDn7sGxMWs8O"
"root","uEJyOd7qgV78D4FwldxY_0323080426_wocom","0323080426","uEJyOd7qgV78D4FwldxY","WOCOM","2026-07-30T18:08:20.906Z","7GF5xbIR2Jm2k8GXk7gt"
"root","uEJyOd7qgV78D4FwldxY_0323080430__general_secretary","0323080430","uEJyOd7qgV78D4FwldxY"," General Secretary","2026-07-30T21:05:03.983Z","dbsb3MUFGTdTEBHRZPwo"
"root","uEJyOd7qgV78D4FwldxY_0323080430_financial_secretary","0323080430","uEJyOd7qgV78D4FwldxY","Financial Secretary","2026-07-30T21:05:04.220Z","mZrRrc91rMeuLOlSRKhD"
"root","uEJyOd7qgV78D4FwldxY_0323080430_organizing_secretary","0323080430","uEJyOd7qgV78D4FwldxY","Organizing Secretary","2026-07-30T21:05:04.074Z","C5ojgmhKTiwTaYLq0qXS"
"root","uEJyOd7qgV78D4FwldxY_0323080430_president","0323080430","uEJyOd7qgV78D4FwldxY","President","2026-07-30T21:05:04.046Z","gjFiLXagcmlL4HiEIH1l"
"root","uEJyOd7qgV78D4FwldxY_0323080430_wocom","0323080430","uEJyOd7qgV78D4FwldxY","WOCOM","2026-07-30T21:05:04.274Z","cxBQ4rfytK9cpuidPy38"
"root","uEJyOd7qgV78D4FwldxY_0323080437__general_secretary","0323080437","uEJyOd7qgV78D4FwldxY"," General Secretary","2026-07-30T20:30:53.252Z","NSOGF9dO8MklolCZdASa"
"root","uEJyOd7qgV78D4FwldxY_0323080437_financial_secretary","0323080437","uEJyOd7qgV78D4FwldxY","Financial Secretary","2026-07-30T20:30:53.405Z","nxWv15uT2hODVnvKRc7E"
"root","uEJyOd7qgV78D4FwldxY_0323080437_organizing_secretary","0323080437","uEJyOd7qgV78D4FwldxY","Organizing Secretary","2026-07-30T20:30:53.467Z","5r61nNlaxgMSjgm4tPQF"
"root","uEJyOd7qgV78D4FwldxY_0323080437_president","0323080437","uEJyOd7qgV78D4FwldxY","President","2026-07-30T20:30:53.225Z","frSudbo6Tu0HL9A6iZW0"
"root","uEJyOd7qgV78D4FwldxY_0323080437_public_relations_officer__pro_","0323080437","uEJyOd7qgV78D4FwldxY","Public Relations Officer (PRO)","2026-07-30T20:30:53.411Z","mtbK5HhdzThb2icTDV4t"
"root","uEJyOd7qgV78D4FwldxY_0323080437_wocom","0323080437","uEJyOd7qgV78D4FwldxY","WOCOM","2026-07-30T20:30:53.254Z","7T4L5Pad6EBblOaKEYkQ"
"root","uEJyOd7qgV78D4FwldxY_0323080443__general_secretary","0323080443","uEJyOd7qgV78D4FwldxY"," General Secretary","2026-07-30T11:32:16.043Z","Rz1jUdikFO8B5vQHos5V"
"root","uEJyOd7qgV78D4FwldxY_0323080443_financial_secretary","0323080443","uEJyOd7qgV78D4FwldxY","Financial Secretary","2026-07-30T11:32:15.908Z","w0YmE9ucDVjZZiOloNaB"
"root","uEJyOd7qgV78D4FwldxY_0323080443_organizing_secretary","0323080443","uEJyOd7qgV78D4FwldxY","Organizing Secretary","2026-07-30T11:32:15.987Z","ttiET9EfGzK0VrEKmPzP"
"root","uEJyOd7qgV78D4FwldxY_0323080443_president","0323080443","uEJyOd7qgV78D4FwldxY","President","2026-07-30T11:32:15.579Z","ehju4jIWGJxuYdp1bKrf"
"root","uEJyOd7qgV78D4FwldxY_0323080443_public_relations_officer__pro_","0323080443","uEJyOd7qgV78D4FwldxY","Public Relations Officer (PRO)","2026-07-30T11:32:15.578Z","xI7CtBWfBdw6DQtvHnXH"
"root","uEJyOd7qgV78D4FwldxY_0323080443_wocom","0323080443","uEJyOd7qgV78D4FwldxY","WOCOM","2026-07-30T11:32:15.770Z","g2IT8ST9QHZQNyceB3Mh"
"root","uEJyOd7qgV78D4FwldxY_0323080446__general_secretary","0323080446","uEJyOd7qgV78D4FwldxY"," General Secretary","2026-07-30T20:54:04.644Z","FvRxh76o9haBKqlc50Qn"
"root","uEJyOd7qgV78D4FwldxY_0323080446_financial_secretary","0323080446","uEJyOd7qgV78D4FwldxY","Financial Secretary","2026-07-30T20:54:04.511Z","YFEruDn3OGJ8spipMd8k"
"root","uEJyOd7qgV78D4FwldxY_0323080446_organizing_secretary","0323080446","uEJyOd7qgV78D4FwldxY","Organizing Secretary","2026-07-30T20:54:04.645Z","WgA5cw9A4rulaV5Al0OP"
"root","uEJyOd7qgV78D4FwldxY_0323080446_president","0323080446","uEJyOd7qgV78D4FwldxY","President","2026-07-30T20:54:04.537Z","GuH3Tl9AUWcOSl7ziIaF"
"root","uEJyOd7qgV78D4FwldxY_0323080446_public_relations_officer__pro_","0323080446","uEJyOd7qgV78D4FwldxY","Public Relations Officer (PRO)","2026-07-30T20:54:04.587Z","BsvQsvdJliH7dWZoIks9"
"root","uEJyOd7qgV78D4FwldxY_0323080446_wocom","0323080446","uEJyOd7qgV78D4FwldxY","WOCOM","2026-07-30T20:54:04.659Z","VA7Mr1iozrCBP9XsRK0z"
"root","uEJyOd7qgV78D4FwldxY_0323080447__general_secretary","0323080447","uEJyOd7qgV78D4FwldxY"," General Secretary","2026-07-30T11:13:22.533Z","GSeEqzYCgKFtTDbWmUsj"
"root","uEJyOd7qgV78D4FwldxY_0323080447_financial_secretary","0323080447","uEJyOd7qgV78D4FwldxY","Financial Secretary","2026-07-30T11:13:22.524Z","fIeNsHZq3LuTxOhZBXJE"
"root","uEJyOd7qgV78D4FwldxY_0323080447_organizing_secretary","0323080447","uEJyOd7qgV78D4FwldxY","Organizing Secretary","2026-07-30T11:13:22.536Z","lLlYz13FOTUSbZB1fYbm"
"root","uEJyOd7qgV78D4FwldxY_0323080447_president","0323080447","uEJyOd7qgV78D4FwldxY","President","2026-07-30T11:13:22.567Z","lW2HTYFcDA9bb5ByyEUR"
"root","uEJyOd7qgV78D4FwldxY_0323080447_public_relations_officer__pro_","0323080447","uEJyOd7qgV78D4FwldxY","Public Relations Officer (PRO)","2026-07-30T11:13:22.494Z","AJ1DGcv11VVGA7hS8Jsi"
"root","uEJyOd7qgV78D4FwldxY_0323080447_wocom","0323080447","uEJyOd7qgV78D4FwldxY","WOCOM","2026-07-30T11:13:22.481Z","75CCJuMT8gm2wzcIFInZ"
"root","uEJyOd7qgV78D4FwldxY_0323080450__general_secretary","0323080450","uEJyOd7qgV78D4FwldxY"," General Secretary","2026-07-30T20:32:48.428Z","60BD8P7zEdeaeaELoHi0"
"root","uEJyOd7qgV78D4FwldxY_0323080450_financial_secretary","0323080450","uEJyOd7qgV78D4FwldxY","Financial Secretary","2026-07-30T20:32:48.508Z","olPxMwZDaZ8rX7k3LP4U"
"root","uEJyOd7qgV78D4FwldxY_0323080450_organizing_secretary","0323080450","uEJyOd7qgV78D4FwldxY","Organizing Secretary","2026-07-30T20:32:48.488Z","Q30rVQqTaiYrIvsODBMY"
"root","uEJyOd7qgV78D4FwldxY_0323080450_president","0323080450","uEJyOd7qgV78D4FwldxY","President","2026-07-30T20:32:48.441Z","AiRcSCkn1j0Ne0HEA7vv"
"root","uEJyOd7qgV78D4FwldxY_0323080450_public_relations_officer__pro_","0323080450","uEJyOd7qgV78D4FwldxY","Public Relations Officer (PRO)","2026-07-30T20:32:48.483Z","gOIRRdeQyK6DW43RyrEQ"
"root","uEJyOd7qgV78D4FwldxY_0323080450_wocom","0323080450","uEJyOd7qgV78D4FwldxY","WOCOM","2026-07-30T20:32:48.475Z","GTBtOLdVzH35Yibz9Hr4"
"root","uEJyOd7qgV78D4FwldxY_0323080454_president","0323080454","uEJyOd7qgV78D4FwldxY","President","2026-07-30T20:37:01.197Z","TWgdpLzxMQFd44RRRPPA"
"root","uEJyOd7qgV78D4FwldxY_0323080456__general_secretary","0323080456","uEJyOd7qgV78D4FwldxY"," General Secretary","2026-07-30T09:10:38.351Z","t6HSojIbCD7tP3APJLVg"
"root","uEJyOd7qgV78D4FwldxY_0323080456_financial_secretary","0323080456","uEJyOd7qgV78D4FwldxY","Financial Secretary","2026-07-30T09:10:38.202Z","OWD5siecA23S95n77aoP"
"root","uEJyOd7qgV78D4FwldxY_0323080456_organizing_secretary","0323080456","uEJyOd7qgV78D4FwldxY","Organizing Secretary","2026-07-30T09:10:38.222Z","cmj1tWH08u3yyqQJBobO"
"root","uEJyOd7qgV78D4FwldxY_0323080456_president","0323080456","uEJyOd7qgV78D4FwldxY","President","2026-07-30T09:10:38.121Z","Pd83oxPGpgyWvMJruxXh"
"root","uEJyOd7qgV78D4FwldxY_0323080456_public_relations_officer__pro_","0323080456","uEJyOd7qgV78D4FwldxY","Public Relations Officer (PRO)","2026-07-30T09:10:38.255Z","bFy2qxQKTxgsF8xhQ6mV"
"root","uEJyOd7qgV78D4FwldxY_0323080456_wocom","0323080456","uEJyOd7qgV78D4FwldxY","WOCOM","2026-07-30T09:10:38.166Z","JexIrPLKGvKGkFWhqYzZ"
"root","uEJyOd7qgV78D4FwldxY_0323080458_president","0323080458","uEJyOd7qgV78D4FwldxY","President","2026-07-30T09:29:48.148Z","MEh4HesecWMUuh9EdXmO"
"root","uEJyOd7qgV78D4FwldxY_0323080463__general_secretary","0323080463","uEJyOd7qgV78D4FwldxY"," General Secretary","2026-07-30T11:11:02.812Z","LqFFPEEIvcoyqgGOpO9G"
"root","uEJyOd7qgV78D4FwldxY_0323080463_financial_secretary","0323080463","uEJyOd7qgV78D4FwldxY","Financial Secretary","2026-07-30T11:11:02.505Z","TjdGCerR3vstP8fhql59"
"root","uEJyOd7qgV78D4FwldxY_0323080463_organizing_secretary","0323080463","uEJyOd7qgV78D4FwldxY","Organizing Secretary","2026-07-30T11:11:02.620Z","fgrsstPszSQBvKkMPxIT"
"root","uEJyOd7qgV78D4FwldxY_0323080463_president","0323080463","uEJyOd7qgV78D4FwldxY","President","2026-07-30T11:11:02.783Z","3bCVteoUoG3Z92mwgch9"
"root","uEJyOd7qgV78D4FwldxY_0323080463_public_relations_officer__pro_","0323080463","uEJyOd7qgV78D4FwldxY","Public Relations Officer (PRO)","2026-07-30T11:11:02.903Z","13uP9kd7m3TFRM9jGhnN"
"root","uEJyOd7qgV78D4FwldxY_0323080463_wocom","0323080463","uEJyOd7qgV78D4FwldxY","WOCOM","2026-07-30T11:11:02.871Z","D6Y20gzZOZIbvSKFVaHS"
"root","uEJyOd7qgV78D4FwldxY_0323080466__general_secretary","0323080466","uEJyOd7qgV78D4FwldxY"," General Secretary","2026-07-30T20:44:30.029Z","jraEYLUChBpWZKpqwxC2"
"root","uEJyOd7qgV78D4FwldxY_0323080466_financial_secretary","0323080466","uEJyOd7qgV78D4FwldxY","Financial Secretary","2026-07-30T20:44:29.937Z","kopHwmyGznb4J0c4FK1c"
"root","uEJyOd7qgV78D4FwldxY_0323080466_organizing_secretary","0323080466","uEJyOd7qgV78D4FwldxY","Organizing Secretary","2026-07-30T20:44:29.975Z","3IyozDSCTCJS3cAO5P4j"
"root","uEJyOd7qgV78D4FwldxY_0323080466_president","0323080466","uEJyOd7qgV78D4FwldxY","President","2026-07-30T20:44:30.053Z","AlTjQcxQ0PGs7TZpOChu"
"root","uEJyOd7qgV78D4FwldxY_0323080466_public_relations_officer__pro_","0323080466","uEJyOd7qgV78D4FwldxY","Public Relations Officer (PRO)","2026-07-30T20:44:30.093Z","HXGXPzPjpQYvi0oN5pNR"
"root","uEJyOd7qgV78D4FwldxY_0323080466_wocom","0323080466","uEJyOd7qgV78D4FwldxY","WOCOM","2026-07-30T20:44:29.949Z","wKyhETDeTLJUG1ZDS7b1"
"root","uEJyOd7qgV78D4FwldxY_0323080467__general_secretary","0323080467","uEJyOd7qgV78D4FwldxY"," General Secretary","2026-07-30T20:52:12.621Z","O9NqJVTFmGTpWTnaZTO9"
"root","uEJyOd7qgV78D4FwldxY_0323080467_financial_secretary","0323080467","uEJyOd7qgV78D4FwldxY","Financial Secretary","2026-07-30T20:52:12.415Z","ps2wPkgpY2Kan0pEeURG"
"root","uEJyOd7qgV78D4FwldxY_0323080467_organizing_secretary","0323080467","uEJyOd7qgV78D4FwldxY","Organizing Secretary","2026-07-30T20:52:13.552Z","aXlrYm0UEuEstr5A41Jh"
"root","uEJyOd7qgV78D4FwldxY_0323080467_president","0323080467","uEJyOd7qgV78D4FwldxY","President","2026-07-30T20:52:12.521Z","A9ZVTdFkoNGk0p8YF4eo"
"root","uEJyOd7qgV78D4FwldxY_0323080467_public_relations_officer__pro_","0323080467","uEJyOd7qgV78D4FwldxY","Public Relations Officer (PRO)","2026-07-30T20:52:12.514Z","sxCRpJ4h4auLihw7eIe9"
"root","uEJyOd7qgV78D4FwldxY_0323080467_wocom","0323080467","uEJyOd7qgV78D4FwldxY","WOCOM","2026-07-30T20:52:12.749Z","X2WgrsWrBj18YUyHirdU"
"root","uEJyOd7qgV78D4FwldxY_0323080469__general_secretary","0323080469","uEJyOd7qgV78D4FwldxY"," General Secretary","2026-07-30T20:28:16.484Z","TPH6oODOv4tMrZ7NAh9n"
"root","uEJyOd7qgV78D4FwldxY_0323080469_financial_secretary","0323080469","uEJyOd7qgV78D4FwldxY","Financial Secretary","2026-07-30T20:28:16.470Z","gc0GKRJ6qSvcVT1xKMgQ"
"root","uEJyOd7qgV78D4FwldxY_0323080469_organizing_secretary","0323080469","uEJyOd7qgV78D4FwldxY","Organizing Secretary","2026-07-30T20:28:16.591Z","V2UrbrRMFVbsqZjG1Mmw"
"root","uEJyOd7qgV78D4FwldxY_0323080469_president","0323080469","uEJyOd7qgV78D4FwldxY","President","2026-07-30T20:28:16.444Z","Wl6RtQgO3wsqHSGKocr9"
"root","uEJyOd7qgV78D4FwldxY_0323080469_public_relations_officer__pro_","0323080469","uEJyOd7qgV78D4FwldxY","Public Relations Officer (PRO)","2026-07-30T20:28:16.462Z","eJPQRwNEgjM2WF0HaHEI"
"root","uEJyOd7qgV78D4FwldxY_0323080469_wocom","0323080469","uEJyOd7qgV78D4FwldxY","WOCOM","2026-07-30T20:28:16.455Z","6Pdvuy3QGShrjxkemEgt"
"root","uEJyOd7qgV78D4FwldxY_0323080487__general_secretary","0323080487","uEJyOd7qgV78D4FwldxY"," General Secretary","2026-07-30T20:49:06.433Z","CNzvO4WGI1kxOoIanSuO"
"root","uEJyOd7qgV78D4FwldxY_0323080487_financial_secretary","0323080487","uEJyOd7qgV78D4FwldxY","Financial Secretary","2026-07-30T20:49:06.465Z","DSSE1YdzwwRXrjP3ReuV"
"root","uEJyOd7qgV78D4FwldxY_0323080487_organizing_secretary","0323080487","uEJyOd7qgV78D4FwldxY","Organizing Secretary","2026-07-30T20:49:06.567Z","wZk6mWhSGFtvcd5ZIFOb"
"root","uEJyOd7qgV78D4FwldxY_0323080487_president","0323080487","uEJyOd7qgV78D4FwldxY","President","2026-07-30T20:49:06.638Z","vDKhuYziuOUim4XZMS9W"
"root","uEJyOd7qgV78D4FwldxY_0323080487_public_relations_officer__pro_","0323080487","uEJyOd7qgV78D4FwldxY","Public Relations Officer (PRO)","2026-07-30T20:49:06.311Z","CoyXEJ8pcbH1rKoQUlwp"
"root","uEJyOd7qgV78D4FwldxY_0323080487_wocom","0323080487","uEJyOd7qgV78D4FwldxY","WOCOM","2026-07-30T20:49:06.441Z","ZncuEzZIr1FgxKGNZTKE"
"root","uEJyOd7qgV78D4FwldxY_0323080488__general_secretary","0323080488","uEJyOd7qgV78D4FwldxY"," General Secretary","2026-07-30T20:42:24.027Z","9hCTyuSDWKIAU8ehjJZx"
"root","uEJyOd7qgV78D4FwldxY_0323080488_financial_secretary","0323080488","uEJyOd7qgV78D4FwldxY","Financial Secretary","2026-07-30T20:42:24.139Z","kwHwMwQYMdrBEsIwB8Lx"
"root","uEJyOd7qgV78D4FwldxY_0323080488_organizing_secretary","0323080488","uEJyOd7qgV78D4FwldxY","Organizing Secretary","2026-07-30T20:42:24.119Z","t8OTq88wT9pAyNJnTBEA"
"root","uEJyOd7qgV78D4FwldxY_0323080488_president","0323080488","uEJyOd7qgV78D4FwldxY","President","2026-07-30T20:42:24.195Z","tx90rQ62dXxt1Iiz2CTq"
"root","uEJyOd7qgV78D4FwldxY_0323080488_wocom","0323080488","uEJyOd7qgV78D4FwldxY","WOCOM","2026-07-30T20:42:24.345Z","4XFcg1SJsTsiqakJyWSI"
"root","uEJyOd7qgV78D4FwldxY_0323080489__general_secretary","0323080489","uEJyOd7qgV78D4FwldxY"," General Secretary","2026-07-30T19:51:48.040Z","jqRQl4UEbsR6NSTvW77p"
"root","uEJyOd7qgV78D4FwldxY_0323080489_financial_secretary","0323080489","uEJyOd7qgV78D4FwldxY","Financial Secretary","2026-07-30T19:51:47.931Z","jQsKOO6vbnOUhT4rWm5H"
"root","uEJyOd7qgV78D4FwldxY_0323080489_organizing_secretary","0323080489","uEJyOd7qgV78D4FwldxY","Organizing Secretary","2026-07-30T19:51:47.875Z","aJiYtL4Je1QWXRzxabCF"
"root","uEJyOd7qgV78D4FwldxY_0323080489_president","0323080489","uEJyOd7qgV78D4FwldxY","President","2026-07-30T19:51:47.954Z","fkhMc29twHH19pzgmWrJ"
"root","uEJyOd7qgV78D4FwldxY_0323080489_public_relations_officer__pro_","0323080489","uEJyOd7qgV78D4FwldxY","Public Relations Officer (PRO)","2026-07-30T19:51:47.979Z","AwOWazliwyv5fmq93WYe"
"root","uEJyOd7qgV78D4FwldxY_0323080489_wocom","0323080489","uEJyOd7qgV78D4FwldxY","WOCOM","2026-07-30T19:51:47.920Z","ikiPAuwlner7CXipbgKh"
"root","uEJyOd7qgV78D4FwldxY_0323080491__general_secretary","0323080491","uEJyOd7qgV78D4FwldxY"," General Secretary","2026-07-30T19:32:57.385Z","giIoBy3iWMbXZ665mHPh"
"root","uEJyOd7qgV78D4FwldxY_0323080491_financial_secretary","0323080491","uEJyOd7qgV78D4FwldxY","Financial Secretary","2026-07-30T19:32:57.355Z","GdDINbZsKf40voA5u9gJ"
"root","uEJyOd7qgV78D4FwldxY_0323080491_organizing_secretary","0323080491","uEJyOd7qgV78D4FwldxY","Organizing Secretary","2026-07-30T19:32:57.289Z","L1aG7PhNeab1kv4gYMxr"
"root","uEJyOd7qgV78D4FwldxY_0323080491_president","0323080491","uEJyOd7qgV78D4FwldxY","President","2026-07-30T19:32:57.212Z","hDZrBaURtVzPYwYPMOgC"
"root","uEJyOd7qgV78D4FwldxY_0323080491_wocom","0323080491","uEJyOd7qgV78D4FwldxY","WOCOM","2026-07-30T19:32:57.520Z","u97ahwrYHNLQ82hryKpM"
"root","uEJyOd7qgV78D4FwldxY_0323080493__general_secretary","0323080493","uEJyOd7qgV78D4FwldxY"," General Secretary","2026-07-30T09:16:42.441Z","PAl204J9CVX6wglMdkOv"
"root","uEJyOd7qgV78D4FwldxY_0323080493_financial_secretary","0323080493","uEJyOd7qgV78D4FwldxY","Financial Secretary","2026-07-30T09:16:42.127Z","yUxkppm9IigXGZKSaOSe"
"root","uEJyOd7qgV78D4FwldxY_0323080493_organizing_secretary","0323080493","uEJyOd7qgV78D4FwldxY","Organizing Secretary","2026-07-30T09:16:42.163Z","wwsydL7OVOcyoOhptBef"
"root","uEJyOd7qgV78D4FwldxY_0323080493_president","0323080493","uEJyOd7qgV78D4FwldxY","President","2026-07-30T09:16:42.172Z","mWY59CdPxYA83FuvkJ8X"
"root","uEJyOd7qgV78D4FwldxY_0323080493_public_relations_officer__pro_","0323080493","uEJyOd7qgV78D4FwldxY","Public Relations Officer (PRO)","2026-07-30T09:16:42.105Z","71hWNOdnUyQuzukZDtml"
"root","uEJyOd7qgV78D4FwldxY_0323080493_wocom","0323080493","uEJyOd7qgV78D4FwldxY","WOCOM","2026-07-30T09:16:42.282Z","zNbjP25YSSTbJXnPp8GY"
"root","uEJyOd7qgV78D4FwldxY_0323080494__general_secretary","0323080494","uEJyOd7qgV78D4FwldxY"," General Secretary","2026-07-30T20:02:17.402Z","jPToyUfQIAq7w4ShjYj0"
"root","uEJyOd7qgV78D4FwldxY_0323080494_financial_secretary","0323080494","uEJyOd7qgV78D4FwldxY","Financial Secretary","2026-07-30T20:02:17.411Z","K044GRvrzwNERKbiCDRa"
"root","uEJyOd7qgV78D4FwldxY_0323080494_organizing_secretary","0323080494","uEJyOd7qgV78D4FwldxY","Organizing Secretary","2026-07-30T20:02:17.490Z","eXuDCEB9PUM2OJWKxmm7"
"root","uEJyOd7qgV78D4FwldxY_0323080494_president","0323080494","uEJyOd7qgV78D4FwldxY","President","2026-07-30T20:02:17.514Z","rzndNc9h10STh98eP6Hn"
"root","uEJyOd7qgV78D4FwldxY_0323080494_public_relations_officer__pro_","0323080494","uEJyOd7qgV78D4FwldxY","Public Relations Officer (PRO)","2026-07-30T20:02:17.280Z","oQmS0hmfrUD4GUL85DQ8"
"root","uEJyOd7qgV78D4FwldxY_0323080494_wocom","0323080494","uEJyOd7qgV78D4FwldxY","WOCOM","2026-07-30T20:02:17.355Z","05zKJO7F0euhYQZJkgJR"
"root","uEJyOd7qgV78D4FwldxY_0323080496__general_secretary","0323080496","uEJyOd7qgV78D4FwldxY"," General Secretary","2026-07-30T19:46:44.792Z","bXmnDn0qwOaruRlVrWcV"
"root","uEJyOd7qgV78D4FwldxY_0323080496_financial_secretary","0323080496","uEJyOd7qgV78D4FwldxY","Financial Secretary","2026-07-30T19:46:44.897Z","l56E03AVKk6lsXIc1Dip"
"root","uEJyOd7qgV78D4FwldxY_0323080496_organizing_secretary","0323080496","uEJyOd7qgV78D4FwldxY","Organizing Secretary","2026-07-30T19:46:44.803Z","3Y3xQeyLbTvSg1zTb8kU"
"root","uEJyOd7qgV78D4FwldxY_0323080496_president","0323080496","uEJyOd7qgV78D4FwldxY","President","2026-07-30T19:46:44.789Z","BeQAXtEh2j5ucY191A5t"
"root","uEJyOd7qgV78D4FwldxY_0323080496_public_relations_officer__pro_","0323080496","uEJyOd7qgV78D4FwldxY","Public Relations Officer (PRO)","2026-07-30T19:46:44.812Z","gN2LDScrOBEeP80lIRtf"
"root","uEJyOd7qgV78D4FwldxY_0323080496_wocom","0323080496","uEJyOd7qgV78D4FwldxY","WOCOM","2026-07-30T19:46:44.782Z","oMeWM4QlHQQNUU3Zl0np"
"root","uEJyOd7qgV78D4FwldxY_0323080500__general_secretary","0323080500","uEJyOd7qgV78D4FwldxY"," General Secretary","2026-07-30T18:32:22.620Z","badudOBkkOK3USC8Wzdn"
"root","uEJyOd7qgV78D4FwldxY_0323080500_financial_secretary","0323080500","uEJyOd7qgV78D4FwldxY","Financial Secretary","2026-07-30T18:32:22.659Z","mOvUrnodiKH4HAyg5dlO"
"root","uEJyOd7qgV78D4FwldxY_0323080500_organizing_secretary","0323080500","uEJyOd7qgV78D4FwldxY","Organizing Secretary","2026-07-30T18:32:22.772Z","PbL5zcPcHtSftsmDiQZt"
"root","uEJyOd7qgV78D4FwldxY_0323080500_president","0323080500","uEJyOd7qgV78D4FwldxY","President","2026-07-30T18:32:22.779Z","puLYG6xP0bJCxsmhhNR8"
"root","uEJyOd7qgV78D4FwldxY_0323080500_public_relations_officer__pro_","0323080500","uEJyOd7qgV78D4FwldxY","Public Relations Officer (PRO)","2026-07-30T18:32:22.869Z","QapeewFgpl6VstGNwwG5"
"root","uEJyOd7qgV78D4FwldxY_0323080500_wocom","0323080500","uEJyOd7qgV78D4FwldxY","WOCOM","2026-07-30T18:32:22.776Z","TLkXP4TtFyIlrvLta6pm"
"root","uEJyOd7qgV78D4FwldxY_0323080507__general_secretary","0323080507","uEJyOd7qgV78D4FwldxY"," General Secretary","2026-07-30T09:11:59.612Z","CYV0bbRVnZtY1t8wTogA"
"root","uEJyOd7qgV78D4FwldxY_0323080507_financial_secretary","0323080507","uEJyOd7qgV78D4FwldxY","Financial Secretary","2026-07-30T09:11:59.560Z","u1ZztGvXEs9pWQbVkHMe"
"root","uEJyOd7qgV78D4FwldxY_0323080507_organizing_secretary","0323080507","uEJyOd7qgV78D4FwldxY","Organizing Secretary","2026-07-30T09:11:59.697Z","BDJAy7WzED35QRzWDLEn"
"root","uEJyOd7qgV78D4FwldxY_0323080507_president","0323080507","uEJyOd7qgV78D4FwldxY","President","2026-07-30T09:11:59.553Z","I77rwVfaQjnnECCEIVgT"
"root","uEJyOd7qgV78D4FwldxY_0323080507_public_relations_officer__pro_","0323080507","uEJyOd7qgV78D4FwldxY","Public Relations Officer (PRO)","2026-07-30T09:11:59.634Z","Cho5gjEsuqx3IEDDZRlP"
"root","uEJyOd7qgV78D4FwldxY_0323080507_wocom","0323080507","uEJyOd7qgV78D4FwldxY","WOCOM","2026-07-30T09:11:59.627Z","BwVNkvSZdKO77lSiGsER"
"root","uEJyOd7qgV78D4FwldxY_0323080514__general_secretary","0323080514","uEJyOd7qgV78D4FwldxY"," General Secretary","2026-07-30T21:01:07.389Z","Njy2RB0UYLdSqRng3ryH"
"root","uEJyOd7qgV78D4FwldxY_0323080514_financial_secretary","0323080514","uEJyOd7qgV78D4FwldxY","Financial Secretary","2026-07-30T21:01:07.436Z","H0Oji332FOvI1n6aga80"
"root","uEJyOd7qgV78D4FwldxY_0323080514_organizing_secretary","0323080514","uEJyOd7qgV78D4FwldxY","Organizing Secretary","2026-07-30T21:01:07.320Z","LMULJHQumWFCKaOCowbu"
"root","uEJyOd7qgV78D4FwldxY_0323080514_president","0323080514","uEJyOd7qgV78D4FwldxY","President","2026-07-30T21:01:07.328Z","orO9IbUbN2sm9WmWHiuE"
"root","uEJyOd7qgV78D4FwldxY_0323080514_public_relations_officer__pro_","0323080514","uEJyOd7qgV78D4FwldxY","Public Relations Officer (PRO)","2026-07-30T21:01:07.473Z","d9uXhRFUwyBJhQDocaIJ"
"root","uEJyOd7qgV78D4FwldxY_0323080514_wocom","0323080514","uEJyOd7qgV78D4FwldxY","WOCOM","2026-07-30T21:01:07.376Z","yTF3oWIctGrUXVTSX3ol"
"root","uEJyOd7qgV78D4FwldxY_0323080517__general_secretary","0323080517","uEJyOd7qgV78D4FwldxY"," General Secretary","2026-07-30T20:58:38.970Z","cmV7mnnpJztVNhoMZdyk"
"root","uEJyOd7qgV78D4FwldxY_0323080517_financial_secretary","0323080517","uEJyOd7qgV78D4FwldxY","Financial Secretary","2026-07-30T20:58:38.973Z","OtKBepndDM4AsUcIucoO"
"root","uEJyOd7qgV78D4FwldxY_0323080517_organizing_secretary","0323080517","uEJyOd7qgV78D4FwldxY","Organizing Secretary","2026-07-30T20:58:39.156Z","AYyZdizxEfkHdiu3dE4F"
"root","uEJyOd7qgV78D4FwldxY_0323080517_president","0323080517","uEJyOd7qgV78D4FwldxY","President","2026-07-30T20:58:38.992Z","xvbvURMmW1z8B2MBa66V"
"root","uEJyOd7qgV78D4FwldxY_0323080517_public_relations_officer__pro_","0323080517","uEJyOd7qgV78D4FwldxY","Public Relations Officer (PRO)","2026-07-30T20:58:39.006Z","fi2zLQr85UTJLeWFuYyK"
"root","uEJyOd7qgV78D4FwldxY_0323080517_wocom","0323080517","uEJyOd7qgV78D4FwldxY","WOCOM","2026-07-30T20:58:39.029Z","RsIfmF52GoB5N2PJkuu5"
"root","uEJyOd7qgV78D4FwldxY_0323080520__general_secretary","0323080520","uEJyOd7qgV78D4FwldxY"," General Secretary","2026-07-30T21:18:33.381Z","7iWIxyg0i3zKXW7zclJs"
"root","uEJyOd7qgV78D4FwldxY_0323080520_financial_secretary","0323080520","uEJyOd7qgV78D4FwldxY","Financial Secretary","2026-07-30T21:18:33.565Z","BzPijkfGQNIkxmUN43JI"
"root","uEJyOd7qgV78D4FwldxY_0323080520_organizing_secretary","0323080520","uEJyOd7qgV78D4FwldxY","Organizing Secretary","2026-07-30T21:18:33.368Z","gpfhtrAWN6PVaEWR5j8P"
"root","uEJyOd7qgV78D4FwldxY_0323080520_president","0323080520","uEJyOd7qgV78D4FwldxY","President","2026-07-30T21:18:33.349Z","5bQy3BnoGqpKc9lrhthb"
"root","uEJyOd7qgV78D4FwldxY_0323080520_public_relations_officer__pro_","0323080520","uEJyOd7qgV78D4FwldxY","Public Relations Officer (PRO)","2026-07-30T21:18:33.334Z","er9fdXtRWXBzpsZu163U"
"root","uEJyOd7qgV78D4FwldxY_0323080520_wocom","0323080520","uEJyOd7qgV78D4FwldxY","WOCOM","2026-07-30T21:18:33.377Z","eBi5jVmK7zfIkAdAIK3g"
"root","uEJyOd7qgV78D4FwldxY_0323080536__general_secretary","0323080536","uEJyOd7qgV78D4FwldxY"," General Secretary","2026-07-30T20:18:52.660Z","GzA2siOgE3QtsrW6mKTy"
"root","uEJyOd7qgV78D4FwldxY_0323080536_financial_secretary","0323080536","uEJyOd7qgV78D4FwldxY","Financial Secretary","2026-07-30T20:18:52.761Z","0fSPNMR6EzZawXlBUQrk"
"root","uEJyOd7qgV78D4FwldxY_0323080536_organizing_secretary","0323080536","uEJyOd7qgV78D4FwldxY","Organizing Secretary","2026-07-30T20:18:52.757Z","DNGYdlT9eOoQOR34S0Xp"
"root","uEJyOd7qgV78D4FwldxY_0323080536_president","0323080536","uEJyOd7qgV78D4FwldxY","President","2026-07-30T20:18:52.896Z","Rwi5Asei6432SVxfXE0V"
"root","uEJyOd7qgV78D4FwldxY_0323080536_public_relations_officer__pro_","0323080536","uEJyOd7qgV78D4FwldxY","Public Relations Officer (PRO)","2026-07-30T20:18:52.724Z","EvMatCwO9b9Dxff3HHJs"
"root","uEJyOd7qgV78D4FwldxY_0323080536_wocom","0323080536","uEJyOd7qgV78D4FwldxY","WOCOM","2026-07-30T20:18:52.832Z","W1gdx6nkMpuvwz3VGgBG"
"root","uEJyOd7qgV78D4FwldxY_0323080544__general_secretary","0323080544","uEJyOd7qgV78D4FwldxY"," General Secretary","2026-07-30T19:10:24.724Z","gG6EE5caH2zACkZiPGrh"
"root","uEJyOd7qgV78D4FwldxY_0323080544_financial_secretary","0323080544","uEJyOd7qgV78D4FwldxY","Financial Secretary","2026-07-30T19:10:24.752Z","eIMaYXdPIi0JCEV5BA5u"
"root","uEJyOd7qgV78D4FwldxY_0323080544_organizing_secretary","0323080544","uEJyOd7qgV78D4FwldxY","Organizing Secretary","2026-07-30T19:10:25.009Z","VyVngsxOyw6TQ1TjCvEn"
"root","uEJyOd7qgV78D4FwldxY_0323080544_president","0323080544","uEJyOd7qgV78D4FwldxY","President","2026-07-30T19:10:24.956Z","DizKDTYVlaMZtUcmYyZl"
"root","uEJyOd7qgV78D4FwldxY_0323080544_public_relations_officer__pro_","0323080544","uEJyOd7qgV78D4FwldxY","Public Relations Officer (PRO)","2026-07-30T19:10:24.743Z","n7777JB4gIYdhb05Zoh2"
"root","uEJyOd7qgV78D4FwldxY_0323080544_wocom","0323080544","uEJyOd7qgV78D4FwldxY","WOCOM","2026-07-30T19:10:25.449Z","feeoKSUwgLyYYvH1UHFA"
"root","uEJyOd7qgV78D4FwldxY_0323150001__general_secretary","0323150001","uEJyOd7qgV78D4FwldxY"," General Secretary","2026-07-30T11:32:16.316Z","AJoMTuG04D9VGRFrewix"
"root","uEJyOd7qgV78D4FwldxY_0323150001_financial_secretary","0323150001","uEJyOd7qgV78D4FwldxY","Financial Secretary","2026-07-30T11:32:16.132Z","nVSKSbsk3lqpdlGRkzSn"
"root","uEJyOd7qgV78D4FwldxY_0323150001_organizing_secretary","0323150001","uEJyOd7qgV78D4FwldxY","Organizing Secretary","2026-07-30T11:32:16.088Z","qZoIv4t6G1JNG2abjuN5"
"root","uEJyOd7qgV78D4FwldxY_0323150001_president","0323150001","uEJyOd7qgV78D4FwldxY","President","2026-07-30T11:32:16.261Z","88xWChCVY3j4wtXsiNJH"
"root","uEJyOd7qgV78D4FwldxY_0323150001_public_relations_officer__pro_","0323150001","uEJyOd7qgV78D4FwldxY","Public Relations Officer (PRO)","2026-07-30T11:32:16.032Z","hMmDdWZt9wCh17OGFVSd"
"root","uEJyOd7qgV78D4FwldxY_0323150001_wocom","0323150001","uEJyOd7qgV78D4FwldxY","WOCOM","2026-07-30T11:32:16.443Z","HVUW3LOU6rGiQ11ZDwHx"
"root","uEJyOd7qgV78D4FwldxY_0323150075__general_secretary","0323150075","uEJyOd7qgV78D4FwldxY"," General Secretary","2026-07-30T21:22:28.348Z","mNdl3HpTLLhXnyqzF1Mz"
"root","uEJyOd7qgV78D4FwldxY_0323150075_financial_secretary","0323150075","uEJyOd7qgV78D4FwldxY","Financial Secretary","2026-07-30T21:22:28.535Z","nvzVN88JZfcgZLG6LBkE"
"root","uEJyOd7qgV78D4FwldxY_0323150075_organizing_secretary","0323150075","uEJyOd7qgV78D4FwldxY","Organizing Secretary","2026-07-30T21:22:28.444Z","hZNioM2L68b1I1dltN5U"
"root","uEJyOd7qgV78D4FwldxY_0323150075_president","0323150075","uEJyOd7qgV78D4FwldxY","President","2026-07-30T21:22:28.309Z","FR3P8NWH1WBhJHUfdFRi"
"root","uEJyOd7qgV78D4FwldxY_0323150075_public_relations_officer__pro_","0323150075","uEJyOd7qgV78D4FwldxY","Public Relations Officer (PRO)","2026-07-30T21:22:28.585Z","ubntPxSGUoKLvsILG93O"
"root","uEJyOd7qgV78D4FwldxY_0323150075_wocom","0323150075","uEJyOd7qgV78D4FwldxY","WOCOM","2026-07-30T21:22:28.397Z","Emj1rEcJYmv4bHVrE2DQ"
"root","uEJyOd7qgV78D4FwldxY_0323160142__general_secretary","0323160142","uEJyOd7qgV78D4FwldxY"," General Secretary","2026-07-30T11:41:57.209Z","a4qOLH66JDlHmipT1KH2"
"root","uEJyOd7qgV78D4FwldxY_0323160142_financial_secretary","0323160142","uEJyOd7qgV78D4FwldxY","Financial Secretary","2026-07-30T11:41:56.966Z","1WEfVwtPHEofHpkxUwZd"
"root","uEJyOd7qgV78D4FwldxY_0323160142_organizing_secretary","0323160142","uEJyOd7qgV78D4FwldxY","Organizing Secretary","2026-07-30T11:41:57.073Z","kwuvvVt7xyC4Xj4TfzV9"
"root","uEJyOd7qgV78D4FwldxY_0323160142_president","0323160142","uEJyOd7qgV78D4FwldxY","President","2026-07-30T11:41:56.987Z","v4ardzp7dov7L8S9aMqE"
"root","uEJyOd7qgV78D4FwldxY_0323160142_public_relations_officer__pro_","0323160142","uEJyOd7qgV78D4FwldxY","Public Relations Officer (PRO)","2026-07-30T11:41:57.029Z","7RQ5PQuES7EMOteeARbo"
"root","uEJyOd7qgV78D4FwldxY_0323160142_wocom","0323160142","uEJyOd7qgV78D4FwldxY","WOCOM","2026-07-30T11:41:56.970Z","GixSfjKWmzrNRnrLg8zb"
"root","uEJyOd7qgV78D4FwldxY_0324010286__general_secretary","0324010286","uEJyOd7qgV78D4FwldxY"," General Secretary","2026-07-30T17:54:23.177Z","0zu0INK5UnWhmHRrTN2Y"
"root","uEJyOd7qgV78D4FwldxY_0324010286_financial_secretary","0324010286","uEJyOd7qgV78D4FwldxY","Financial Secretary","2026-07-30T17:54:23.133Z","uEAWHCQ9UY2ZAxpXa1EC"
"root","uEJyOd7qgV78D4FwldxY_0324010286_organizing_secretary","0324010286","uEJyOd7qgV78D4FwldxY","Organizing Secretary","2026-07-30T17:54:22.935Z","grTZfvd81HTIjc2JTY6q"
"root","uEJyOd7qgV78D4FwldxY_0324010286_president","0324010286","uEJyOd7qgV78D4FwldxY","President","2026-07-30T17:54:22.913Z","QAPsAF7RGJJEyeod3ftG"
"root","uEJyOd7qgV78D4FwldxY_0324010286_public_relations_officer__pro_","0324010286","uEJyOd7qgV78D4FwldxY","Public Relations Officer (PRO)","2026-07-30T17:54:23.391Z","RNYuZdOFRRvRfvA5R635"
"root","uEJyOd7qgV78D4FwldxY_0324010286_wocom","0324010286","uEJyOd7qgV78D4FwldxY","WOCOM","2026-07-30T17:54:22.798Z","tuxBxnIA23qPFSGciUSG"
"root","uEJyOd7qgV78D4FwldxY_0324030284__general_secretary","0324030284","uEJyOd7qgV78D4FwldxY"," General Secretary","2026-07-30T09:13:19.312Z","a3TE6ku7O53tKa9krD4j"
"root","uEJyOd7qgV78D4FwldxY_0324030284_financial_secretary","0324030284","uEJyOd7qgV78D4FwldxY","Financial Secretary","2026-07-30T09:13:19.318Z","N9Ze23rFUGjXrGexwiXC"
"root","uEJyOd7qgV78D4FwldxY_0324030284_organizing_secretary","0324030284","uEJyOd7qgV78D4FwldxY","Organizing Secretary","2026-07-30T09:13:19.418Z","KGZfXYWm30tbjUF2vfUz"
"root","uEJyOd7qgV78D4FwldxY_0324030284_president","0324030284","uEJyOd7qgV78D4FwldxY","President","2026-07-30T09:13:19.338Z","GFj5eJiviONgYxOhNKVZ"
"root","uEJyOd7qgV78D4FwldxY_0324030284_public_relations_officer__pro_","0324030284","uEJyOd7qgV78D4FwldxY","Public Relations Officer (PRO)","2026-07-30T09:13:19.285Z","7876cTQj7IwW4zYFf7Ki"
"root","uEJyOd7qgV78D4FwldxY_0324030284_wocom","0324030284","uEJyOd7qgV78D4FwldxY","WOCOM","2026-07-30T09:13:19.322Z","Uus7YGAMWFQwH08tmvT9"
"root","uEJyOd7qgV78D4FwldxY_0324050040__general_secretary","0324050040","uEJyOd7qgV78D4FwldxY"," General Secretary","2026-07-30T09:19:22.826Z","NpWKdFtj26m6E0z1m9PD"
"root","uEJyOd7qgV78D4FwldxY_0324050040_financial_secretary","0324050040","uEJyOd7qgV78D4FwldxY","Financial Secretary","2026-07-30T09:19:22.870Z","1mhoPzQRR5FxEZazagld"
"root","uEJyOd7qgV78D4FwldxY_0324050040_organizing_secretary","0324050040","uEJyOd7qgV78D4FwldxY","Organizing Secretary","2026-07-30T09:19:22.874Z","dkSUfYRNw9coRQN7Bj4a"
"root","uEJyOd7qgV78D4FwldxY_0324050040_president","0324050040","uEJyOd7qgV78D4FwldxY","President","2026-07-30T09:19:22.885Z","qB1NGWmuC0IFvKyLDWPj"
"root","uEJyOd7qgV78D4FwldxY_0324050040_public_relations_officer__pro_","0324050040","uEJyOd7qgV78D4FwldxY","Public Relations Officer (PRO)","2026-07-30T09:19:22.968Z","VszjSsGR8mNFVM1pPgKM"
"root","uEJyOd7qgV78D4FwldxY_0324050040_wocom","0324050040","uEJyOd7qgV78D4FwldxY","WOCOM","2026-07-30T09:19:22.983Z","4epNjorhAtwJJkjUyYfL"
"root","uEJyOd7qgV78D4FwldxY_0324060037__general_secretary","0324060037","uEJyOd7qgV78D4FwldxY"," General Secretary","2026-07-30T17:49:55.291Z","AWKNvLpkW17jcOqGN76G"
"root","uEJyOd7qgV78D4FwldxY_0324060037_financial_secretary","0324060037","uEJyOd7qgV78D4FwldxY","Financial Secretary","2026-07-30T17:49:55.138Z","6Ify3KMVAbv0NUkHkqJo"
"root","uEJyOd7qgV78D4FwldxY_0324060037_organizing_secretary","0324060037","uEJyOd7qgV78D4FwldxY","Organizing Secretary","2026-07-30T17:49:55.198Z","tOY89CSQ2LhiA58SbYrt"
"root","uEJyOd7qgV78D4FwldxY_0324060037_president","0324060037","uEJyOd7qgV78D4FwldxY","President","2026-07-30T17:49:55.151Z","NOrjeOddygYpojG93ybj"
"root","uEJyOd7qgV78D4FwldxY_0324060037_public_relations_officer__pro_","0324060037","uEJyOd7qgV78D4FwldxY","Public Relations Officer (PRO)","2026-07-30T17:49:55.171Z","gMEMiZg7MWLhE71bbPUa"
"root","uEJyOd7qgV78D4FwldxY_0324060037_wocom","0324060037","uEJyOd7qgV78D4FwldxY","WOCOM","2026-07-30T17:49:55.177Z","4eWhYu2LiWdwPixmF8YJ"
"root","uEJyOd7qgV78D4FwldxY_0324080001__general_secretary","0324080001","uEJyOd7qgV78D4FwldxY"," General Secretary","2026-07-30T09:13:07.859Z","8g25q4nJpv53NqMZB0en"
"root","uEJyOd7qgV78D4FwldxY_0324080001_financial_secretary","0324080001","uEJyOd7qgV78D4FwldxY","Financial Secretary","2026-07-30T09:13:07.847Z","9TDclanwhRbhm9zCP8io"
"root","uEJyOd7qgV78D4FwldxY_0324080001_organizing_secretary","0324080001","uEJyOd7qgV78D4FwldxY","Organizing Secretary","2026-07-30T09:13:07.822Z","Z6KhQWTHMonN0BhtAyIQ"
"root","uEJyOd7qgV78D4FwldxY_0324080001_president","0324080001","uEJyOd7qgV78D4FwldxY","President","2026-07-30T09:13:07.864Z","CcC1eCaNwWDfcANwSqRW"
"root","uEJyOd7qgV78D4FwldxY_0324080001_public_relations_officer__pro_","0324080001","uEJyOd7qgV78D4FwldxY","Public Relations Officer (PRO)","2026-07-30T09:13:07.875Z","NyWf52plgu7G0Yg2DZeP"
"root","uEJyOd7qgV78D4FwldxY_0324080001_wocom","0324080001","uEJyOd7qgV78D4FwldxY","WOCOM","2026-07-30T09:13:07.845Z","vjTrZCX0LP54ywW8mbzX"
"root","uEJyOd7qgV78D4FwldxY_0324080002__general_secretary","0324080002","uEJyOd7qgV78D4FwldxY"," General Secretary","2026-07-30T20:56:51.026Z","bs7HpOSyHtOUkiXEkGpl"
"root","uEJyOd7qgV78D4FwldxY_0324080002_financial_secretary","0324080002","uEJyOd7qgV78D4FwldxY","Financial Secretary","2026-07-30T20:56:50.964Z","H0x8hw4nV1tRliBfCVz8"
"root","uEJyOd7qgV78D4FwldxY_0324080002_organizing_secretary","0324080002","uEJyOd7qgV78D4FwldxY","Organizing Secretary","2026-07-30T20:56:51.460Z","QorYQ9sTjp7h9J7eBL3y"
"root","uEJyOd7qgV78D4FwldxY_0324080002_president","0324080002","uEJyOd7qgV78D4FwldxY","President","2026-07-30T20:56:51.449Z","euK49KuxsfaYafpBUP49"
"root","uEJyOd7qgV78D4FwldxY_0324080002_public_relations_officer__pro_","0324080002","uEJyOd7qgV78D4FwldxY","Public Relations Officer (PRO)","2026-07-30T20:56:51.240Z","1nChY2fw91EstEm00wHb"
"root","uEJyOd7qgV78D4FwldxY_0324080002_wocom","0324080002","uEJyOd7qgV78D4FwldxY","WOCOM","2026-07-30T20:56:51.134Z","q3NDUN3H7d6dbjuCCZqj"
"root","uEJyOd7qgV78D4FwldxY_0324080005__general_secretary","0324080005","uEJyOd7qgV78D4FwldxY"," General Secretary","2026-07-30T18:28:31.688Z","NpaYd2KyHzPkBECWp5em"
"root","uEJyOd7qgV78D4FwldxY_0324080005_financial_secretary","0324080005","uEJyOd7qgV78D4FwldxY","Financial Secretary","2026-07-30T18:28:31.743Z","bGbgK3DCXSCpLcrSiiXk"
"root","uEJyOd7qgV78D4FwldxY_0324080005_organizing_secretary","0324080005","uEJyOd7qgV78D4FwldxY","Organizing Secretary","2026-07-30T18:28:31.539Z","a46eBCkfsUrPMzfTBgOy"
"root","uEJyOd7qgV78D4FwldxY_0324080005_president","0324080005","uEJyOd7qgV78D4FwldxY","President","2026-07-30T18:28:31.597Z","3h2lQipPOM5FXo5eVIcs"
"root","uEJyOd7qgV78D4FwldxY_0324080005_public_relations_officer__pro_","0324080005","uEJyOd7qgV78D4FwldxY","Public Relations Officer (PRO)","2026-07-30T18:28:31.507Z","MxpZgeCBv5wf8my4MLPU"
"root","uEJyOd7qgV78D4FwldxY_0324080005_wocom","0324080005","uEJyOd7qgV78D4FwldxY","WOCOM","2026-07-30T18:28:31.502Z","TCjpJEC4OuYiUCJvGwfe"
"root","uEJyOd7qgV78D4FwldxY_0324080007__general_secretary","0324080007","uEJyOd7qgV78D4FwldxY"," General Secretary","2026-07-30T17:57:08.642Z","RYZdFpHznl60RTjWvFK3"
"root","uEJyOd7qgV78D4FwldxY_0324080007_financial_secretary","0324080007","uEJyOd7qgV78D4FwldxY","Financial Secretary","2026-07-30T17:57:08.659Z","xAcIKr8LcdPrA04GFxIW"
"root","uEJyOd7qgV78D4FwldxY_0324080007_organizing_secretary","0324080007","uEJyOd7qgV78D4FwldxY","Organizing Secretary","2026-07-30T17:57:08.654Z","m61IG0ynrzZnDgtmzsos"
"root","uEJyOd7qgV78D4FwldxY_0324080007_president","0324080007","uEJyOd7qgV78D4FwldxY","President","2026-07-30T17:57:08.594Z","4e07v0jRgXpLlG5btveI"
"root","uEJyOd7qgV78D4FwldxY_0324080007_public_relations_officer__pro_","0324080007","uEJyOd7qgV78D4FwldxY","Public Relations Officer (PRO)","2026-07-30T17:57:08.628Z","vsmQkU192CVvW2xUb5i9"
"root","uEJyOd7qgV78D4FwldxY_0324080007_wocom","0324080007","uEJyOd7qgV78D4FwldxY","WOCOM","2026-07-30T17:57:08.686Z","RKa4Svm4eQzQohp80uT2"
"root","uEJyOd7qgV78D4FwldxY_0324080009__general_secretary","0324080009","uEJyOd7qgV78D4FwldxY"," General Secretary","2026-07-30T09:11:11.009Z","H2kMnc5f56VXpmZiBcb3"
"root","uEJyOd7qgV78D4FwldxY_0324080009_financial_secretary","0324080009","uEJyOd7qgV78D4FwldxY","Financial Secretary","2026-07-30T09:11:10.952Z","7xakwvyvlf6zDznZtDgs"
"root","uEJyOd7qgV78D4FwldxY_0324080009_organizing_secretary","0324080009","uEJyOd7qgV78D4FwldxY","Organizing Secretary","2026-07-30T09:11:11.043Z","wnAmuh3ayB0qHwH3GlwE"
"root","uEJyOd7qgV78D4FwldxY_0324080009_president","0324080009","uEJyOd7qgV78D4FwldxY","President","2026-07-30T09:11:11.034Z","jru9lyOOZEmwfpLD5ZXa"
"root","uEJyOd7qgV78D4FwldxY_0324080009_public_relations_officer__pro_","0324080009","uEJyOd7qgV78D4FwldxY","Public Relations Officer (PRO)","2026-07-30T09:11:10.951Z","LcLX5ETAk48AOhQJvtJb"
"root","uEJyOd7qgV78D4FwldxY_0324080009_wocom","0324080009","uEJyOd7qgV78D4FwldxY","WOCOM","2026-07-30T09:11:11.038Z","e5pyZDFs6UIrSZ2voyG5"
"root","uEJyOd7qgV78D4FwldxY_0324080010__general_secretary","0324080010","uEJyOd7qgV78D4FwldxY"," General Secretary","2026-07-30T18:43:39.828Z","Q2vqPZWpCVKMMYAfTehx"
"root","uEJyOd7qgV78D4FwldxY_0324080010_financial_secretary","0324080010","uEJyOd7qgV78D4FwldxY","Financial Secretary","2026-07-30T18:43:39.980Z","AOzZSnoVE3m2yHRy7Bnv"
"root","uEJyOd7qgV78D4FwldxY_0324080010_organizing_secretary","0324080010","uEJyOd7qgV78D4FwldxY","Organizing Secretary","2026-07-30T18:43:39.879Z","pbJfQ5iDECkbhddv1L95"
"root","uEJyOd7qgV78D4FwldxY_0324080010_president","0324080010","uEJyOd7qgV78D4FwldxY","President","2026-07-30T18:43:39.941Z","zDHuqNvZY2HxX0dMutAM"
"root","uEJyOd7qgV78D4FwldxY_0324080010_public_relations_officer__pro_","0324080010","uEJyOd7qgV78D4FwldxY","Public Relations Officer (PRO)","2026-07-30T18:43:39.678Z","oiH25TIWUIyFBaKt29be"
"root","uEJyOd7qgV78D4FwldxY_0324080010_wocom","0324080010","uEJyOd7qgV78D4FwldxY","WOCOM","2026-07-30T18:43:39.769Z","eacPFbtaLEbPfNzZ79iK"
"root","uEJyOd7qgV78D4FwldxY_0324080011__general_secretary","0324080011","uEJyOd7qgV78D4FwldxY"," General Secretary","2026-07-30T11:06:22.347Z","UZ48zjB6o1Ai4mfpo56E"
"root","uEJyOd7qgV78D4FwldxY_0324080011_financial_secretary","0324080011","uEJyOd7qgV78D4FwldxY","Financial Secretary","2026-07-30T11:06:22.299Z","wSiODE8hCQ9cpEnhMq2y"
"root","uEJyOd7qgV78D4FwldxY_0324080011_organizing_secretary","0324080011","uEJyOd7qgV78D4FwldxY","Organizing Secretary","2026-07-30T11:06:22.178Z","Kbdw1xBuMxVGOG4xnMSm"
"root","uEJyOd7qgV78D4FwldxY_0324080011_president","0324080011","uEJyOd7qgV78D4FwldxY","President","2026-07-30T11:06:22.077Z","JPhy7FQMDV9eA5lPjMf0"
"root","uEJyOd7qgV78D4FwldxY_0324080011_public_relations_officer__pro_","0324080011","uEJyOd7qgV78D4FwldxY","Public Relations Officer (PRO)","2026-07-30T11:06:22.401Z","aKdkdQHRnByVJ0Xhdbo9"
"root","uEJyOd7qgV78D4FwldxY_0324080011_wocom","0324080011","uEJyOd7qgV78D4FwldxY","WOCOM","2026-07-30T11:06:22.139Z","1yIhZErFe4X9Vw41d52w"
"root","uEJyOd7qgV78D4FwldxY_0324080013__general_secretary","0324080013","uEJyOd7qgV78D4FwldxY"," General Secretary","2026-07-30T18:34:49.088Z","toL9W1jCOkV6vLxmBysJ"
"root","uEJyOd7qgV78D4FwldxY_0324080013_financial_secretary","0324080013","uEJyOd7qgV78D4FwldxY","Financial Secretary","2026-07-30T18:34:48.902Z","IXZX5qMq5zVXMgMDPfRt"
"root","uEJyOd7qgV78D4FwldxY_0324080013_organizing_secretary","0324080013","uEJyOd7qgV78D4FwldxY","Organizing Secretary","2026-07-30T18:34:48.844Z","o2x2AxazNejnrdwR7Amk"
"root","uEJyOd7qgV78D4FwldxY_0324080013_president","0324080013","uEJyOd7qgV78D4FwldxY","President","2026-07-30T18:34:48.792Z","Q8nf2CXlLhgFWGEbWmss"
"root","uEJyOd7qgV78D4FwldxY_0324080013_public_relations_officer__pro_","0324080013","uEJyOd7qgV78D4FwldxY","Public Relations Officer (PRO)","2026-07-30T18:34:48.955Z","DpCSUHAx4qqOoCr8khSX"
"root","uEJyOd7qgV78D4FwldxY_0324080013_wocom","0324080013","uEJyOd7qgV78D4FwldxY","WOCOM","2026-07-30T18:34:48.827Z","jPIODLKDCBYiz0NGCBOy"
"root","uEJyOd7qgV78D4FwldxY_0324080015__general_secretary","0324080015","uEJyOd7qgV78D4FwldxY"," General Secretary","2026-07-30T17:57:58.052Z","bhcWZ3fn1FGliqxIYHnY"
"root","uEJyOd7qgV78D4FwldxY_0324080015_financial_secretary","0324080015","uEJyOd7qgV78D4FwldxY","Financial Secretary","2026-07-30T17:57:58.146Z","agh8APub4a6VB1HqgVif"
"root","uEJyOd7qgV78D4FwldxY_0324080015_organizing_secretary","0324080015","uEJyOd7qgV78D4FwldxY","Organizing Secretary","2026-07-30T17:57:58.173Z","dS5RqKgglk9ZvooBhak7"
"root","uEJyOd7qgV78D4FwldxY_0324080015_president","0324080015","uEJyOd7qgV78D4FwldxY","President","2026-07-30T17:57:58.021Z","MpWzSx4uTnQxPEFxG5z1"
"root","uEJyOd7qgV78D4FwldxY_0324080015_public_relations_officer__pro_","0324080015","uEJyOd7qgV78D4FwldxY","Public Relations Officer (PRO)","2026-07-30T17:57:58.100Z","8ewllDCnSSVpxZ0N7vyH"
"root","uEJyOd7qgV78D4FwldxY_0324080015_wocom","0324080015","uEJyOd7qgV78D4FwldxY","WOCOM","2026-07-30T17:57:58.074Z","0NGXXGvXOt1KDmXG2epQ"
"root","uEJyOd7qgV78D4FwldxY_0324080017__general_secretary","0324080017","uEJyOd7qgV78D4FwldxY"," General Secretary","2026-07-30T17:48:48.458Z","NWlxuGxiKaajQGgeknuK"
"root","uEJyOd7qgV78D4FwldxY_0324080017_financial_secretary","0324080017","uEJyOd7qgV78D4FwldxY","Financial Secretary","2026-07-30T17:48:48.471Z","Lp3PGTlMA7LH8pPMmgRH"
"root","uEJyOd7qgV78D4FwldxY_0324080017_organizing_secretary","0324080017","uEJyOd7qgV78D4FwldxY","Organizing Secretary","2026-07-30T17:48:48.419Z","yAhkhOlKTQRbJEYrlVyv"
"root","uEJyOd7qgV78D4FwldxY_0324080017_president","0324080017","uEJyOd7qgV78D4FwldxY","President","2026-07-30T17:48:48.327Z","tlAdSvRhmoFL5d9mE67w"
"root","uEJyOd7qgV78D4FwldxY_0324080017_public_relations_officer__pro_","0324080017","uEJyOd7qgV78D4FwldxY","Public Relations Officer (PRO)","2026-07-30T17:48:47.475Z","aezdPIrbda9BY6d64Vjr"
"root","uEJyOd7qgV78D4FwldxY_0324080017_wocom","0324080017","uEJyOd7qgV78D4FwldxY","WOCOM","2026-07-30T17:48:48.453Z","Was335d6IXbAMqVXM5Ws"
"root","uEJyOd7qgV78D4FwldxY_0324080018__general_secretary","0324080018","uEJyOd7qgV78D4FwldxY"," General Secretary","2026-07-30T11:23:52.881Z","CGuK9zHpOJMIZljPRc1I"
"root","uEJyOd7qgV78D4FwldxY_0324080018_financial_secretary","0324080018","uEJyOd7qgV78D4FwldxY","Financial Secretary","2026-07-30T11:23:52.867Z","hYwAxhgrvByetKwz6BNx"
"root","uEJyOd7qgV78D4FwldxY_0324080018_organizing_secretary","0324080018","uEJyOd7qgV78D4FwldxY","Organizing Secretary","2026-07-30T11:23:52.790Z","JLZ9Kx6Bh5iovCRlnV9A"
"root","uEJyOd7qgV78D4FwldxY_0324080018_president","0324080018","uEJyOd7qgV78D4FwldxY","President","2026-07-30T11:23:52.807Z","bZlusVmoA1se69g7m0NH"
"root","uEJyOd7qgV78D4FwldxY_0324080018_public_relations_officer__pro_","0324080018","uEJyOd7qgV78D4FwldxY","Public Relations Officer (PRO)","2026-07-30T11:23:52.756Z","na6zSKXhDmjRgKm0G02G"
"root","uEJyOd7qgV78D4FwldxY_0324080018_wocom","0324080018","uEJyOd7qgV78D4FwldxY","WOCOM","2026-07-30T11:23:53.021Z","EZHyEKttzRQHHeDY0bQM"
"root","uEJyOd7qgV78D4FwldxY_0324080020__general_secretary","0324080020","uEJyOd7qgV78D4FwldxY"," General Secretary","2026-07-30T09:17:08.505Z","DSPS0Y7G0cjzV3I9yiKv"
"root","uEJyOd7qgV78D4FwldxY_0324080020_financial_secretary","0324080020","uEJyOd7qgV78D4FwldxY","Financial Secretary","2026-07-30T09:17:08.730Z","PsqrF913JPOhDhbYogmD"
"root","uEJyOd7qgV78D4FwldxY_0324080020_organizing_secretary","0324080020","uEJyOd7qgV78D4FwldxY","Organizing Secretary","2026-07-30T09:17:08.693Z","Wab0G9uRVzj6NfhdO5kC"
"root","uEJyOd7qgV78D4FwldxY_0324080020_president","0324080020","uEJyOd7qgV78D4FwldxY","President","2026-07-30T09:17:08.686Z","wHpcYUezXp8HwG3h7JDx"
"root","uEJyOd7qgV78D4FwldxY_0324080020_public_relations_officer__pro_","0324080020","uEJyOd7qgV78D4FwldxY","Public Relations Officer (PRO)","2026-07-30T09:17:08.650Z","jFNEjCR79qGo3LC3WHOH"
"root","uEJyOd7qgV78D4FwldxY_0324080020_wocom","0324080020","uEJyOd7qgV78D4FwldxY","WOCOM","2026-07-30T09:17:08.970Z","0nkzPGTKnjjjDHziZ2br"
"root","uEJyOd7qgV78D4FwldxY_0324080022__general_secretary","0324080022","uEJyOd7qgV78D4FwldxY"," General Secretary","2026-07-30T09:21:08.478Z","E8NCbWxF73HRH9gRU2RX"
"root","uEJyOd7qgV78D4FwldxY_0324080022_financial_secretary","0324080022","uEJyOd7qgV78D4FwldxY","Financial Secretary","2026-07-30T09:21:08.408Z","0OgAufoyi2QvIqiLxdWv"
"root","uEJyOd7qgV78D4FwldxY_0324080022_organizing_secretary","0324080022","uEJyOd7qgV78D4FwldxY","Organizing Secretary","2026-07-30T09:21:08.511Z","6zCuvvKmNEAHVzpmv5UW"
"root","uEJyOd7qgV78D4FwldxY_0324080022_president","0324080022","uEJyOd7qgV78D4FwldxY","President","2026-07-30T09:21:08.327Z","gJ799UmX6XLgh26dLPjI"
"root","uEJyOd7qgV78D4FwldxY_0324080022_public_relations_officer__pro_","0324080022","uEJyOd7qgV78D4FwldxY","Public Relations Officer (PRO)","2026-07-30T09:21:08.316Z","cojTE97iB1EV89bpNXdS"
"root","uEJyOd7qgV78D4FwldxY_0324080022_wocom","0324080022","uEJyOd7qgV78D4FwldxY","WOCOM","2026-07-30T09:21:08.474Z","ShYJfiTMotPdf5PcDeN7"
"root","uEJyOd7qgV78D4FwldxY_0324080023__general_secretary","0324080023","uEJyOd7qgV78D4FwldxY"," General Secretary","2026-07-30T18:42:05.387Z","1iijx7j1eardyxYJIpX8"
"root","uEJyOd7qgV78D4FwldxY_0324080023_financial_secretary","0324080023","uEJyOd7qgV78D4FwldxY","Financial Secretary","2026-07-30T18:42:05.755Z","Fjum1C0s5fgZDhLDxZe6"
"root","uEJyOd7qgV78D4FwldxY_0324080023_organizing_secretary","0324080023","uEJyOd7qgV78D4FwldxY","Organizing Secretary","2026-07-30T18:42:04.983Z","pbMNXeUuYiCTre0mLUcC"
"root","uEJyOd7qgV78D4FwldxY_0324080023_president","0324080023","uEJyOd7qgV78D4FwldxY","President","2026-07-30T18:42:05.200Z","W1XoHqd1XZ6U4KrACrnF"
"root","uEJyOd7qgV78D4FwldxY_0324080023_public_relations_officer__pro_","0324080023","uEJyOd7qgV78D4FwldxY","Public Relations Officer (PRO)","2026-07-30T18:42:05.591Z","tdzNcIbFyFxNbrnv4L43"
"root","uEJyOd7qgV78D4FwldxY_0324080023_wocom","0324080023","uEJyOd7qgV78D4FwldxY","WOCOM","2026-07-30T18:42:05.452Z","uZdW4sbKGgeLe8h62VdI"
"root","uEJyOd7qgV78D4FwldxY_0324080025__general_secretary","0324080025","uEJyOd7qgV78D4FwldxY"," General Secretary","2026-07-30T19:03:31.570Z","2KlirKCq8tLeSgHcgcQp"
"root","uEJyOd7qgV78D4FwldxY_0324080025_financial_secretary","0324080025","uEJyOd7qgV78D4FwldxY","Financial Secretary","2026-07-30T19:03:31.566Z","YbmjqkKIEc5L6rgJo4Zt"
"root","uEJyOd7qgV78D4FwldxY_0324080025_organizing_secretary","0324080025","uEJyOd7qgV78D4FwldxY","Organizing Secretary","2026-07-30T19:03:31.615Z","aTzsUj2MZrS5giL7eZfk"
"root","uEJyOd7qgV78D4FwldxY_0324080025_president","0324080025","uEJyOd7qgV78D4FwldxY","President","2026-07-30T19:03:31.724Z","D9emkSz3YDKa2y6K7tZ6"
"root","uEJyOd7qgV78D4FwldxY_0324080025_wocom","0324080025","uEJyOd7qgV78D4FwldxY","WOCOM","2026-07-30T19:03:31.942Z","X4SxFrE4VV0XcVXvxZqX"
"root","uEJyOd7qgV78D4FwldxY_0324080028__general_secretary","0324080028","uEJyOd7qgV78D4FwldxY"," General Secretary","2026-07-30T11:12:13.548Z","uX8UBUEEmLBg9NrUUEPE"
"root","uEJyOd7qgV78D4FwldxY_0324080028_financial_secretary","0324080028","uEJyOd7qgV78D4FwldxY","Financial Secretary","2026-07-30T11:12:13.743Z","gNxwD20EA8cIDeFyEknI"
"root","uEJyOd7qgV78D4FwldxY_0324080028_organizing_secretary","0324080028","uEJyOd7qgV78D4FwldxY","Organizing Secretary","2026-07-30T11:12:13.603Z","Pu28UdGsd8coHVntBGQg"
"root","uEJyOd7qgV78D4FwldxY_0324080028_president","0324080028","uEJyOd7qgV78D4FwldxY","President","2026-07-30T11:12:13.507Z","GvLOO2PdCB9Z3tifQfCZ"
"root","uEJyOd7qgV78D4FwldxY_0324080028_public_relations_officer__pro_","0324080028","uEJyOd7qgV78D4FwldxY","Public Relations Officer (PRO)","2026-07-30T11:12:13.570Z","wZnFnHoHg3KgrmEsGlzj"
"root","uEJyOd7qgV78D4FwldxY_0324080028_wocom","0324080028","uEJyOd7qgV78D4FwldxY","WOCOM","2026-07-30T11:12:13.547Z","9iCYAgPwFM1OPP5Wc2jE"
"root","uEJyOd7qgV78D4FwldxY_0324080030__general_secretary","0324080030","uEJyOd7qgV78D4FwldxY"," General Secretary","2026-07-30T09:19:26.359Z","bSjAoIz4kvcYxWdStPCm"
"root","uEJyOd7qgV78D4FwldxY_0324080030_financial_secretary","0324080030","uEJyOd7qgV78D4FwldxY","Financial Secretary","2026-07-30T09:19:26.304Z","Rz70B8BFFwkjAbuzIsN3"
"root","uEJyOd7qgV78D4FwldxY_0324080030_organizing_secretary","0324080030","uEJyOd7qgV78D4FwldxY","Organizing Secretary","2026-07-30T09:19:26.286Z","MkLvyqgrzo7a3zPaKOFW"
"root","uEJyOd7qgV78D4FwldxY_0324080030_president","0324080030","uEJyOd7qgV78D4FwldxY","President","2026-07-30T09:19:26.354Z","NUFKrcg0k92OwqPpKT8n"
"root","uEJyOd7qgV78D4FwldxY_0324080030_public_relations_officer__pro_","0324080030","uEJyOd7qgV78D4FwldxY","Public Relations Officer (PRO)","2026-07-30T09:19:26.305Z","5aMQSNJGsKso4FNBeXrj"
"root","uEJyOd7qgV78D4FwldxY_0324080030_wocom","0324080030","uEJyOd7qgV78D4FwldxY","WOCOM","2026-07-30T09:19:26.266Z","kX4J8Rs17QSiAzVh2yXY"
"root","uEJyOd7qgV78D4FwldxY_0324080032__general_secretary","0324080032","uEJyOd7qgV78D4FwldxY"," General Secretary","2026-07-30T09:10:10.000Z","C3xMobm0UfCqP6vR8p1x"
"root","uEJyOd7qgV78D4FwldxY_0324080032_financial_secretary","0324080032","uEJyOd7qgV78D4FwldxY","Financial Secretary","2026-07-30T09:10:10.028Z","OQiG0dD7tCy7FJTiEIdk"
"root","uEJyOd7qgV78D4FwldxY_0324080032_organizing_secretary","0324080032","uEJyOd7qgV78D4FwldxY","Organizing Secretary","2026-07-30T09:10:10.026Z","Ak8KFfEaQflLTSjU0rUn"
"root","uEJyOd7qgV78D4FwldxY_0324080032_president","0324080032","uEJyOd7qgV78D4FwldxY","President","2026-07-30T09:10:10.002Z","odnVqjuB2lC0KWWiZkK9"
"root","uEJyOd7qgV78D4FwldxY_0324080032_wocom","0324080032","uEJyOd7qgV78D4FwldxY","WOCOM","2026-07-30T09:10:09.952Z","gdywCn2DaKM6nnX6Uys9"
"root","uEJyOd7qgV78D4FwldxY_0324080037__general_secretary","0324080037","uEJyOd7qgV78D4FwldxY"," General Secretary","2026-07-30T21:19:34.877Z","DxlzffGKV9D3OxKdqSNe"
"root","uEJyOd7qgV78D4FwldxY_0324080037_financial_secretary","0324080037","uEJyOd7qgV78D4FwldxY","Financial Secretary","2026-07-30T21:19:35.067Z","QoG4F3yT9wAcLxHthemv"
"root","uEJyOd7qgV78D4FwldxY_0324080037_organizing_secretary","0324080037","uEJyOd7qgV78D4FwldxY","Organizing Secretary","2026-07-30T21:19:34.904Z","iRzhz5KZKP3DHSIgyLg5"
"root","uEJyOd7qgV78D4FwldxY_0324080037_president","0324080037","uEJyOd7qgV78D4FwldxY","President","2026-07-30T21:19:35.036Z","eqyU4wJIt95oGGSdhpjq"
"root","uEJyOd7qgV78D4FwldxY_0324080037_public_relations_officer__pro_","0324080037","uEJyOd7qgV78D4FwldxY","Public Relations Officer (PRO)","2026-07-30T21:19:34.915Z","64i1MjbsLnJD6tnO065N"
"root","uEJyOd7qgV78D4FwldxY_0324080037_wocom","0324080037","uEJyOd7qgV78D4FwldxY","WOCOM","2026-07-30T21:19:35.071Z","b4zLzZ4lvnwJEIwaVEpR"
"root","uEJyOd7qgV78D4FwldxY_0324080040__general_secretary","0324080040","uEJyOd7qgV78D4FwldxY"," General Secretary","2026-07-30T17:56:53.272Z","yeiFNzoydTjHb6ZE4R6v"
"root","uEJyOd7qgV78D4FwldxY_0324080040_financial_secretary","0324080040","uEJyOd7qgV78D4FwldxY","Financial Secretary","2026-07-30T17:56:53.362Z","OXm99BHbx6MNlJLRnev2"
"root","uEJyOd7qgV78D4FwldxY_0324080040_organizing_secretary","0324080040","uEJyOd7qgV78D4FwldxY","Organizing Secretary","2026-07-30T17:56:53.243Z","KZeUIal0azcLVk6uGPTe"
"root","uEJyOd7qgV78D4FwldxY_0324080040_president","0324080040","uEJyOd7qgV78D4FwldxY","President","2026-07-30T17:56:53.392Z","U2r6TbTsnzWNqgIgrUVH"
"root","uEJyOd7qgV78D4FwldxY_0324080040_public_relations_officer__pro_","0324080040","uEJyOd7qgV78D4FwldxY","Public Relations Officer (PRO)","2026-07-30T17:56:53.247Z","CTL95WAZAPwsvn33B8nK"
"root","uEJyOd7qgV78D4FwldxY_0324080040_wocom","0324080040","uEJyOd7qgV78D4FwldxY","WOCOM","2026-07-30T17:56:53.365Z","voO4HT9KZSLz35ZuMc6O"
"root","uEJyOd7qgV78D4FwldxY_0324080041__general_secretary","0324080041","uEJyOd7qgV78D4FwldxY"," General Secretary","2026-07-30T09:23:30.305Z","dY82NUQ6ZtW6XjctWFKI"
"root","uEJyOd7qgV78D4FwldxY_0324080041_financial_secretary","0324080041","uEJyOd7qgV78D4FwldxY","Financial Secretary","2026-07-30T09:23:30.348Z","TPG1Vdn6B43poWzA0XoC"
"root","uEJyOd7qgV78D4FwldxY_0324080041_organizing_secretary","0324080041","uEJyOd7qgV78D4FwldxY","Organizing Secretary","2026-07-30T09:23:30.315Z","qzk67rp4eAD94ate0HiT"
"root","uEJyOd7qgV78D4FwldxY_0324080041_president","0324080041","uEJyOd7qgV78D4FwldxY","President","2026-07-30T09:23:30.343Z","giakIT82paH5WxHc7Z22"
"root","uEJyOd7qgV78D4FwldxY_0324080041_public_relations_officer__pro_","0324080041","uEJyOd7qgV78D4FwldxY","Public Relations Officer (PRO)","2026-07-30T09:23:30.337Z","2cHYTmgw6Eb1wqoGpCsZ"
"root","uEJyOd7qgV78D4FwldxY_0324080041_wocom","0324080041","uEJyOd7qgV78D4FwldxY","WOCOM","2026-07-30T09:23:30.433Z","r7Kcm4flBJ5JHdqEDJKc"
"root","uEJyOd7qgV78D4FwldxY_0324080044__general_secretary","0324080044","uEJyOd7qgV78D4FwldxY"," General Secretary","2026-07-30T19:39:57.374Z","nxhr0xMoD5yfG2UEZCms"
"root","uEJyOd7qgV78D4FwldxY_0324080044_financial_secretary","0324080044","uEJyOd7qgV78D4FwldxY","Financial Secretary","2026-07-30T19:39:57.708Z","8OIDw5JNYwbld1foqQI2"
"root","uEJyOd7qgV78D4FwldxY_0324080044_organizing_secretary","0324080044","uEJyOd7qgV78D4FwldxY","Organizing Secretary","2026-07-30T19:39:57.440Z","g2affXEhPDyrgr8H0gG2"
"root","uEJyOd7qgV78D4FwldxY_0324080044_public_relations_officer__pro_","0324080044","uEJyOd7qgV78D4FwldxY","Public Relations Officer (PRO)","2026-07-30T19:39:57.514Z","cZ6KkmXrxupBEqvJpsdP"
"root","uEJyOd7qgV78D4FwldxY_0324080044_wocom","0324080044","uEJyOd7qgV78D4FwldxY","WOCOM","2026-07-30T19:39:57.433Z","l0Eq7WAUNhSs65CM3zYk"
"root","uEJyOd7qgV78D4FwldxY_0324080047__general_secretary","0324080047","uEJyOd7qgV78D4FwldxY"," General Secretary","2026-07-30T09:28:19.419Z","Vt0ZKifm57IEQrdW9C7h"
"root","uEJyOd7qgV78D4FwldxY_0324080047_financial_secretary","0324080047","uEJyOd7qgV78D4FwldxY","Financial Secretary","2026-07-30T09:28:19.531Z","pJRfdHnxzfw4KVpekgYR"
"root","uEJyOd7qgV78D4FwldxY_0324080047_organizing_secretary","0324080047","uEJyOd7qgV78D4FwldxY","Organizing Secretary","2026-07-30T09:28:19.374Z","wrgchu4yP8Obm8UlNklu"
"root","uEJyOd7qgV78D4FwldxY_0324080047_president","0324080047","uEJyOd7qgV78D4FwldxY","President","2026-07-30T09:28:19.422Z","bThMOWBCAWWBH0EbnpyL"
"root","uEJyOd7qgV78D4FwldxY_0324080047_public_relations_officer__pro_","0324080047","uEJyOd7qgV78D4FwldxY","Public Relations Officer (PRO)","2026-07-30T09:28:19.346Z","DsPZrLCd5Xzl7qQNJ8xJ"
"root","uEJyOd7qgV78D4FwldxY_0324080047_wocom","0324080047","uEJyOd7qgV78D4FwldxY","WOCOM","2026-07-30T09:28:19.455Z","NmkFrQ0TCKNg6uTB2gIj"
"root","uEJyOd7qgV78D4FwldxY_0324080048__general_secretary","0324080048","uEJyOd7qgV78D4FwldxY"," General Secretary","2026-07-30T18:07:41.494Z","iygikd64czxl40uLzeDC"
"root","uEJyOd7qgV78D4FwldxY_0324080048_financial_secretary","0324080048","uEJyOd7qgV78D4FwldxY","Financial Secretary","2026-07-30T18:07:41.285Z","OqYktzlvOcyDRqvwJ01t"
"root","uEJyOd7qgV78D4FwldxY_0324080048_organizing_secretary","0324080048","uEJyOd7qgV78D4FwldxY","Organizing Secretary","2026-07-30T18:07:41.279Z","xtKlU1JbuOMdcQENusnh"
"root","uEJyOd7qgV78D4FwldxY_0324080048_president","0324080048","uEJyOd7qgV78D4FwldxY","President","2026-07-30T18:07:41.295Z","FrHk3YYnrFiqPu6EjWRR"
"root","uEJyOd7qgV78D4FwldxY_0324080048_public_relations_officer__pro_","0324080048","uEJyOd7qgV78D4FwldxY","Public Relations Officer (PRO)","2026-07-30T18:07:41.170Z","XtimdMjY2TgXiUUP8s9C"
"root","uEJyOd7qgV78D4FwldxY_0324080048_wocom","0324080048","uEJyOd7qgV78D4FwldxY","WOCOM","2026-07-30T18:07:41.170Z","GOl4cViEFy5J7pNINkgY"
"root","uEJyOd7qgV78D4FwldxY_0324080049__general_secretary","0324080049","uEJyOd7qgV78D4FwldxY"," General Secretary","2026-07-30T11:12:42.102Z","33tlUBvknfGGMlXLpywQ"
"root","uEJyOd7qgV78D4FwldxY_0324080049_financial_secretary","0324080049","uEJyOd7qgV78D4FwldxY","Financial Secretary","2026-07-30T11:12:42.217Z","hHRzgN400iotVhpMhNwM"
"root","uEJyOd7qgV78D4FwldxY_0324080049_organizing_secretary","0324080049","uEJyOd7qgV78D4FwldxY","Organizing Secretary","2026-07-30T11:12:42.128Z","7hlMUHYhTD7Nm5FYJLZH"
"root","uEJyOd7qgV78D4FwldxY_0324080049_president","0324080049","uEJyOd7qgV78D4FwldxY","President","2026-07-30T11:12:42.394Z","4qxCXGoXcJVjujZ4NjIc"
"root","uEJyOd7qgV78D4FwldxY_0324080049_public_relations_officer__pro_","0324080049","uEJyOd7qgV78D4FwldxY","Public Relations Officer (PRO)","2026-07-30T11:12:42.132Z","SHDZcbHeWBhzWzXzFpCC"
"root","uEJyOd7qgV78D4FwldxY_0324080049_wocom","0324080049","uEJyOd7qgV78D4FwldxY","WOCOM","2026-07-30T11:12:42.169Z","I2AkuoWWLVYYKSz3HCTf"
"root","uEJyOd7qgV78D4FwldxY_0324080050__general_secretary","0324080050","uEJyOd7qgV78D4FwldxY"," General Secretary","2026-07-30T11:00:06.347Z","UASYGjDzfNmOsaGIQfCr"
"root","uEJyOd7qgV78D4FwldxY_0324080050_financial_secretary","0324080050","uEJyOd7qgV78D4FwldxY","Financial Secretary","2026-07-30T11:00:06.096Z","FNN9SW1Gv7b7oGvNRmcZ"
"root","uEJyOd7qgV78D4FwldxY_0324080050_organizing_secretary","0324080050","uEJyOd7qgV78D4FwldxY","Organizing Secretary","2026-07-30T11:00:06.583Z","QvvwIu8Ljj324ehrN5DG"
"root","uEJyOd7qgV78D4FwldxY_0324080050_president","0324080050","uEJyOd7qgV78D4FwldxY","President","2026-07-30T11:00:06.179Z","4L86XF18bawMvCB1N0nl"
"root","uEJyOd7qgV78D4FwldxY_0324080050_public_relations_officer__pro_","0324080050","uEJyOd7qgV78D4FwldxY","Public Relations Officer (PRO)","2026-07-30T11:00:05.145Z","jR1bRqarpoi0ETcR6d8o"
"root","uEJyOd7qgV78D4FwldxY_0324080050_wocom","0324080050","uEJyOd7qgV78D4FwldxY","WOCOM","2026-07-30T11:00:06.431Z","ZSr5OZLkjD0zcFUW2oY9"
"root","uEJyOd7qgV78D4FwldxY_0324080052__general_secretary","0324080052","uEJyOd7qgV78D4FwldxY"," General Secretary","2026-07-30T09:18:02.446Z","vTpP2W9NW5vl9FwEBYp5"
"root","uEJyOd7qgV78D4FwldxY_0324080052_financial_secretary","0324080052","uEJyOd7qgV78D4FwldxY","Financial Secretary","2026-07-30T09:18:02.381Z","aDSCQH8PFsXpYcKA0xyL"
"root","uEJyOd7qgV78D4FwldxY_0324080052_organizing_secretary","0324080052","uEJyOd7qgV78D4FwldxY","Organizing Secretary","2026-07-30T09:18:02.429Z","0kq0hoI4rCeK4F09MYqz"
"root","uEJyOd7qgV78D4FwldxY_0324080052_president","0324080052","uEJyOd7qgV78D4FwldxY","President","2026-07-30T09:18:03.080Z","cvtowBR4j98fBiPG3MpZ"
"root","uEJyOd7qgV78D4FwldxY_0324080052_public_relations_officer__pro_","0324080052","uEJyOd7qgV78D4FwldxY","Public Relations Officer (PRO)","2026-07-30T09:18:02.513Z","x40kswX0a7f0qUQYPqG1"
"root","uEJyOd7qgV78D4FwldxY_0324080052_wocom","0324080052","uEJyOd7qgV78D4FwldxY","WOCOM","2026-07-30T09:18:02.429Z","ef9eFA95SERtyekKflMi"
"root","uEJyOd7qgV78D4FwldxY_0324080054_organizing_secretary","0324080054","uEJyOd7qgV78D4FwldxY","Organizing Secretary","2026-07-30T11:13:09.415Z","nzeqjlANZPKIn0fnoYyY"
"root","uEJyOd7qgV78D4FwldxY_0324080054_president","0324080054","uEJyOd7qgV78D4FwldxY","President","2026-07-30T11:13:09.472Z","ZDRKcNtBxP5nnFFgah2s"
"root","uEJyOd7qgV78D4FwldxY_0324080055__general_secretary","0324080055","uEJyOd7qgV78D4FwldxY"," General Secretary","2026-07-30T09:19:58.086Z","ozEItC3FHTH2QGN3hKtP"
"root","uEJyOd7qgV78D4FwldxY_0324080055_financial_secretary","0324080055","uEJyOd7qgV78D4FwldxY","Financial Secretary","2026-07-30T09:19:58.021Z","E6LeyUziuhjy6JgkofI4"
"root","uEJyOd7qgV78D4FwldxY_0324080055_organizing_secretary","0324080055","uEJyOd7qgV78D4FwldxY","Organizing Secretary","2026-07-30T09:19:58.070Z","VwIWqqlgVAKru7o7WbFl"
"root","uEJyOd7qgV78D4FwldxY_0324080055_president","0324080055","uEJyOd7qgV78D4FwldxY","President","2026-07-30T09:19:58.242Z","vx9ETDR5XWwaHUTemRGw"
"root","uEJyOd7qgV78D4FwldxY_0324080055_public_relations_officer__pro_","0324080055","uEJyOd7qgV78D4FwldxY","Public Relations Officer (PRO)","2026-07-30T09:19:58.123Z","Vn7DmBfc5tCtlG0JSCYj"
"root","uEJyOd7qgV78D4FwldxY_0324080055_wocom","0324080055","uEJyOd7qgV78D4FwldxY","WOCOM","2026-07-30T09:19:58.222Z","d1pAR1bpYBCT11HgqEu8"
"root","uEJyOd7qgV78D4FwldxY_0324080058__general_secretary","0324080058","uEJyOd7qgV78D4FwldxY"," General Secretary","2026-07-30T21:21:40.215Z","sJbhTIsXDaSD6xBbhAW2"
"root","uEJyOd7qgV78D4FwldxY_0324080058_financial_secretary","0324080058","uEJyOd7qgV78D4FwldxY","Financial Secretary","2026-07-30T21:21:40.308Z","39wO7CvOQ1KI6BAw5Nst"
"root","uEJyOd7qgV78D4FwldxY_0324080058_organizing_secretary","0324080058","uEJyOd7qgV78D4FwldxY","Organizing Secretary","2026-07-30T21:21:40.255Z","GNUrp5XgZYLquaEJS5Ip"
"root","uEJyOd7qgV78D4FwldxY_0324080058_president","0324080058","uEJyOd7qgV78D4FwldxY","President","2026-07-30T21:21:40.373Z","b3qZC3D6j69y9WQ415Xv"
"root","uEJyOd7qgV78D4FwldxY_0324080058_public_relations_officer__pro_","0324080058","uEJyOd7qgV78D4FwldxY","Public Relations Officer (PRO)","2026-07-30T21:21:40.223Z","hFdM4kfZGfQTlTIXQwQj"
"root","uEJyOd7qgV78D4FwldxY_0324080058_wocom","0324080058","uEJyOd7qgV78D4FwldxY","WOCOM","2026-07-30T21:21:40.194Z","rBA1QOR4wSlc6lgS6P1w"
"root","uEJyOd7qgV78D4FwldxY_0324080060__general_secretary","0324080060","uEJyOd7qgV78D4FwldxY"," General Secretary","2026-07-30T09:24:47.633Z","DnC2LcAPhT8xZlMwnpy2"
"root","uEJyOd7qgV78D4FwldxY_0324080060_financial_secretary","0324080060","uEJyOd7qgV78D4FwldxY","Financial Secretary","2026-07-30T09:24:47.674Z","UfmvBYHwGG3RlNNz5neb"
"root","uEJyOd7qgV78D4FwldxY_0324080060_organizing_secretary","0324080060","uEJyOd7qgV78D4FwldxY","Organizing Secretary","2026-07-30T09:24:47.652Z","Uen4q41dOiQ5d55s7Rau"
"root","uEJyOd7qgV78D4FwldxY_0324080060_president","0324080060","uEJyOd7qgV78D4FwldxY","President","2026-07-30T09:24:47.767Z","fJMZIKvFsAkOxRfD6fTD"
"root","uEJyOd7qgV78D4FwldxY_0324080060_public_relations_officer__pro_","0324080060","uEJyOd7qgV78D4FwldxY","Public Relations Officer (PRO)","2026-07-30T09:24:47.828Z","JUo6N2LFsqVFGCnX1BDR"
"root","uEJyOd7qgV78D4FwldxY_0324080060_wocom","0324080060","uEJyOd7qgV78D4FwldxY","WOCOM","2026-07-30T09:24:47.611Z","e55hbPzuTRQqdKGVwDUJ"
"root","uEJyOd7qgV78D4FwldxY_0324080062__general_secretary","0324080062","uEJyOd7qgV78D4FwldxY"," General Secretary","2026-07-30T09:06:33.588Z","f7D5KaWoFHut1jNWlquA"
"root","uEJyOd7qgV78D4FwldxY_0324080062_financial_secretary","0324080062","uEJyOd7qgV78D4FwldxY","Financial Secretary","2026-07-30T09:06:33.784Z","qscYStZg3LTivQzHxEkg"
"root","uEJyOd7qgV78D4FwldxY_0324080062_organizing_secretary","0324080062","uEJyOd7qgV78D4FwldxY","Organizing Secretary","2026-07-30T09:06:33.714Z","SN5BcFfIfz5R37PmFBfl"
"root","uEJyOd7qgV78D4FwldxY_0324080062_president","0324080062","uEJyOd7qgV78D4FwldxY","President","2026-07-30T09:06:33.694Z","7TpGJ6I1oI6N74O1PD7A"
"root","uEJyOd7qgV78D4FwldxY_0324080062_public_relations_officer__pro_","0324080062","uEJyOd7qgV78D4FwldxY","Public Relations Officer (PRO)","2026-07-30T09:06:33.564Z","tvgQMAhTWOYfzZnpqs5U"
"root","uEJyOd7qgV78D4FwldxY_0324080062_wocom","0324080062","uEJyOd7qgV78D4FwldxY","WOCOM","2026-07-30T09:06:33.870Z","KUd3rIlSaa43QLzLqevg"
"root","uEJyOd7qgV78D4FwldxY_0324080063_financial_secretary","0324080063","uEJyOd7qgV78D4FwldxY","Financial Secretary","2026-07-30T19:06:41.197Z","DKZumx1dKlTk2o4W0e9X"
"root","uEJyOd7qgV78D4FwldxY_0324080063_organizing_secretary","0324080063","uEJyOd7qgV78D4FwldxY","Organizing Secretary","2026-07-30T19:06:41.091Z","nzfma2QPwmSAUTrNNQ7h"
"root","uEJyOd7qgV78D4FwldxY_0324080063_president","0324080063","uEJyOd7qgV78D4FwldxY","President","2026-07-30T19:06:41.054Z","OHjeOk81YCRozyVxr4Eo"
"root","uEJyOd7qgV78D4FwldxY_0324080063_wocom","0324080063","uEJyOd7qgV78D4FwldxY","WOCOM","2026-07-30T19:06:41.119Z","rUsxR4XmqdZNCXsO7ktv"
"root","uEJyOd7qgV78D4FwldxY_0324080064__general_secretary","0324080064","uEJyOd7qgV78D4FwldxY"," General Secretary","2026-07-30T18:40:04.210Z","H47RsccXANhw1M0TMUny"
"root","uEJyOd7qgV78D4FwldxY_0324080064_financial_secretary","0324080064","uEJyOd7qgV78D4FwldxY","Financial Secretary","2026-07-30T18:40:03.769Z","fWEoNCC2Dg5mgOyKuZSP"
"root","uEJyOd7qgV78D4FwldxY_0324080064_organizing_secretary","0324080064","uEJyOd7qgV78D4FwldxY","Organizing Secretary","2026-07-30T18:40:04.364Z","OoITLN5NGl8A8w91ZZsb"
"root","uEJyOd7qgV78D4FwldxY_0324080064_president","0324080064","uEJyOd7qgV78D4FwldxY","President","2026-07-30T18:40:03.854Z","FSiqpuAtaCdlzByyQtdG"
"root","uEJyOd7qgV78D4FwldxY_0324080064_wocom","0324080064","uEJyOd7qgV78D4FwldxY","WOCOM","2026-07-30T18:40:03.744Z","G5Bgcfw3RG0DpMLOGoLT"
"root","uEJyOd7qgV78D4FwldxY_0324080068__general_secretary","0324080068","uEJyOd7qgV78D4FwldxY"," General Secretary","2026-07-30T17:47:53.942Z","jv2MiFyIPKEV11Woj1hT"
"root","uEJyOd7qgV78D4FwldxY_0324080068_financial_secretary","0324080068","uEJyOd7qgV78D4FwldxY","Financial Secretary","2026-07-30T17:47:53.919Z","2xOM1WsH1AftLAdHlHcH"
"root","uEJyOd7qgV78D4FwldxY_0324080068_organizing_secretary","0324080068","uEJyOd7qgV78D4FwldxY","Organizing Secretary","2026-07-30T17:47:53.929Z","R4MwLYhERhiZ2BahilrM"
"root","uEJyOd7qgV78D4FwldxY_0324080068_president","0324080068","uEJyOd7qgV78D4FwldxY","President","2026-07-30T17:47:53.818Z","rqi1h55cWOSfOIxaXS8X"
"root","uEJyOd7qgV78D4FwldxY_0324080068_wocom","0324080068","uEJyOd7qgV78D4FwldxY","WOCOM","2026-07-30T17:47:54.132Z","4CtC1qvwu22UIILgTPCh"
"root","uEJyOd7qgV78D4FwldxY_0324080071__general_secretary","0324080071","uEJyOd7qgV78D4FwldxY"," General Secretary","2026-07-30T18:30:12.611Z","pJLh9GAGddaVp2VfYCVB"
"root","uEJyOd7qgV78D4FwldxY_0324080071_financial_secretary","0324080071","uEJyOd7qgV78D4FwldxY","Financial Secretary","2026-07-30T18:30:12.851Z","BvMqDFtKTZ6kYJEOggsr"
"root","uEJyOd7qgV78D4FwldxY_0324080071_organizing_secretary","0324080071","uEJyOd7qgV78D4FwldxY","Organizing Secretary","2026-07-30T18:30:12.637Z","0EVrbfCuy3GTzvzz89nd"
"root","uEJyOd7qgV78D4FwldxY_0324080071_president","0324080071","uEJyOd7qgV78D4FwldxY","President","2026-07-30T18:30:12.909Z","1raFilMJCVeutS9gaukL"
"root","uEJyOd7qgV78D4FwldxY_0324080071_public_relations_officer__pro_","0324080071","uEJyOd7qgV78D4FwldxY","Public Relations Officer (PRO)","2026-07-30T18:30:12.810Z","3ffoogxJSqO1SFu9NCX7"
"root","uEJyOd7qgV78D4FwldxY_0324080071_wocom","0324080071","uEJyOd7qgV78D4FwldxY","WOCOM","2026-07-30T18:30:12.745Z","JN1TsYi26okdLbh82wn4"
"root","uEJyOd7qgV78D4FwldxY_0324080072__general_secretary","0324080072","uEJyOd7qgV78D4FwldxY"," General Secretary","2026-07-30T18:31:26.644Z","bQ3Uky7cZItNK6cT0hyO"
"root","uEJyOd7qgV78D4FwldxY_0324080072_financial_secretary","0324080072","uEJyOd7qgV78D4FwldxY","Financial Secretary","2026-07-30T18:31:26.576Z","4ltbGsjPhYwz4JRszTxm"
"root","uEJyOd7qgV78D4FwldxY_0324080072_organizing_secretary","0324080072","uEJyOd7qgV78D4FwldxY","Organizing Secretary","2026-07-30T18:31:26.631Z","TQhDovbKopGQ1l7lK6Sk"
"root","uEJyOd7qgV78D4FwldxY_0324080072_president","0324080072","uEJyOd7qgV78D4FwldxY","President","2026-07-30T18:31:26.874Z","VUnd5brJI45oD1vbedFg"
"root","uEJyOd7qgV78D4FwldxY_0324080072_public_relations_officer__pro_","0324080072","uEJyOd7qgV78D4FwldxY","Public Relations Officer (PRO)","2026-07-30T18:31:26.519Z","yWo1eYLDN4RuQIeS7EPT"
"root","uEJyOd7qgV78D4FwldxY_0324080072_wocom","0324080072","uEJyOd7qgV78D4FwldxY","WOCOM","2026-07-30T18:31:26.572Z","CgxrWBMaRECt8sKdlMvu"
"root","uEJyOd7qgV78D4FwldxY_0324080080__general_secretary","0324080080","uEJyOd7qgV78D4FwldxY"," General Secretary","2026-07-30T11:20:30.965Z","2komb7exREVJeSDfuIwj"
"root","uEJyOd7qgV78D4FwldxY_0324080080_financial_secretary","0324080080","uEJyOd7qgV78D4FwldxY","Financial Secretary","2026-07-30T11:20:30.684Z","M2nx3gQr5A1o0FFjVbHE"
"root","uEJyOd7qgV78D4FwldxY_0324080080_organizing_secretary","0324080080","uEJyOd7qgV78D4FwldxY","Organizing Secretary","2026-07-30T11:20:30.773Z","wGyp2fvx0iHOgQQbT7kN"
"root","uEJyOd7qgV78D4FwldxY_0324080080_president","0324080080","uEJyOd7qgV78D4FwldxY","President","2026-07-30T11:20:30.738Z","6qxuX4E2OSLgiImGM3Qf"
"root","uEJyOd7qgV78D4FwldxY_0324080080_public_relations_officer__pro_","0324080080","uEJyOd7qgV78D4FwldxY","Public Relations Officer (PRO)","2026-07-30T11:20:30.646Z","NiHTtz8ZOJkL5oOOA4AP"
"root","uEJyOd7qgV78D4FwldxY_0324080080_wocom","0324080080","uEJyOd7qgV78D4FwldxY","WOCOM","2026-07-30T11:20:30.633Z","XASjWLxt4lZxdL6Y6wrS"
"root","uEJyOd7qgV78D4FwldxY_0324080081__general_secretary","0324080081","uEJyOd7qgV78D4FwldxY"," General Secretary","2026-07-30T11:42:28.078Z","3U98acnffY6rjCm5HxDF"
"root","uEJyOd7qgV78D4FwldxY_0324080081_financial_secretary","0324080081","uEJyOd7qgV78D4FwldxY","Financial Secretary","2026-07-30T11:42:27.169Z","Ps6Ze6oLBwMA5A238Chx"
"root","uEJyOd7qgV78D4FwldxY_0324080081_organizing_secretary","0324080081","uEJyOd7qgV78D4FwldxY","Organizing Secretary","2026-07-30T11:42:27.211Z","T4Sd7eE8Ty11jDMiXZm4"
"root","uEJyOd7qgV78D4FwldxY_0324080081_president","0324080081","uEJyOd7qgV78D4FwldxY","President","2026-07-30T11:42:27.151Z","kybiU6v3G5Ij3iMzPE79"
"root","uEJyOd7qgV78D4FwldxY_0324080081_public_relations_officer__pro_","0324080081","uEJyOd7qgV78D4FwldxY","Public Relations Officer (PRO)","2026-07-30T11:42:27.148Z","jMOfzseLT6os7Y1R8u78"
"root","uEJyOd7qgV78D4FwldxY_0324080081_wocom","0324080081","uEJyOd7qgV78D4FwldxY","WOCOM","2026-07-30T11:42:27.105Z","rouuI3nEugZScuyLK881"
"root","uEJyOd7qgV78D4FwldxY_0324080082__general_secretary","0324080082","uEJyOd7qgV78D4FwldxY"," General Secretary","2026-07-30T11:21:13.368Z","oUKUD0u96OyaHJKwmLrz"
"root","uEJyOd7qgV78D4FwldxY_0324080082_financial_secretary","0324080082","uEJyOd7qgV78D4FwldxY","Financial Secretary","2026-07-30T11:21:13.349Z","8XeXPmgRstbPJcp1gc7z"
"root","uEJyOd7qgV78D4FwldxY_0324080082_organizing_secretary","0324080082","uEJyOd7qgV78D4FwldxY","Organizing Secretary","2026-07-30T11:21:13.583Z","kGSU8pCXK41CJWmiKXIb"
"root","uEJyOd7qgV78D4FwldxY_0324080082_president","0324080082","uEJyOd7qgV78D4FwldxY","President","2026-07-30T11:21:13.630Z","j8nCo12Vj616KZU6ceS4"
"root","uEJyOd7qgV78D4FwldxY_0324080082_public_relations_officer__pro_","0324080082","uEJyOd7qgV78D4FwldxY","Public Relations Officer (PRO)","2026-07-30T11:21:13.285Z","diYvm6ofbyJ68Cnowb9s"
"root","uEJyOd7qgV78D4FwldxY_0324080082_wocom","0324080082","uEJyOd7qgV78D4FwldxY","WOCOM","2026-07-30T11:21:13.719Z","qDxic5BHtzOcB9vM9eMA"
"root","uEJyOd7qgV78D4FwldxY_0324080083__general_secretary","0324080083","uEJyOd7qgV78D4FwldxY"," General Secretary","2026-07-30T19:08:25.042Z","gK5adrimxbUD2IqB43Cz"
"root","uEJyOd7qgV78D4FwldxY_0324080083_financial_secretary","0324080083","uEJyOd7qgV78D4FwldxY","Financial Secretary","2026-07-30T19:08:25.002Z","jsKH2MUv2EhlXvp3jskW"
"root","uEJyOd7qgV78D4FwldxY_0324080083_organizing_secretary","0324080083","uEJyOd7qgV78D4FwldxY","Organizing Secretary","2026-07-30T19:08:24.923Z","eGdOHpkSi7oUUuXzBBvf"
"root","uEJyOd7qgV78D4FwldxY_0324080083_president","0324080083","uEJyOd7qgV78D4FwldxY","President","2026-07-30T19:08:25.018Z","3MA6pDeE3fMdNC5Uo4Re"
"root","uEJyOd7qgV78D4FwldxY_0324080083_public_relations_officer__pro_","0324080083","uEJyOd7qgV78D4FwldxY","Public Relations Officer (PRO)","2026-07-30T19:08:24.900Z","Bs6AnTScb96BLT2alX66"
"root","uEJyOd7qgV78D4FwldxY_0324080083_wocom","0324080083","uEJyOd7qgV78D4FwldxY","WOCOM","2026-07-30T19:08:25.005Z","sghrmtefS0nF8TMO3vl5"
"root","uEJyOd7qgV78D4FwldxY_0324080084__general_secretary","0324080084","uEJyOd7qgV78D4FwldxY"," General Secretary","2026-07-30T19:07:03.560Z","W4cdhcdv22aKMhQUwdfb"
"root","uEJyOd7qgV78D4FwldxY_0324080084_financial_secretary","0324080084","uEJyOd7qgV78D4FwldxY","Financial Secretary","2026-07-30T19:07:03.417Z","6dFRLk4qbwlx4LgIshI9"
"root","uEJyOd7qgV78D4FwldxY_0324080084_organizing_secretary","0324080084","uEJyOd7qgV78D4FwldxY","Organizing Secretary","2026-07-30T19:07:03.375Z","am0raLX3WpP4NldGeHh7"
"root","uEJyOd7qgV78D4FwldxY_0324080084_president","0324080084","uEJyOd7qgV78D4FwldxY","President","2026-07-30T19:07:03.250Z","5VKcZZOJKV4AsyDdeUtB"
"root","uEJyOd7qgV78D4FwldxY_0324080084_public_relations_officer__pro_","0324080084","uEJyOd7qgV78D4FwldxY","Public Relations Officer (PRO)","2026-07-30T19:07:03.197Z","qfB4go9L2pfYh13SRren"
"root","uEJyOd7qgV78D4FwldxY_0324080084_wocom","0324080084","uEJyOd7qgV78D4FwldxY","WOCOM","2026-07-30T19:07:03.241Z","QpxVP5RVR24e7RzAVnvk"
"root","uEJyOd7qgV78D4FwldxY_0324080085__general_secretary","0324080085","uEJyOd7qgV78D4FwldxY"," General Secretary","2026-07-30T11:06:01.401Z","Y4pDDkvzTRVHh3oj741h"
"root","uEJyOd7qgV78D4FwldxY_0324080085_financial_secretary","0324080085","uEJyOd7qgV78D4FwldxY","Financial Secretary","2026-07-30T11:06:01.153Z","3uAGnusnWxGNZoUlh8KS"
"root","uEJyOd7qgV78D4FwldxY_0324080085_organizing_secretary","0324080085","uEJyOd7qgV78D4FwldxY","Organizing Secretary","2026-07-30T11:06:01.676Z","xi7oCrofbnbj91TxPKvb"
"root","uEJyOd7qgV78D4FwldxY_0324080085_president","0324080085","uEJyOd7qgV78D4FwldxY","President","2026-07-30T11:06:01.394Z","dpX3wJO3FgulU4eXj54h"
"root","uEJyOd7qgV78D4FwldxY_0324080085_public_relations_officer__pro_","0324080085","uEJyOd7qgV78D4FwldxY","Public Relations Officer (PRO)","2026-07-30T11:06:00.951Z","hI6RHC1yLDCBPuQ1Koan"
"root","uEJyOd7qgV78D4FwldxY_0324080085_wocom","0324080085","uEJyOd7qgV78D4FwldxY","WOCOM","2026-07-30T11:06:01.252Z","I0uW9LcHmfy5ZqPRwlHW"
"root","uEJyOd7qgV78D4FwldxY_0324080086__general_secretary","0324080086","uEJyOd7qgV78D4FwldxY"," General Secretary","2026-07-30T09:11:50.797Z","4TlCldU0DGTjUXES480w"
"root","uEJyOd7qgV78D4FwldxY_0324080086_financial_secretary","0324080086","uEJyOd7qgV78D4FwldxY","Financial Secretary","2026-07-30T09:11:50.975Z","GPJFahTImDauRHIyGuDC"
"root","uEJyOd7qgV78D4FwldxY_0324080086_organizing_secretary","0324080086","uEJyOd7qgV78D4FwldxY","Organizing Secretary","2026-07-30T09:11:50.784Z","NEt6bJCtDa64afdRcJzt"
"root","uEJyOd7qgV78D4FwldxY_0324080086_president","0324080086","uEJyOd7qgV78D4FwldxY","President","2026-07-30T09:11:50.793Z","I6oXkqVoR8Wx9FuYvUKH"
"root","uEJyOd7qgV78D4FwldxY_0324080086_public_relations_officer__pro_","0324080086","uEJyOd7qgV78D4FwldxY","Public Relations Officer (PRO)","2026-07-30T09:11:50.476Z","EibZPOeorWf5fQOvn3es"
"root","uEJyOd7qgV78D4FwldxY_0324080086_wocom","0324080086","uEJyOd7qgV78D4FwldxY","WOCOM","2026-07-30T09:11:50.787Z","Bxj7D2CsdnMAj1WG9IOl"
"root","uEJyOd7qgV78D4FwldxY_0324080087__general_secretary","0324080087","uEJyOd7qgV78D4FwldxY"," General Secretary","2026-07-30T17:55:21.824Z","Y2QAqhDl2cggms1mS6oh"
"root","uEJyOd7qgV78D4FwldxY_0324080087_financial_secretary","0324080087","uEJyOd7qgV78D4FwldxY","Financial Secretary","2026-07-30T17:55:21.900Z","HhBV8noBKRfZtG2jTkXt"
"root","uEJyOd7qgV78D4FwldxY_0324080087_organizing_secretary","0324080087","uEJyOd7qgV78D4FwldxY","Organizing Secretary","2026-07-30T17:55:21.933Z","qF7twlrR4adFad3D73Fl"
"root","uEJyOd7qgV78D4FwldxY_0324080087_president","0324080087","uEJyOd7qgV78D4FwldxY","President","2026-07-30T17:55:21.914Z","9erYY4fJM8gmOkHh5dtb"
"root","uEJyOd7qgV78D4FwldxY_0324080087_public_relations_officer__pro_","0324080087","uEJyOd7qgV78D4FwldxY","Public Relations Officer (PRO)","2026-07-30T17:55:22.011Z","I6f8l2VEwJZ3OYEKeoIx"
"root","uEJyOd7qgV78D4FwldxY_0324080087_wocom","0324080087","uEJyOd7qgV78D4FwldxY","WOCOM","2026-07-30T17:55:21.850Z","Gx2Lhj4vw3YoXYKCKRK8"
"root","uEJyOd7qgV78D4FwldxY_0324080089__general_secretary","0324080089","uEJyOd7qgV78D4FwldxY"," General Secretary","2026-07-30T18:12:02.715Z","ceTf9lcoBGk44nFfDwKZ"
"root","uEJyOd7qgV78D4FwldxY_0324080089_financial_secretary","0324080089","uEJyOd7qgV78D4FwldxY","Financial Secretary","2026-07-30T18:12:02.317Z","57tESmYlkWEbEMuJH0m3"
"root","uEJyOd7qgV78D4FwldxY_0324080089_organizing_secretary","0324080089","uEJyOd7qgV78D4FwldxY","Organizing Secretary","2026-07-30T18:12:02.230Z","gYSQCRnjnRWGJkfYt4IU"
"root","uEJyOd7qgV78D4FwldxY_0324080089_president","0324080089","uEJyOd7qgV78D4FwldxY","President","2026-07-30T18:12:02.241Z","o2fJc0xVoEgFKvDZOejr"
"root","uEJyOd7qgV78D4FwldxY_0324080089_public_relations_officer__pro_","0324080089","uEJyOd7qgV78D4FwldxY","Public Relations Officer (PRO)","2026-07-30T18:12:02.142Z","7x5ROyv2lCUwNiQsTkVv"
"root","uEJyOd7qgV78D4FwldxY_0324080089_wocom","0324080089","uEJyOd7qgV78D4FwldxY","WOCOM","2026-07-30T18:12:01.982Z","gwL4Yh8XwrAuNDcU3qEV"
"root","uEJyOd7qgV78D4FwldxY_0324080090__general_secretary","0324080090","uEJyOd7qgV78D4FwldxY"," General Secretary","2026-07-30T18:18:16.346Z","NDPLOMGqeboEQ8JUhGTl"
"root","uEJyOd7qgV78D4FwldxY_0324080090_financial_secretary","0324080090","uEJyOd7qgV78D4FwldxY","Financial Secretary","2026-07-30T18:18:16.415Z","dxYtCxoZhMNzbFOGEkre"
"root","uEJyOd7qgV78D4FwldxY_0324080090_organizing_secretary","0324080090","uEJyOd7qgV78D4FwldxY","Organizing Secretary","2026-07-30T18:18:16.270Z","PLNYyELuHRFK9trL55M3"
"root","uEJyOd7qgV78D4FwldxY_0324080090_president","0324080090","uEJyOd7qgV78D4FwldxY","President","2026-07-30T18:18:16.352Z","gzVVpivW4ZoHgdaJuJg2"
"root","uEJyOd7qgV78D4FwldxY_0324080090_public_relations_officer__pro_","0324080090","uEJyOd7qgV78D4FwldxY","Public Relations Officer (PRO)","2026-07-30T18:18:16.356Z","Axrv80OQZrmSRG3qvvOZ"
"root","uEJyOd7qgV78D4FwldxY_0324080090_wocom","0324080090","uEJyOd7qgV78D4FwldxY","WOCOM","2026-07-30T18:18:16.297Z","aDA3WT93kOvnrODT7bfn"
"root","uEJyOd7qgV78D4FwldxY_0324080091__general_secretary","0324080091","uEJyOd7qgV78D4FwldxY"," General Secretary","2026-07-30T11:37:14.754Z","aF1dyBQh5nVnsQA8zPXa"
"root","uEJyOd7qgV78D4FwldxY_0324080091_financial_secretary","0324080091","uEJyOd7qgV78D4FwldxY","Financial Secretary","2026-07-30T11:37:14.723Z","Xg7t8Kjgw5IEmzMEnfqg"
"root","uEJyOd7qgV78D4FwldxY_0324080091_organizing_secretary","0324080091","uEJyOd7qgV78D4FwldxY","Organizing Secretary","2026-07-30T11:37:14.791Z","vmNhqzm1S6LGgyWvCV6Z"
"root","uEJyOd7qgV78D4FwldxY_0324080091_president","0324080091","uEJyOd7qgV78D4FwldxY","President","2026-07-30T11:37:14.880Z","JHp4jIgNRoMPcbzBG5Df"
"root","uEJyOd7qgV78D4FwldxY_0324080091_public_relations_officer__pro_","0324080091","uEJyOd7qgV78D4FwldxY","Public Relations Officer (PRO)","2026-07-30T11:37:14.729Z","m3dS8LF9U7ZUIOHrMv9U"
"root","uEJyOd7qgV78D4FwldxY_0324080091_wocom","0324080091","uEJyOd7qgV78D4FwldxY","WOCOM","2026-07-30T11:37:14.732Z","PZzY4DeRIZh8sLX8oFEv"
"root","uEJyOd7qgV78D4FwldxY_0324080092__general_secretary","0324080092","uEJyOd7qgV78D4FwldxY"," General Secretary","2026-07-30T09:16:47.409Z","fO4Cj2mcF16Sbn7IORHN"
"root","uEJyOd7qgV78D4FwldxY_0324080092_financial_secretary","0324080092","uEJyOd7qgV78D4FwldxY","Financial Secretary","2026-07-30T09:16:47.464Z","CdBRe6MK5H29UJsnXau1"
"root","uEJyOd7qgV78D4FwldxY_0324080092_organizing_secretary","0324080092","uEJyOd7qgV78D4FwldxY","Organizing Secretary","2026-07-30T09:16:47.434Z","dSFyCq5kgQnUkn8uvROR"
"root","uEJyOd7qgV78D4FwldxY_0324080092_president","0324080092","uEJyOd7qgV78D4FwldxY","President","2026-07-30T09:16:47.434Z","f4ibr5qOy1UYsNDBDH6S"
"root","uEJyOd7qgV78D4FwldxY_0324080092_public_relations_officer__pro_","0324080092","uEJyOd7qgV78D4FwldxY","Public Relations Officer (PRO)","2026-07-30T09:16:47.618Z","ozCOTLW463Z65DdZvbyJ"
"root","uEJyOd7qgV78D4FwldxY_0324080092_wocom","0324080092","uEJyOd7qgV78D4FwldxY","WOCOM","2026-07-30T09:16:47.515Z","PQoU5h0lBS0jWED1NUWI"
"root","uEJyOd7qgV78D4FwldxY_0324080096__general_secretary","0324080096","uEJyOd7qgV78D4FwldxY"," General Secretary","2026-07-30T09:30:36.806Z","dTSLjeCqU8cvOkAAFEG3"
"root","uEJyOd7qgV78D4FwldxY_0324080096_financial_secretary","0324080096","uEJyOd7qgV78D4FwldxY","Financial Secretary","2026-07-30T09:30:36.710Z","DL9kecDR3zGKbqB2ny30"
"root","uEJyOd7qgV78D4FwldxY_0324080096_organizing_secretary","0324080096","uEJyOd7qgV78D4FwldxY","Organizing Secretary","2026-07-30T09:30:36.731Z","VLl1AUdYXTk61fvybHGc"
"root","uEJyOd7qgV78D4FwldxY_0324080096_president","0324080096","uEJyOd7qgV78D4FwldxY","President","2026-07-30T09:30:36.715Z","adD2vKAsPOfKN1UqXbLq"
"root","uEJyOd7qgV78D4FwldxY_0324080096_public_relations_officer__pro_","0324080096","uEJyOd7qgV78D4FwldxY","Public Relations Officer (PRO)","2026-07-30T09:30:36.680Z","x2IzjKHufcOHxjH5PIUp"
"root","uEJyOd7qgV78D4FwldxY_0324080096_wocom","0324080096","uEJyOd7qgV78D4FwldxY","WOCOM","2026-07-30T09:30:36.726Z","S1g42gdPrSjswoyg0kzG"
"root","uEJyOd7qgV78D4FwldxY_0324080097__general_secretary","0324080097","uEJyOd7qgV78D4FwldxY"," General Secretary","2026-07-30T18:56:53.636Z","shRlcz4U7SNjjtgDSHbU"
"root","uEJyOd7qgV78D4FwldxY_0324080097_financial_secretary","0324080097","uEJyOd7qgV78D4FwldxY","Financial Secretary","2026-07-30T18:56:53.658Z","ZFrcCKoqpSgsTj8tXL7M"
"root","uEJyOd7qgV78D4FwldxY_0324080097_organizing_secretary","0324080097","uEJyOd7qgV78D4FwldxY","Organizing Secretary","2026-07-30T18:56:53.541Z","I08FWfW4isdoRPXkvvBj"
"root","uEJyOd7qgV78D4FwldxY_0324080097_president","0324080097","uEJyOd7qgV78D4FwldxY","President","2026-07-30T18:56:53.598Z","HPubMX1Y3WPhiuMcxdTK"
"root","uEJyOd7qgV78D4FwldxY_0324080097_public_relations_officer__pro_","0324080097","uEJyOd7qgV78D4FwldxY","Public Relations Officer (PRO)","2026-07-30T18:56:53.621Z","kCTLdfRnm58JKLFNftId"
"root","uEJyOd7qgV78D4FwldxY_0324080097_wocom","0324080097","uEJyOd7qgV78D4FwldxY","WOCOM","2026-07-30T18:56:53.543Z","k9FVho4aSYJJgdjk76wY"
"root","uEJyOd7qgV78D4FwldxY_0324080100__general_secretary","0324080100","uEJyOd7qgV78D4FwldxY"," General Secretary","2026-07-30T18:20:43.162Z","8Gy0GzHrB5cIomemF2Gb"
"root","uEJyOd7qgV78D4FwldxY_0324080100_financial_secretary","0324080100","uEJyOd7qgV78D4FwldxY","Financial Secretary","2026-07-30T18:20:43.142Z","EsQ5kAr4V2NI5XDdGnZ9"
"root","uEJyOd7qgV78D4FwldxY_0324080100_organizing_secretary","0324080100","uEJyOd7qgV78D4FwldxY","Organizing Secretary","2026-07-30T18:20:43.077Z","o3Hx3XC7DvYhSvS9SEn7"
"root","uEJyOd7qgV78D4FwldxY_0324080100_president","0324080100","uEJyOd7qgV78D4FwldxY","President","2026-07-30T18:20:42.986Z","yK8goO5zNK4MEXQNnmSD"
"root","uEJyOd7qgV78D4FwldxY_0324080100_public_relations_officer__pro_","0324080100","uEJyOd7qgV78D4FwldxY","Public Relations Officer (PRO)","2026-07-30T18:20:43.074Z","duuBz1YMI4NSbDXdyCrl"
"root","uEJyOd7qgV78D4FwldxY_0324080100_wocom","0324080100","uEJyOd7qgV78D4FwldxY","WOCOM","2026-07-30T18:20:43.022Z","vuGCaPcOGgubBPoGMQ4l"
"root","uEJyOd7qgV78D4FwldxY_0324080101__general_secretary","0324080101","uEJyOd7qgV78D4FwldxY"," General Secretary","2026-07-30T18:15:47.284Z","QAAeU9JdI6OsCXv1dAky"
"root","uEJyOd7qgV78D4FwldxY_0324080101_financial_secretary","0324080101","uEJyOd7qgV78D4FwldxY","Financial Secretary","2026-07-30T18:15:47.324Z","mG6F813JuhzCbHkVg6r6"
"root","uEJyOd7qgV78D4FwldxY_0324080101_organizing_secretary","0324080101","uEJyOd7qgV78D4FwldxY","Organizing Secretary","2026-07-30T18:15:47.374Z","O1aRosYVUa9zzI00uQzQ"
"root","uEJyOd7qgV78D4FwldxY_0324080101_president","0324080101","uEJyOd7qgV78D4FwldxY","President","2026-07-30T18:15:47.418Z","avppBbPYA8o07fVaRbzu"
"root","uEJyOd7qgV78D4FwldxY_0324080101_public_relations_officer__pro_","0324080101","uEJyOd7qgV78D4FwldxY","Public Relations Officer (PRO)","2026-07-30T18:15:47.317Z","8M01HuMlkDup5EICYq4j"
"root","uEJyOd7qgV78D4FwldxY_0324080101_wocom","0324080101","uEJyOd7qgV78D4FwldxY","WOCOM","2026-07-30T18:15:47.375Z","hSzzeL6emmURpMtRPB4r"
"root","uEJyOd7qgV78D4FwldxY_0324080104__general_secretary","0324080104","uEJyOd7qgV78D4FwldxY"," General Secretary","2026-07-30T11:19:03.253Z","5uXwoPRONT9huzXSiRzP"
"root","uEJyOd7qgV78D4FwldxY_0324080104_financial_secretary","0324080104","uEJyOd7qgV78D4FwldxY","Financial Secretary","2026-07-30T11:19:02.982Z","12tJlz0GfO6f0477jjQK"
"root","uEJyOd7qgV78D4FwldxY_0324080104_organizing_secretary","0324080104","uEJyOd7qgV78D4FwldxY","Organizing Secretary","2026-07-30T11:19:03.033Z","FK8CCXLlqX1zc2SH7vbh"
"root","uEJyOd7qgV78D4FwldxY_0324080104_president","0324080104","uEJyOd7qgV78D4FwldxY","President","2026-07-30T11:19:03.003Z","YiP9t1Tde5V0cfNIwdMJ"
"root","uEJyOd7qgV78D4FwldxY_0324080104_public_relations_officer__pro_","0324080104","uEJyOd7qgV78D4FwldxY","Public Relations Officer (PRO)","2026-07-30T11:19:02.918Z","Is1ZlbXjbqgixMf40K2k"
"root","uEJyOd7qgV78D4FwldxY_0324080104_wocom","0324080104","uEJyOd7qgV78D4FwldxY","WOCOM","2026-07-30T11:19:03.698Z","c8PU6tiqZcsSF8HRKBvV"
"root","uEJyOd7qgV78D4FwldxY_0324080105_organizing_secretary","0324080105","uEJyOd7qgV78D4FwldxY","Organizing Secretary","2026-07-30T11:27:21.315Z","rhCr2LYSdNOXr0wolmj1"
"root","uEJyOd7qgV78D4FwldxY_0324080105_president","0324080105","uEJyOd7qgV78D4FwldxY","President","2026-07-30T11:27:21.355Z","fTHMKl8DFiIvwUv3Rdif"
"root","uEJyOd7qgV78D4FwldxY_0324080106__general_secretary","0324080106","uEJyOd7qgV78D4FwldxY"," General Secretary","2026-07-30T11:03:33.227Z","HOe0PDXd6I9TN9aAyBgD"
"root","uEJyOd7qgV78D4FwldxY_0324080106_organizing_secretary","0324080106","uEJyOd7qgV78D4FwldxY","Organizing Secretary","2026-07-30T11:03:33.253Z","rQFKIK3u16j7DYefGsRc"
"root","uEJyOd7qgV78D4FwldxY_0324080106_president","0324080106","uEJyOd7qgV78D4FwldxY","President","2026-07-30T11:03:33.154Z","MqkF3xKpFrgwRsiRkLox"
"root","uEJyOd7qgV78D4FwldxY_0324080106_public_relations_officer__pro_","0324080106","uEJyOd7qgV78D4FwldxY","Public Relations Officer (PRO)","2026-07-30T11:03:33.177Z","DY0IjjQnj7DFQ4PrjZVR"
"root","uEJyOd7qgV78D4FwldxY_0324080106_wocom","0324080106","uEJyOd7qgV78D4FwldxY","WOCOM","2026-07-30T11:03:33.143Z","6K3mg3FwELtyn5CyPePD"
"root","uEJyOd7qgV78D4FwldxY_0324080113__general_secretary","0324080113","uEJyOd7qgV78D4FwldxY"," General Secretary","2026-07-30T20:25:13.056Z","stmO5WXzkYqk3TLVTx5D"
"root","uEJyOd7qgV78D4FwldxY_0324080113_financial_secretary","0324080113","uEJyOd7qgV78D4FwldxY","Financial Secretary","2026-07-30T20:25:12.720Z","axne74bR2piZQnEG0PUe"
"root","uEJyOd7qgV78D4FwldxY_0324080113_organizing_secretary","0324080113","uEJyOd7qgV78D4FwldxY","Organizing Secretary","2026-07-30T20:25:12.711Z","tHY1EF8T3x5ek2DLUxG7"
"root","uEJyOd7qgV78D4FwldxY_0324080113_president","0324080113","uEJyOd7qgV78D4FwldxY","President","2026-07-30T20:25:12.650Z","5ywTymBorJ2OOtL47pvq"
"root","uEJyOd7qgV78D4FwldxY_0324080113_public_relations_officer__pro_","0324080113","uEJyOd7qgV78D4FwldxY","Public Relations Officer (PRO)","2026-07-30T20:25:13.068Z","Nhv0g5i9EGA8DLrCtfQb"
"root","uEJyOd7qgV78D4FwldxY_0324080113_wocom","0324080113","uEJyOd7qgV78D4FwldxY","WOCOM","2026-07-30T20:25:12.692Z","4WFMICypk7iv1JKH2LMf"
"root","uEJyOd7qgV78D4FwldxY_0324080114__general_secretary","0324080114","uEJyOd7qgV78D4FwldxY"," General Secretary","2026-07-30T09:21:16.829Z","Ed2C7b4yZnId4VmhVNKn"
"root","uEJyOd7qgV78D4FwldxY_0324080114_financial_secretary","0324080114","uEJyOd7qgV78D4FwldxY","Financial Secretary","2026-07-30T09:21:16.905Z","w6ulvdC6qKA6lfXy7yTC"
"root","uEJyOd7qgV78D4FwldxY_0324080114_organizing_secretary","0324080114","uEJyOd7qgV78D4FwldxY","Organizing Secretary","2026-07-30T09:21:17.446Z","Un5Ln94NLfsADY9lXrBi"
"root","uEJyOd7qgV78D4FwldxY_0324080114_president","0324080114","uEJyOd7qgV78D4FwldxY","President","2026-07-30T09:21:16.856Z","iNebr1pGUTDNNCO0U2wD"
"root","uEJyOd7qgV78D4FwldxY_0324080114_public_relations_officer__pro_","0324080114","uEJyOd7qgV78D4FwldxY","Public Relations Officer (PRO)","2026-07-30T09:21:16.849Z","NFT5hXvzgLyyA1d0x3UT"
"root","uEJyOd7qgV78D4FwldxY_0324080114_wocom","0324080114","uEJyOd7qgV78D4FwldxY","WOCOM","2026-07-30T09:21:16.904Z","Zpu2QuefMgnwqwKvnSr0"
"root","uEJyOd7qgV78D4FwldxY_0324080121__general_secretary","0324080121","uEJyOd7qgV78D4FwldxY"," General Secretary","2026-07-30T09:21:38.634Z","TMdrez2MWUrsyfvYoXhE"
"root","uEJyOd7qgV78D4FwldxY_0324080121_financial_secretary","0324080121","uEJyOd7qgV78D4FwldxY","Financial Secretary","2026-07-30T09:21:38.667Z","TtVcRRj4FK7gy0YnxgTf"
"root","uEJyOd7qgV78D4FwldxY_0324080121_organizing_secretary","0324080121","uEJyOd7qgV78D4FwldxY","Organizing Secretary","2026-07-30T09:21:38.633Z","KQda2mJW04feYvp0TvDj"
"root","uEJyOd7qgV78D4FwldxY_0324080121_president","0324080121","uEJyOd7qgV78D4FwldxY","President","2026-07-30T09:21:38.617Z","3a5S1tvauATs98tTfTa7"
"root","uEJyOd7qgV78D4FwldxY_0324080121_public_relations_officer__pro_","0324080121","uEJyOd7qgV78D4FwldxY","Public Relations Officer (PRO)","2026-07-30T09:21:38.692Z","SI6rvLsEZ2udR6SgfWwY"
"root","uEJyOd7qgV78D4FwldxY_0324080121_wocom","0324080121","uEJyOd7qgV78D4FwldxY","WOCOM","2026-07-30T09:21:38.689Z","3lHQsj4JAgk1uyGA3k1b"
"root","uEJyOd7qgV78D4FwldxY_0324080125__general_secretary","0324080125","uEJyOd7qgV78D4FwldxY"," General Secretary","2026-07-30T09:16:08.610Z","Lx2p81ots7mm6PeIfF9S"
"root","uEJyOd7qgV78D4FwldxY_0324080125_financial_secretary","0324080125","uEJyOd7qgV78D4FwldxY","Financial Secretary","2026-07-30T09:16:08.650Z","gjYP2W9yhCtuWKfxJPHv"
"root","uEJyOd7qgV78D4FwldxY_0324080125_organizing_secretary","0324080125","uEJyOd7qgV78D4FwldxY","Organizing Secretary","2026-07-30T09:16:08.575Z","OG4BtZiWkvB7WcwjA18A"
"root","uEJyOd7qgV78D4FwldxY_0324080125_president","0324080125","uEJyOd7qgV78D4FwldxY","President","2026-07-30T09:16:08.618Z","ISJeuhVRryELvlKhIA6p"
"root","uEJyOd7qgV78D4FwldxY_0324080125_public_relations_officer__pro_","0324080125","uEJyOd7qgV78D4FwldxY","Public Relations Officer (PRO)","2026-07-30T09:16:08.626Z","NgMFTnc333thhvT6BA4v"
"root","uEJyOd7qgV78D4FwldxY_0324080125_wocom","0324080125","uEJyOd7qgV78D4FwldxY","WOCOM","2026-07-30T09:16:08.822Z","Q3Vj8JcOfq1TdyIM6i5X"
"root","uEJyOd7qgV78D4FwldxY_0324080126__general_secretary","0324080126","uEJyOd7qgV78D4FwldxY"," General Secretary","2026-07-30T09:25:08.629Z","4He8o8dMiPykQ7DkD3g8"
"root","uEJyOd7qgV78D4FwldxY_0324080126_financial_secretary","0324080126","uEJyOd7qgV78D4FwldxY","Financial Secretary","2026-07-30T09:25:08.667Z","HRROOLLPMYFKhwuhCPFH"
"root","uEJyOd7qgV78D4FwldxY_0324080126_organizing_secretary","0324080126","uEJyOd7qgV78D4FwldxY","Organizing Secretary","2026-07-30T09:25:08.790Z","TINq0ozRFzro19snVRRC"
"root","uEJyOd7qgV78D4FwldxY_0324080126_president","0324080126","uEJyOd7qgV78D4FwldxY","President","2026-07-30T09:25:08.687Z","Zpr7qF9BYHZxFup46GAp"
"root","uEJyOd7qgV78D4FwldxY_0324080126_public_relations_officer__pro_","0324080126","uEJyOd7qgV78D4FwldxY","Public Relations Officer (PRO)","2026-07-30T09:25:08.578Z","G59ZvpIj7HN206RtaSNR"
"root","uEJyOd7qgV78D4FwldxY_0324080126_wocom","0324080126","uEJyOd7qgV78D4FwldxY","WOCOM","2026-07-30T09:25:08.764Z","w8dbSV2Mo8LPVJmSg0VS"
"root","uEJyOd7qgV78D4FwldxY_0324080129__general_secretary","0324080129","uEJyOd7qgV78D4FwldxY"," General Secretary","2026-07-30T09:17:49.787Z","dR80ElIc4OHK6ZlR1zte"
"root","uEJyOd7qgV78D4FwldxY_0324080129_financial_secretary","0324080129","uEJyOd7qgV78D4FwldxY","Financial Secretary","2026-07-30T09:17:49.947Z","b4k3GF04FownmwTixPg4"
"root","uEJyOd7qgV78D4FwldxY_0324080129_organizing_secretary","0324080129","uEJyOd7qgV78D4FwldxY","Organizing Secretary","2026-07-30T09:17:49.813Z","fUliTtDtEBHi9fa1bQub"
"root","uEJyOd7qgV78D4FwldxY_0324080129_president","0324080129","uEJyOd7qgV78D4FwldxY","President","2026-07-30T09:17:49.822Z","enFq4We4DLr5UWsbPpFi"
"root","uEJyOd7qgV78D4FwldxY_0324080129_public_relations_officer__pro_","0324080129","uEJyOd7qgV78D4FwldxY","Public Relations Officer (PRO)","2026-07-30T09:17:49.781Z","NSpo5L9KSCQKWU5OdO03"
"root","uEJyOd7qgV78D4FwldxY_0324080129_wocom","0324080129","uEJyOd7qgV78D4FwldxY","WOCOM","2026-07-30T09:17:49.796Z","aJaz9bEviRBHCx8SwaXd"
"root","uEJyOd7qgV78D4FwldxY_0324080131__general_secretary","0324080131","uEJyOd7qgV78D4FwldxY"," General Secretary","2026-07-30T11:16:29.518Z","kFx8mev8TOg9betbdAuK"
"root","uEJyOd7qgV78D4FwldxY_0324080131_financial_secretary","0324080131","uEJyOd7qgV78D4FwldxY","Financial Secretary","2026-07-30T11:16:29.479Z","3MsZUfFQhRXclIngDcZV"
"root","uEJyOd7qgV78D4FwldxY_0324080131_organizing_secretary","0324080131","uEJyOd7qgV78D4FwldxY","Organizing Secretary","2026-07-30T11:16:29.370Z","9FeVQTrgDtdxYvlYlXaK"
"root","uEJyOd7qgV78D4FwldxY_0324080131_president","0324080131","uEJyOd7qgV78D4FwldxY","President","2026-07-30T11:16:29.339Z","H1QDmQFNvVwNlPcA5bGf"
"root","uEJyOd7qgV78D4FwldxY_0324080131_wocom","0324080131","uEJyOd7qgV78D4FwldxY","WOCOM","2026-07-30T11:16:29.379Z","Zf5xuw7amF0XTXWe0PDw"
"root","uEJyOd7qgV78D4FwldxY_0324080132__general_secretary","0324080132","uEJyOd7qgV78D4FwldxY"," General Secretary","2026-07-30T19:28:22.273Z","45PUnSqiWOGGPgtiBa7u"
"root","uEJyOd7qgV78D4FwldxY_0324080132_financial_secretary","0324080132","uEJyOd7qgV78D4FwldxY","Financial Secretary","2026-07-30T19:28:22.162Z","8Boj1sNV3IIDvJISCvIU"
"root","uEJyOd7qgV78D4FwldxY_0324080132_organizing_secretary","0324080132","uEJyOd7qgV78D4FwldxY","Organizing Secretary","2026-07-30T19:28:22.294Z","A1Zh7JyDzEZBTC7kc6iW"
"root","uEJyOd7qgV78D4FwldxY_0324080132_president","0324080132","uEJyOd7qgV78D4FwldxY","President","2026-07-30T19:28:22.249Z","jwj36Xw9R8JT9eKBcV77"
"root","uEJyOd7qgV78D4FwldxY_0324080132_public_relations_officer__pro_","0324080132","uEJyOd7qgV78D4FwldxY","Public Relations Officer (PRO)","2026-07-30T19:28:22.123Z","vwklZu5AACq1N0cOm3k5"
"root","uEJyOd7qgV78D4FwldxY_0324080132_wocom","0324080132","uEJyOd7qgV78D4FwldxY","WOCOM","2026-07-30T19:28:22.260Z","inhoSPnnnuOcpJlz10AU"
"root","uEJyOd7qgV78D4FwldxY_0324080134__general_secretary","0324080134","uEJyOd7qgV78D4FwldxY"," General Secretary","2026-07-30T11:36:18.019Z","MMWZZJe8YK2pQtiQ42V8"
"root","uEJyOd7qgV78D4FwldxY_0324080134_financial_secretary","0324080134","uEJyOd7qgV78D4FwldxY","Financial Secretary","2026-07-30T11:36:17.984Z","qgi3LjWKoCgGDBVaRXXY"
"root","uEJyOd7qgV78D4FwldxY_0324080134_organizing_secretary","0324080134","uEJyOd7qgV78D4FwldxY","Organizing Secretary","2026-07-30T11:36:18.022Z","PX6rrSFyOBoFFFE0xupW"
"root","uEJyOd7qgV78D4FwldxY_0324080134_president","0324080134","uEJyOd7qgV78D4FwldxY","President","2026-07-30T11:36:17.973Z","rDApjJGtI1HT3RJiFOa8"
"root","uEJyOd7qgV78D4FwldxY_0324080134_public_relations_officer__pro_","0324080134","uEJyOd7qgV78D4FwldxY","Public Relations Officer (PRO)","2026-07-30T11:36:17.876Z","l4hnn1wiTKDEf3qOpJuP"
"root","uEJyOd7qgV78D4FwldxY_0324080134_wocom","0324080134","uEJyOd7qgV78D4FwldxY","WOCOM","2026-07-30T11:36:18.023Z","piCufpT4l0mdPcyQ2ueE"
"root","uEJyOd7qgV78D4FwldxY_0324080141__general_secretary","0324080141","uEJyOd7qgV78D4FwldxY"," General Secretary","2026-07-30T18:12:59.841Z","tZoeb4Jv405FKfFLvG5N"
"root","uEJyOd7qgV78D4FwldxY_0324080141_financial_secretary","0324080141","uEJyOd7qgV78D4FwldxY","Financial Secretary","2026-07-30T18:12:59.885Z","HFqpYfwYDikpv0wxgUCR"
"root","uEJyOd7qgV78D4FwldxY_0324080141_organizing_secretary","0324080141","uEJyOd7qgV78D4FwldxY","Organizing Secretary","2026-07-30T18:12:59.937Z","9j8Shu0HRwDd9yn5DYFM"
"root","uEJyOd7qgV78D4FwldxY_0324080141_president","0324080141","uEJyOd7qgV78D4FwldxY","President","2026-07-30T18:12:59.834Z","r09nv8vCveNLMuAt1HnE"
"root","uEJyOd7qgV78D4FwldxY_0324080141_public_relations_officer__pro_","0324080141","uEJyOd7qgV78D4FwldxY","Public Relations Officer (PRO)","2026-07-30T18:12:59.886Z","pjh39NEyWi6T4S7Zl63a"
"root","uEJyOd7qgV78D4FwldxY_0324080141_wocom","0324080141","uEJyOd7qgV78D4FwldxY","WOCOM","2026-07-30T18:12:59.920Z","1kuOyrG49nJAwNeJn73O"
"root","uEJyOd7qgV78D4FwldxY_0324080142__general_secretary","0324080142","uEJyOd7qgV78D4FwldxY"," General Secretary","2026-07-30T11:20:50.648Z","5VFISvsCfOD9VdMS4HvV"
"root","uEJyOd7qgV78D4FwldxY_0324080142_financial_secretary","0324080142","uEJyOd7qgV78D4FwldxY","Financial Secretary","2026-07-30T11:20:50.997Z","xHP1miekGaA20R06D94G"
"root","uEJyOd7qgV78D4FwldxY_0324080142_organizing_secretary","0324080142","uEJyOd7qgV78D4FwldxY","Organizing Secretary","2026-07-30T11:20:50.796Z","XtWkqfSEWmlWp7bYVQ1u"
"root","uEJyOd7qgV78D4FwldxY_0324080142_president","0324080142","uEJyOd7qgV78D4FwldxY","President","2026-07-30T11:20:51.076Z","EzN9mC1PokpNnJIqQ0MV"
"root","uEJyOd7qgV78D4FwldxY_0324080142_public_relations_officer__pro_","0324080142","uEJyOd7qgV78D4FwldxY","Public Relations Officer (PRO)","2026-07-30T11:20:51.063Z","nUwPy5WwsJ2rI9M1Hrr7"
"root","uEJyOd7qgV78D4FwldxY_0324080142_wocom","0324080142","uEJyOd7qgV78D4FwldxY","WOCOM","2026-07-30T11:20:51.253Z","nEMwjf7iyUwGm68BOqM0"
"root","uEJyOd7qgV78D4FwldxY_0324080146__general_secretary","0324080146","uEJyOd7qgV78D4FwldxY"," General Secretary","2026-07-30T11:15:52.944Z","4T6vehoXUHhaXEWRGT1j"
"root","uEJyOd7qgV78D4FwldxY_0324080146_president","0324080146","uEJyOd7qgV78D4FwldxY","President","2026-07-30T11:15:53.015Z","DsnS4W7hvdyk8UOGZj4p"
"root","uEJyOd7qgV78D4FwldxY_0324080147__general_secretary","0324080147","uEJyOd7qgV78D4FwldxY"," General Secretary","2026-07-30T18:50:30.446Z","7PMBjudf8gK6Rg682oM3"
"root","uEJyOd7qgV78D4FwldxY_0324080147_financial_secretary","0324080147","uEJyOd7qgV78D4FwldxY","Financial Secretary","2026-07-30T18:50:30.376Z","9SANT2nzAsr1Rs3teQiJ"
"root","uEJyOd7qgV78D4FwldxY_0324080147_organizing_secretary","0324080147","uEJyOd7qgV78D4FwldxY","Organizing Secretary","2026-07-30T18:50:30.368Z","P7FJeTp4uqLFcCQ6ZxMK"
"root","uEJyOd7qgV78D4FwldxY_0324080147_president","0324080147","uEJyOd7qgV78D4FwldxY","President","2026-07-30T18:50:30.403Z","AAcEZijCBr9oyc3vFjm8"
"root","uEJyOd7qgV78D4FwldxY_0324080147_public_relations_officer__pro_","0324080147","uEJyOd7qgV78D4FwldxY","Public Relations Officer (PRO)","2026-07-30T18:50:30.433Z","4aDLjDIbq8Vc70P5zC4p"
"root","uEJyOd7qgV78D4FwldxY_0324080147_wocom","0324080147","uEJyOd7qgV78D4FwldxY","WOCOM","2026-07-30T18:50:30.500Z","AkVnnEeCmxJvUjRaM3uW"
"root","uEJyOd7qgV78D4FwldxY_0324080158__general_secretary","0324080158","uEJyOd7qgV78D4FwldxY"," General Secretary","2026-07-30T18:29:20.618Z","AkeYZ65dCTA7CqFkMdGu"
"root","uEJyOd7qgV78D4FwldxY_0324080158_financial_secretary","0324080158","uEJyOd7qgV78D4FwldxY","Financial Secretary","2026-07-30T18:29:20.888Z","fEk7MdL1riphwvdbbJgx"
"root","uEJyOd7qgV78D4FwldxY_0324080158_organizing_secretary","0324080158","uEJyOd7qgV78D4FwldxY","Organizing Secretary","2026-07-30T18:29:20.555Z","XU6fQ3GBS84QfT23D5ws"
"root","uEJyOd7qgV78D4FwldxY_0324080158_president","0324080158","uEJyOd7qgV78D4FwldxY","President","2026-07-30T18:29:20.687Z","nfeghFFmJsib3DgVPpkD"
"root","uEJyOd7qgV78D4FwldxY_0324080158_public_relations_officer__pro_","0324080158","uEJyOd7qgV78D4FwldxY","Public Relations Officer (PRO)","2026-07-30T18:29:20.695Z","NwkVkxbInHWeDeo3Jlt1"
"root","uEJyOd7qgV78D4FwldxY_0324080158_wocom","0324080158","uEJyOd7qgV78D4FwldxY","WOCOM","2026-07-30T18:29:20.560Z","DxZHR7G8Gp137cE3yhen"
"root","uEJyOd7qgV78D4FwldxY_0324080160__general_secretary","0324080160","uEJyOd7qgV78D4FwldxY"," General Secretary","2026-07-30T18:21:27.673Z","scMTtKMKjP3Gk9Fu4NI4"
"root","uEJyOd7qgV78D4FwldxY_0324080160_organizing_secretary","0324080160","uEJyOd7qgV78D4FwldxY","Organizing Secretary","2026-07-30T18:21:27.556Z","0XWHCryp8WxB8DURHs3B"
"root","uEJyOd7qgV78D4FwldxY_0324080160_president","0324080160","uEJyOd7qgV78D4FwldxY","President","2026-07-30T18:21:27.567Z","TiT2292vVUWT8Of8Ss2l"
"root","uEJyOd7qgV78D4FwldxY_0324080160_public_relations_officer__pro_","0324080160","uEJyOd7qgV78D4FwldxY","Public Relations Officer (PRO)","2026-07-30T18:21:27.624Z","Uk7ZgcSVH5OExVorGjzR"
"root","uEJyOd7qgV78D4FwldxY_0324080160_wocom","0324080160","uEJyOd7qgV78D4FwldxY","WOCOM","2026-07-30T18:21:27.575Z","SJ19PMYQqAlTCDyz9yoJ"
"root","uEJyOd7qgV78D4FwldxY_0324080161__general_secretary","0324080161","uEJyOd7qgV78D4FwldxY"," General Secretary","2026-07-30T09:19:53.823Z","SuzTc6Q2wHptEymCs6n8"
"root","uEJyOd7qgV78D4FwldxY_0324080161_financial_secretary","0324080161","uEJyOd7qgV78D4FwldxY","Financial Secretary","2026-07-30T09:19:53.855Z","ilmZpHIZkss6f4q0rrGF"
"root","uEJyOd7qgV78D4FwldxY_0324080161_organizing_secretary","0324080161","uEJyOd7qgV78D4FwldxY","Organizing Secretary","2026-07-30T09:19:53.597Z","LUkJZnjshoWeaYp7bWVQ"
"root","uEJyOd7qgV78D4FwldxY_0324080161_president","0324080161","uEJyOd7qgV78D4FwldxY","President","2026-07-30T09:19:53.654Z","ETRbwrIP0G0SLuPbOVHh"
"root","uEJyOd7qgV78D4FwldxY_0324080161_public_relations_officer__pro_","0324080161","uEJyOd7qgV78D4FwldxY","Public Relations Officer (PRO)","2026-07-30T09:19:53.555Z","MOBchLdf9JrHRGhhLiN7"
"root","uEJyOd7qgV78D4FwldxY_0324080161_wocom","0324080161","uEJyOd7qgV78D4FwldxY","WOCOM","2026-07-30T09:19:53.637Z","yNW9KEqQO6UAGfeBtrL4"
"root","uEJyOd7qgV78D4FwldxY_0324080162__general_secretary","0324080162","uEJyOd7qgV78D4FwldxY"," General Secretary","2026-07-30T11:30:41.406Z","RiIr11WZEUiu3BsbBeVz"
"root","uEJyOd7qgV78D4FwldxY_0324080162_financial_secretary","0324080162","uEJyOd7qgV78D4FwldxY","Financial Secretary","2026-07-30T11:30:41.382Z","PR0jKPxpcboyclWyv4Y6"
"root","uEJyOd7qgV78D4FwldxY_0324080162_organizing_secretary","0324080162","uEJyOd7qgV78D4FwldxY","Organizing Secretary","2026-07-30T11:30:41.389Z","nND5WnTYNP0xiajZcq8O"
"root","uEJyOd7qgV78D4FwldxY_0324080162_president","0324080162","uEJyOd7qgV78D4FwldxY","President","2026-07-30T11:30:41.439Z","qafjhyb30QJygsBi2frl"
"root","uEJyOd7qgV78D4FwldxY_0324080162_public_relations_officer__pro_","0324080162","uEJyOd7qgV78D4FwldxY","Public Relations Officer (PRO)","2026-07-30T11:30:41.460Z","puXYZdE6WIAOv906wZv1"
"root","uEJyOd7qgV78D4FwldxY_0324080162_wocom","0324080162","uEJyOd7qgV78D4FwldxY","WOCOM","2026-07-30T11:30:41.486Z","B1sRRE4HW12aexgBJ5Yn"
"root","uEJyOd7qgV78D4FwldxY_0324080163_organizing_secretary","0324080163","uEJyOd7qgV78D4FwldxY","Organizing Secretary","2026-07-30T11:19:13.223Z","x5DRZJ7E7ISnzVzT8KXs"
"root","uEJyOd7qgV78D4FwldxY_0324080163_president","0324080163","uEJyOd7qgV78D4FwldxY","President","2026-07-30T11:19:13.201Z","bLDflZfe8EAJvzzhdtU2"
"root","uEJyOd7qgV78D4FwldxY_0324080165__general_secretary","0324080165","uEJyOd7qgV78D4FwldxY"," General Secretary","2026-07-30T18:25:58.958Z","wSpEpi9m9piyuGDU1Da6"
"root","uEJyOd7qgV78D4FwldxY_0324080165_financial_secretary","0324080165","uEJyOd7qgV78D4FwldxY","Financial Secretary","2026-07-30T18:25:59.089Z","ohczRy2fDZmq0OBtQhug"
"root","uEJyOd7qgV78D4FwldxY_0324080165_organizing_secretary","0324080165","uEJyOd7qgV78D4FwldxY","Organizing Secretary","2026-07-30T18:25:59.042Z","ZaBi4uIHoxOSZnmTCVXp"
"root","uEJyOd7qgV78D4FwldxY_0324080165_president","0324080165","uEJyOd7qgV78D4FwldxY","President","2026-07-30T18:25:59.110Z","B2C71HmX2huN479inWAm"
"root","uEJyOd7qgV78D4FwldxY_0324080165_public_relations_officer__pro_","0324080165","uEJyOd7qgV78D4FwldxY","Public Relations Officer (PRO)","2026-07-30T18:25:58.947Z","Xt3cpGgmqRV3YYjatILd"
"root","uEJyOd7qgV78D4FwldxY_0324080165_wocom","0324080165","uEJyOd7qgV78D4FwldxY","WOCOM","2026-07-30T18:25:58.956Z","riPh3Nc1Og0d4iyBiflK"
"root","uEJyOd7qgV78D4FwldxY_0324080167__general_secretary","0324080167","uEJyOd7qgV78D4FwldxY"," General Secretary","2026-07-30T11:10:42.934Z","YeeohbLsxjJ9Xqyr14mD"
"root","uEJyOd7qgV78D4FwldxY_0324080167_financial_secretary","0324080167","uEJyOd7qgV78D4FwldxY","Financial Secretary","2026-07-30T11:10:42.687Z","CdfQEbEZEYMdBViMyMLD"
"root","uEJyOd7qgV78D4FwldxY_0324080167_organizing_secretary","0324080167","uEJyOd7qgV78D4FwldxY","Organizing Secretary","2026-07-30T11:10:42.903Z","oB35x3ElSzx7iEY9SzGB"
"root","uEJyOd7qgV78D4FwldxY_0324080167_president","0324080167","uEJyOd7qgV78D4FwldxY","President","2026-07-30T11:10:42.500Z","sZNg6hd1TBsZR1bBjdao"
"root","uEJyOd7qgV78D4FwldxY_0324080167_public_relations_officer__pro_","0324080167","uEJyOd7qgV78D4FwldxY","Public Relations Officer (PRO)","2026-07-30T11:10:42.924Z","rtrmpgpcBvEBKBdf5Ya2"
"root","uEJyOd7qgV78D4FwldxY_0324080167_wocom","0324080167","uEJyOd7qgV78D4FwldxY","WOCOM","2026-07-30T11:10:42.544Z","0lVzoVRMmg1mP3rKTmjo"
"root","uEJyOd7qgV78D4FwldxY_0324080169__general_secretary","0324080169","uEJyOd7qgV78D4FwldxY"," General Secretary","2026-07-30T20:44:27.542Z","sML2jLPRXISHV7SEDPAc"
"root","uEJyOd7qgV78D4FwldxY_0324080169_financial_secretary","0324080169","uEJyOd7qgV78D4FwldxY","Financial Secretary","2026-07-30T20:44:27.667Z","eszc4OW66WjOxJ2CiDSL"
"root","uEJyOd7qgV78D4FwldxY_0324080169_organizing_secretary","0324080169","uEJyOd7qgV78D4FwldxY","Organizing Secretary","2026-07-30T20:44:27.619Z","rTlEKUypJJNSVCi481WW"
"root","uEJyOd7qgV78D4FwldxY_0324080169_president","0324080169","uEJyOd7qgV78D4FwldxY","President","2026-07-30T20:44:27.653Z","7OtAKBE3qt2OldOb5Z8L"
"root","uEJyOd7qgV78D4FwldxY_0324080169_public_relations_officer__pro_","0324080169","uEJyOd7qgV78D4FwldxY","Public Relations Officer (PRO)","2026-07-30T20:44:27.644Z","vnDZUIqTnSyeJBnipcGH"
"root","uEJyOd7qgV78D4FwldxY_0324080169_wocom","0324080169","uEJyOd7qgV78D4FwldxY","WOCOM","2026-07-30T20:44:27.534Z","xuEuOiqstYj4E3Tl7Zoa"
"root","uEJyOd7qgV78D4FwldxY_0324080170__general_secretary","0324080170","uEJyOd7qgV78D4FwldxY"," General Secretary","2026-07-30T18:01:38.345Z","rx3w4MdCAaFBTuffqId1"
"root","uEJyOd7qgV78D4FwldxY_0324080170_financial_secretary","0324080170","uEJyOd7qgV78D4FwldxY","Financial Secretary","2026-07-30T18:01:38.428Z","a8Prv1Xx0HPbE5qL5Xnz"
"root","uEJyOd7qgV78D4FwldxY_0324080170_organizing_secretary","0324080170","uEJyOd7qgV78D4FwldxY","Organizing Secretary","2026-07-30T18:01:38.372Z","dmz7U8kNQBVGT6OXNY3M"
"root","uEJyOd7qgV78D4FwldxY_0324080170_president","0324080170","uEJyOd7qgV78D4FwldxY","President","2026-07-30T18:01:38.456Z","OFkIZTd6VSVrj4k4Gd8D"
"root","uEJyOd7qgV78D4FwldxY_0324080170_public_relations_officer__pro_","0324080170","uEJyOd7qgV78D4FwldxY","Public Relations Officer (PRO)","2026-07-30T18:01:38.373Z","wAQR3YRzqoKRCq7vcJ7Z"
"root","uEJyOd7qgV78D4FwldxY_0324080170_wocom","0324080170","uEJyOd7qgV78D4FwldxY","WOCOM","2026-07-30T18:01:38.327Z","GUk2HgitW6nQgXF0qTl9"
"root","uEJyOd7qgV78D4FwldxY_0324080171__general_secretary","0324080171","uEJyOd7qgV78D4FwldxY"," General Secretary","2026-07-30T21:05:59.124Z","Rv6rLajoFOFKSWhsstDG"
"root","uEJyOd7qgV78D4FwldxY_0324080171_financial_secretary","0324080171","uEJyOd7qgV78D4FwldxY","Financial Secretary","2026-07-30T21:05:59.090Z","0oLNgzrtKR4Tzo7k2XFH"
"root","uEJyOd7qgV78D4FwldxY_0324080171_organizing_secretary","0324080171","uEJyOd7qgV78D4FwldxY","Organizing Secretary","2026-07-30T21:05:59.473Z","1XljaudX6y2TCrK0V3Im"
"root","uEJyOd7qgV78D4FwldxY_0324080171_president","0324080171","uEJyOd7qgV78D4FwldxY","President","2026-07-30T21:05:59.156Z","iwXcARikgkK6kDI2fGeb"
"root","uEJyOd7qgV78D4FwldxY_0324080171_public_relations_officer__pro_","0324080171","uEJyOd7qgV78D4FwldxY","Public Relations Officer (PRO)","2026-07-30T21:05:59.246Z","2MeRWNlSP9v4R5fyZqrZ"
"root","uEJyOd7qgV78D4FwldxY_0324080171_wocom","0324080171","uEJyOd7qgV78D4FwldxY","WOCOM","2026-07-30T21:05:59.404Z","TwruptCQVsSj5bNfcbXR"
"root","uEJyOd7qgV78D4FwldxY_0324080172__general_secretary","0324080172","uEJyOd7qgV78D4FwldxY"," General Secretary","2026-07-30T11:07:02.539Z","TrmOQE2lGvi83ggCRcuK"
"root","uEJyOd7qgV78D4FwldxY_0324080172_financial_secretary","0324080172","uEJyOd7qgV78D4FwldxY","Financial Secretary","2026-07-30T11:07:02.670Z","B6IVbPGaukzHf0C8pjXj"
"root","uEJyOd7qgV78D4FwldxY_0324080172_organizing_secretary","0324080172","uEJyOd7qgV78D4FwldxY","Organizing Secretary","2026-07-30T11:07:02.668Z","iTTIpEbjRzHjoUxkl15A"
"root","uEJyOd7qgV78D4FwldxY_0324080172_president","0324080172","uEJyOd7qgV78D4FwldxY","President","2026-07-30T11:07:02.436Z","fSLrQ8QZCjox1WM1d0zC"
"root","uEJyOd7qgV78D4FwldxY_0324080172_public_relations_officer__pro_","0324080172","uEJyOd7qgV78D4FwldxY","Public Relations Officer (PRO)","2026-07-30T11:07:02.443Z","jJLSWr593ljbPU3NpVY3"
"root","uEJyOd7qgV78D4FwldxY_0324080176__general_secretary","0324080176","uEJyOd7qgV78D4FwldxY"," General Secretary","2026-07-30T18:28:58.575Z","8jLDgHkdpsKHmilPufnx"
"root","uEJyOd7qgV78D4FwldxY_0324080176_financial_secretary","0324080176","uEJyOd7qgV78D4FwldxY","Financial Secretary","2026-07-30T18:28:58.603Z","GXYqEj44H83HfgyBA0J6"
"root","uEJyOd7qgV78D4FwldxY_0324080176_president","0324080176","uEJyOd7qgV78D4FwldxY","President","2026-07-30T18:28:58.570Z","7BrkEMrec3Xf8ESuimEE"
"root","uEJyOd7qgV78D4FwldxY_0324080176_public_relations_officer__pro_","0324080176","uEJyOd7qgV78D4FwldxY","Public Relations Officer (PRO)","2026-07-30T18:28:58.836Z","hcPlgRD2v5OQfQMQMZWJ"
"root","uEJyOd7qgV78D4FwldxY_0324080176_wocom","0324080176","uEJyOd7qgV78D4FwldxY","WOCOM","2026-07-30T18:28:58.590Z","8cSYlQ0exln1bmzJs4dO"
"root","uEJyOd7qgV78D4FwldxY_0324080180__general_secretary","0324080180","uEJyOd7qgV78D4FwldxY"," General Secretary","2026-07-30T17:55:01.760Z","H8QHtgJjwr3LJkrpxx5v"
"root","uEJyOd7qgV78D4FwldxY_0324080180_financial_secretary","0324080180","uEJyOd7qgV78D4FwldxY","Financial Secretary","2026-07-30T17:55:01.818Z","DoiorIHAHYQJM5yLWGDk"
"root","uEJyOd7qgV78D4FwldxY_0324080180_organizing_secretary","0324080180","uEJyOd7qgV78D4FwldxY","Organizing Secretary","2026-07-30T17:55:01.954Z","g509vwNJ2Xs9x6mgifUU"
"root","uEJyOd7qgV78D4FwldxY_0324080180_president","0324080180","uEJyOd7qgV78D4FwldxY","President","2026-07-30T17:55:01.799Z","7FRDamFjdaiWF3pKf5Xn"
"root","uEJyOd7qgV78D4FwldxY_0324080180_public_relations_officer__pro_","0324080180","uEJyOd7qgV78D4FwldxY","Public Relations Officer (PRO)","2026-07-30T17:55:01.762Z","QwoHUc7n6VoHimJ4V1tj"
"root","uEJyOd7qgV78D4FwldxY_0324080181__general_secretary","0324080181","uEJyOd7qgV78D4FwldxY"," General Secretary","2026-07-30T17:55:26.168Z","jqhpcWXyaKDeHB3DT4sL"
"root","uEJyOd7qgV78D4FwldxY_0324080181_financial_secretary","0324080181","uEJyOd7qgV78D4FwldxY","Financial Secretary","2026-07-30T17:55:26.162Z","5BNg80vlEuxxHV230wPj"
"root","uEJyOd7qgV78D4FwldxY_0324080181_organizing_secretary","0324080181","uEJyOd7qgV78D4FwldxY","Organizing Secretary","2026-07-30T17:55:26.078Z","Xn7lNJAVvcP7mzfqHL2n"
"root","uEJyOd7qgV78D4FwldxY_0324080181_president","0324080181","uEJyOd7qgV78D4FwldxY","President","2026-07-30T17:55:26.101Z","6gwEnXGKi1G4iHBbAhH0"
"root","uEJyOd7qgV78D4FwldxY_0324080181_public_relations_officer__pro_","0324080181","uEJyOd7qgV78D4FwldxY","Public Relations Officer (PRO)","2026-07-30T17:55:26.190Z","VYt0Jo2Lu8QpG8mbsnyA"
"root","uEJyOd7qgV78D4FwldxY_0324080181_wocom","0324080181","uEJyOd7qgV78D4FwldxY","WOCOM","2026-07-30T17:55:26.063Z","1JZvnUzh6mAqaIumdMFS"
"root","uEJyOd7qgV78D4FwldxY_0324080183__general_secretary","0324080183","uEJyOd7qgV78D4FwldxY"," General Secretary","2026-07-30T18:13:46.050Z","FaFYEkTkFvXjnpIAfKNP"
"root","uEJyOd7qgV78D4FwldxY_0324080183_financial_secretary","0324080183","uEJyOd7qgV78D4FwldxY","Financial Secretary","2026-07-30T18:13:46.059Z","XrbSvg03fOBQZJPuJSBF"
"root","uEJyOd7qgV78D4FwldxY_0324080183_organizing_secretary","0324080183","uEJyOd7qgV78D4FwldxY","Organizing Secretary","2026-07-30T18:13:46.018Z","DhuwktSA9V1hGSmMwzHp"
"root","uEJyOd7qgV78D4FwldxY_0324080183_president","0324080183","uEJyOd7qgV78D4FwldxY","President","2026-07-30T18:13:46.061Z","AaxsBcObdltdfIRyfOOE"
"root","uEJyOd7qgV78D4FwldxY_0324080183_public_relations_officer__pro_","0324080183","uEJyOd7qgV78D4FwldxY","Public Relations Officer (PRO)","2026-07-30T18:13:45.931Z","grXhY3EbHIAi8qe2pKwS"
"root","uEJyOd7qgV78D4FwldxY_0324080183_wocom","0324080183","uEJyOd7qgV78D4FwldxY","WOCOM","2026-07-30T18:13:46.062Z","AsZO0skKzCMigffNx4dj"
"root","uEJyOd7qgV78D4FwldxY_0324080184__general_secretary","0324080184","uEJyOd7qgV78D4FwldxY"," General Secretary","2026-07-30T11:17:02.858Z","GXrf05t1EjcVP3iOByTL"
"root","uEJyOd7qgV78D4FwldxY_0324080184_financial_secretary","0324080184","uEJyOd7qgV78D4FwldxY","Financial Secretary","2026-07-30T11:17:02.773Z","Lf1kA5IYQyRE9bD87Lkm"
"root","uEJyOd7qgV78D4FwldxY_0324080184_organizing_secretary","0324080184","uEJyOd7qgV78D4FwldxY","Organizing Secretary","2026-07-30T11:17:02.818Z","KQ3oEySNT1R1kZAKPFD2"
"root","uEJyOd7qgV78D4FwldxY_0324080184_president","0324080184","uEJyOd7qgV78D4FwldxY","President","2026-07-30T11:17:02.718Z","si6eQgGysAMPljIfgPG7"
"root","uEJyOd7qgV78D4FwldxY_0324080184_public_relations_officer__pro_","0324080184","uEJyOd7qgV78D4FwldxY","Public Relations Officer (PRO)","2026-07-30T11:17:02.707Z","JDNZYMF8VUtytrN6Eclc"
"root","uEJyOd7qgV78D4FwldxY_0324080184_wocom","0324080184","uEJyOd7qgV78D4FwldxY","WOCOM","2026-07-30T11:17:02.842Z","ggBWvLSGvEpUDoKpEICJ"
"root","uEJyOd7qgV78D4FwldxY_0324080185__general_secretary","0324080185","uEJyOd7qgV78D4FwldxY"," General Secretary","2026-07-30T18:29:30.690Z","tlvDSJ8xuVAmXG5QhKdS"
"root","uEJyOd7qgV78D4FwldxY_0324080185_president","0324080185","uEJyOd7qgV78D4FwldxY","President","2026-07-30T18:29:30.791Z","8QNupaU9AKAmCtCl3B1o"
"root","uEJyOd7qgV78D4FwldxY_0324080189__general_secretary","0324080189","uEJyOd7qgV78D4FwldxY"," General Secretary","2026-07-30T17:44:29.073Z","aiYRv5fluFIwlHnM3co8"
"root","uEJyOd7qgV78D4FwldxY_0324080189_organizing_secretary","0324080189","uEJyOd7qgV78D4FwldxY","Organizing Secretary","2026-07-30T17:44:29.064Z","QwOQXAVeXh2fW1ybxDKu"
"root","uEJyOd7qgV78D4FwldxY_0324080189_president","0324080189","uEJyOd7qgV78D4FwldxY","President","2026-07-30T17:44:29.072Z","rVOoDMNP4XDBtNmff0kl"
"root","uEJyOd7qgV78D4FwldxY_0324080189_public_relations_officer__pro_","0324080189","uEJyOd7qgV78D4FwldxY","Public Relations Officer (PRO)","2026-07-30T17:44:29.135Z","uDIZEgzr82eXzL8R5RsC"
"root","uEJyOd7qgV78D4FwldxY_0324080189_wocom","0324080189","uEJyOd7qgV78D4FwldxY","WOCOM","2026-07-30T17:44:29.082Z","f86RdyQTxlaj5yDJaJCD"
"root","uEJyOd7qgV78D4FwldxY_0324080191__general_secretary","0324080191","uEJyOd7qgV78D4FwldxY"," General Secretary","2026-07-30T18:19:51.739Z","ApKV02wwfmJUfDpIy94N"
"root","uEJyOd7qgV78D4FwldxY_0324080191_financial_secretary","0324080191","uEJyOd7qgV78D4FwldxY","Financial Secretary","2026-07-30T18:19:51.740Z","TlwXAX3zmNpbO11UkifP"
"root","uEJyOd7qgV78D4FwldxY_0324080191_organizing_secretary","0324080191","uEJyOd7qgV78D4FwldxY","Organizing Secretary","2026-07-30T18:19:51.884Z","hMrQdSf4Vaiu6lY33gvg"
"root","uEJyOd7qgV78D4FwldxY_0324080191_president","0324080191","uEJyOd7qgV78D4FwldxY","President","2026-07-30T18:19:52.086Z","VhMIQ7pU6AFfbbPjovrA"
"root","uEJyOd7qgV78D4FwldxY_0324080191_public_relations_officer__pro_","0324080191","uEJyOd7qgV78D4FwldxY","Public Relations Officer (PRO)","2026-07-30T18:19:51.711Z","5ghcQotHG2k9ZX3mV5Fs"
"root","uEJyOd7qgV78D4FwldxY_0324080191_wocom","0324080191","uEJyOd7qgV78D4FwldxY","WOCOM","2026-07-30T18:19:51.949Z","FLqmpfNiTzvUBOGOgeAS"
"root","uEJyOd7qgV78D4FwldxY_0324080192__general_secretary","0324080192","uEJyOd7qgV78D4FwldxY"," General Secretary","2026-07-30T09:29:07.557Z","3urc27JVeJyqoDluFQOP"
"root","uEJyOd7qgV78D4FwldxY_0324080192_financial_secretary","0324080192","uEJyOd7qgV78D4FwldxY","Financial Secretary","2026-07-30T09:29:07.525Z","WmpL0HakbYTiXabPAbEC"
"root","uEJyOd7qgV78D4FwldxY_0324080192_organizing_secretary","0324080192","uEJyOd7qgV78D4FwldxY","Organizing Secretary","2026-07-30T09:29:07.568Z","BCcn8KbasyNhaHmGrklz"
"root","uEJyOd7qgV78D4FwldxY_0324080192_president","0324080192","uEJyOd7qgV78D4FwldxY","President","2026-07-30T09:29:07.568Z","ScxcTX4i8mGcgoqQ4WI5"
"root","uEJyOd7qgV78D4FwldxY_0324080192_public_relations_officer__pro_","0324080192","uEJyOd7qgV78D4FwldxY","Public Relations Officer (PRO)","2026-07-30T09:29:07.581Z","nkUJ552knUh1mACy9HT1"
"root","uEJyOd7qgV78D4FwldxY_0324080192_wocom","0324080192","uEJyOd7qgV78D4FwldxY","WOCOM","2026-07-30T09:29:07.516Z","d2YkwvNsmsDaFmXRZgNn"
"root","uEJyOd7qgV78D4FwldxY_0324080193_financial_secretary","0324080193","uEJyOd7qgV78D4FwldxY","Financial Secretary","2026-07-30T18:06:49.840Z","qwQjLa76q2UvfmDG2GOu"
"root","uEJyOd7qgV78D4FwldxY_0324080193_organizing_secretary","0324080193","uEJyOd7qgV78D4FwldxY","Organizing Secretary","2026-07-30T18:06:49.914Z","GlbDmw3QIr6tFcySMczV"
"root","uEJyOd7qgV78D4FwldxY_0324080193_president","0324080193","uEJyOd7qgV78D4FwldxY","President","2026-07-30T18:06:49.864Z","sycDpTOhvjqFymXgt9Fr"
"root","uEJyOd7qgV78D4FwldxY_0324080193_wocom","0324080193","uEJyOd7qgV78D4FwldxY","WOCOM","2026-07-30T18:06:49.797Z","5mogriiVPYiRnyy1vnzV"
"root","uEJyOd7qgV78D4FwldxY_0324080197__general_secretary","0324080197","uEJyOd7qgV78D4FwldxY"," General Secretary","2026-07-30T18:32:31.973Z","VyM0DqZgZGW6aXF5O428"
"root","uEJyOd7qgV78D4FwldxY_0324080197_financial_secretary","0324080197","uEJyOd7qgV78D4FwldxY","Financial Secretary","2026-07-30T18:32:32.050Z","rde11szLim4VakXp9vN1"
"root","uEJyOd7qgV78D4FwldxY_0324080197_organizing_secretary","0324080197","uEJyOd7qgV78D4FwldxY","Organizing Secretary","2026-07-30T18:32:32.038Z","8WCodBEWSIbShoeMajmT"
"root","uEJyOd7qgV78D4FwldxY_0324080197_president","0324080197","uEJyOd7qgV78D4FwldxY","President","2026-07-30T18:32:31.971Z","PgYkU0QBo3piIK0tw3Sc"
"root","uEJyOd7qgV78D4FwldxY_0324080197_public_relations_officer__pro_","0324080197","uEJyOd7qgV78D4FwldxY","Public Relations Officer (PRO)","2026-07-30T18:32:31.969Z","gFdPNOgDpHdUQBH4i78t"
"root","uEJyOd7qgV78D4FwldxY_0324080197_wocom","0324080197","uEJyOd7qgV78D4FwldxY","WOCOM","2026-07-30T18:32:32.140Z","EhSVOocmQhPNZo762Dyz"
"root","uEJyOd7qgV78D4FwldxY_0324080199__general_secretary","0324080199","uEJyOd7qgV78D4FwldxY"," General Secretary","2026-07-30T17:56:08.698Z","Nwm2CTEakskoLCUuHpSW"
"root","uEJyOd7qgV78D4FwldxY_0324080199_financial_secretary","0324080199","uEJyOd7qgV78D4FwldxY","Financial Secretary","2026-07-30T17:56:08.629Z","04RZcXRGFesAJCYTkhSB"
"root","uEJyOd7qgV78D4FwldxY_0324080199_organizing_secretary","0324080199","uEJyOd7qgV78D4FwldxY","Organizing Secretary","2026-07-30T17:56:08.727Z","D5RQLALZOpxS0XSKiYH9"
"root","uEJyOd7qgV78D4FwldxY_0324080199_president","0324080199","uEJyOd7qgV78D4FwldxY","President","2026-07-30T17:56:08.706Z","ImPCSoMn28RrKXc0AFnO"
"root","uEJyOd7qgV78D4FwldxY_0324080199_public_relations_officer__pro_","0324080199","uEJyOd7qgV78D4FwldxY","Public Relations Officer (PRO)","2026-07-30T17:56:08.708Z","pFCnroqVsRF9pbPckJBa"
"root","uEJyOd7qgV78D4FwldxY_0324080199_wocom","0324080199","uEJyOd7qgV78D4FwldxY","WOCOM","2026-07-30T17:56:08.865Z","f5ICFRl4Km3vixLRuuj3"
"root","uEJyOd7qgV78D4FwldxY_0324080202__general_secretary","0324080202","uEJyOd7qgV78D4FwldxY"," General Secretary","2026-07-30T18:52:14.632Z","dJZgQrKUUMqR8ZbbgEn8"
"root","uEJyOd7qgV78D4FwldxY_0324080202_financial_secretary","0324080202","uEJyOd7qgV78D4FwldxY","Financial Secretary","2026-07-30T18:52:14.378Z","YftmJlrKtWlcuu2Ncwy9"
"root","uEJyOd7qgV78D4FwldxY_0324080202_organizing_secretary","0324080202","uEJyOd7qgV78D4FwldxY","Organizing Secretary","2026-07-30T18:52:14.537Z","Gxsh2iFubUSvFGtpHeiL"
"root","uEJyOd7qgV78D4FwldxY_0324080202_president","0324080202","uEJyOd7qgV78D4FwldxY","President","2026-07-30T18:52:14.481Z","u70SSgSRoNpKwFOnHSQJ"
"root","uEJyOd7qgV78D4FwldxY_0324080202_public_relations_officer__pro_","0324080202","uEJyOd7qgV78D4FwldxY","Public Relations Officer (PRO)","2026-07-30T18:52:14.482Z","PkWSkJZ1lJdDMLdsf49i"
"root","uEJyOd7qgV78D4FwldxY_0324080202_wocom","0324080202","uEJyOd7qgV78D4FwldxY","WOCOM","2026-07-30T18:52:14.612Z","Ueb5Io5rXfhjPcXAnFYN"
"root","uEJyOd7qgV78D4FwldxY_0324080204__general_secretary","0324080204","uEJyOd7qgV78D4FwldxY"," General Secretary","2026-07-30T11:38:36.121Z","zOQWpVlasEJGkigdWcGW"
"root","uEJyOd7qgV78D4FwldxY_0324080204_financial_secretary","0324080204","uEJyOd7qgV78D4FwldxY","Financial Secretary","2026-07-30T11:38:36.381Z","YmEtNc040PG12ZnGcRDl"
"root","uEJyOd7qgV78D4FwldxY_0324080204_organizing_secretary","0324080204","uEJyOd7qgV78D4FwldxY","Organizing Secretary","2026-07-30T11:38:36.459Z","2QnLcp5YGV6zl0dh6Kjn"
"root","uEJyOd7qgV78D4FwldxY_0324080204_president","0324080204","uEJyOd7qgV78D4FwldxY","President","2026-07-30T11:38:36.453Z","aatR6OCiaecCXll00Lvn"
"root","uEJyOd7qgV78D4FwldxY_0324080204_public_relations_officer__pro_","0324080204","uEJyOd7qgV78D4FwldxY","Public Relations Officer (PRO)","2026-07-30T11:38:36.146Z","XwocqeaIqp2g79X0euaD"
"root","uEJyOd7qgV78D4FwldxY_0324080204_wocom","0324080204","uEJyOd7qgV78D4FwldxY","WOCOM","2026-07-30T11:38:36.330Z","JuDeADnkriSoJDAI8rFP"
"root","uEJyOd7qgV78D4FwldxY_0324080205__general_secretary","0324080205","uEJyOd7qgV78D4FwldxY"," General Secretary","2026-07-30T09:19:58.625Z","wi2I31qYbP1W30AOs4BH"
"root","uEJyOd7qgV78D4FwldxY_0324080205_financial_secretary","0324080205","uEJyOd7qgV78D4FwldxY","Financial Secretary","2026-07-30T09:19:58.346Z","4KmZshIOmcZcgf0JD1e9"
"root","uEJyOd7qgV78D4FwldxY_0324080205_organizing_secretary","0324080205","uEJyOd7qgV78D4FwldxY","Organizing Secretary","2026-07-30T09:19:58.455Z","VZmqSDLPCdycxDkXhCRM"
"root","uEJyOd7qgV78D4FwldxY_0324080205_president","0324080205","uEJyOd7qgV78D4FwldxY","President","2026-07-30T09:19:58.391Z","JYvXRtHui0SJ19d8p2IO"
"root","uEJyOd7qgV78D4FwldxY_0324080205_public_relations_officer__pro_","0324080205","uEJyOd7qgV78D4FwldxY","Public Relations Officer (PRO)","2026-07-30T09:19:58.335Z","djpModEtgwl6BYRiPmYA"
"root","uEJyOd7qgV78D4FwldxY_0324080205_wocom","0324080205","uEJyOd7qgV78D4FwldxY","WOCOM","2026-07-30T09:19:58.599Z","EaI1UuU3Kh6r49J1DdBw"
"root","uEJyOd7qgV78D4FwldxY_0324080208__general_secretary","0324080208","uEJyOd7qgV78D4FwldxY"," General Secretary","2026-07-30T18:41:02.584Z","TjQjSgcfhorvGBzzmqzG"
"root","uEJyOd7qgV78D4FwldxY_0324080208_financial_secretary","0324080208","uEJyOd7qgV78D4FwldxY","Financial Secretary","2026-07-30T18:41:02.765Z","va1vhTHCidIBJWMaNuME"
"root","uEJyOd7qgV78D4FwldxY_0324080208_organizing_secretary","0324080208","uEJyOd7qgV78D4FwldxY","Organizing Secretary","2026-07-30T18:41:02.591Z","tBalvi0H6k5k9PTQ2bNo"
"root","uEJyOd7qgV78D4FwldxY_0324080208_president","0324080208","uEJyOd7qgV78D4FwldxY","President","2026-07-30T18:41:02.629Z","159hdHX5ZZOH9wBD02QY"
"root","uEJyOd7qgV78D4FwldxY_0324080208_public_relations_officer__pro_","0324080208","uEJyOd7qgV78D4FwldxY","Public Relations Officer (PRO)","2026-07-30T18:41:02.455Z","iimT7pah5CSz77wMrUlb"
"root","uEJyOd7qgV78D4FwldxY_0324080208_wocom","0324080208","uEJyOd7qgV78D4FwldxY","WOCOM","2026-07-30T18:41:02.652Z","Z8fJsDnDXk7JFMy5Kilk"
"root","uEJyOd7qgV78D4FwldxY_0324080209__general_secretary","0324080209","uEJyOd7qgV78D4FwldxY"," General Secretary","2026-07-30T18:03:47.878Z","9axZmAdQwCvTOKIgoMEI"
"root","uEJyOd7qgV78D4FwldxY_0324080209_financial_secretary","0324080209","uEJyOd7qgV78D4FwldxY","Financial Secretary","2026-07-30T18:03:47.707Z","ugu9yPMNl6swyWBVkZLq"
"root","uEJyOd7qgV78D4FwldxY_0324080209_organizing_secretary","0324080209","uEJyOd7qgV78D4FwldxY","Organizing Secretary","2026-07-30T18:03:47.673Z","qX6so6MlP6BhnDyRanq0"
"root","uEJyOd7qgV78D4FwldxY_0324080209_president","0324080209","uEJyOd7qgV78D4FwldxY","President","2026-07-30T18:03:47.658Z","tSPHsI8xJeb2DU2bi6Ai"
"root","uEJyOd7qgV78D4FwldxY_0324080209_public_relations_officer__pro_","0324080209","uEJyOd7qgV78D4FwldxY","Public Relations Officer (PRO)","2026-07-30T18:03:47.606Z","N0m9q811jCtNt0g2vMql"
"root","uEJyOd7qgV78D4FwldxY_0324080209_wocom","0324080209","uEJyOd7qgV78D4FwldxY","WOCOM","2026-07-30T18:03:47.628Z","sAVx4ih0kVAdW7FIOLnx"
"root","uEJyOd7qgV78D4FwldxY_0324080213__general_secretary","0324080213","uEJyOd7qgV78D4FwldxY"," General Secretary","2026-07-30T11:43:57.139Z","ctQosM6LbAYuOGDFmJbJ"
"root","uEJyOd7qgV78D4FwldxY_0324080213_financial_secretary","0324080213","uEJyOd7qgV78D4FwldxY","Financial Secretary","2026-07-30T11:43:57.118Z","leS9yO7iW6I29kPq23kA"
"root","uEJyOd7qgV78D4FwldxY_0324080213_organizing_secretary","0324080213","uEJyOd7qgV78D4FwldxY","Organizing Secretary","2026-07-30T11:43:57.167Z","S1uzEY9GWsEf36neq359"
"root","uEJyOd7qgV78D4FwldxY_0324080213_president","0324080213","uEJyOd7qgV78D4FwldxY","President","2026-07-30T11:43:57.163Z","G2TrHUlzEX17NQv1dp8k"
"root","uEJyOd7qgV78D4FwldxY_0324080213_public_relations_officer__pro_","0324080213","uEJyOd7qgV78D4FwldxY","Public Relations Officer (PRO)","2026-07-30T11:45:02.315Z","MEBthoi4GkS9ZTRSIMdZ"
"root","uEJyOd7qgV78D4FwldxY_0324080213_wocom","0324080213","uEJyOd7qgV78D4FwldxY","WOCOM","2026-07-30T11:43:57.133Z","Rb8jP3I7cu2RogPN6E2S"
"root","uEJyOd7qgV78D4FwldxY_0324080214__general_secretary","0324080214","uEJyOd7qgV78D4FwldxY"," General Secretary","2026-07-30T09:10:22.936Z","qn9BaU58IWiwBTl8k0lq"
"root","uEJyOd7qgV78D4FwldxY_0324080214_financial_secretary","0324080214","uEJyOd7qgV78D4FwldxY","Financial Secretary","2026-07-30T09:10:22.910Z","mauZVOrgFyN8uEIT1Y3y"
"root","uEJyOd7qgV78D4FwldxY_0324080214_organizing_secretary","0324080214","uEJyOd7qgV78D4FwldxY","Organizing Secretary","2026-07-30T09:10:22.924Z","sKTO92X86Ngg3LiZeEQ3"
"root","uEJyOd7qgV78D4FwldxY_0324080214_president","0324080214","uEJyOd7qgV78D4FwldxY","President","2026-07-30T09:10:23.057Z","d7JgfCTa4MmjPG1NH13z"
"root","uEJyOd7qgV78D4FwldxY_0324080214_public_relations_officer__pro_","0324080214","uEJyOd7qgV78D4FwldxY","Public Relations Officer (PRO)","2026-07-30T09:10:22.997Z","UhJFnXHcU5Mq3IK2BLDt"
"root","uEJyOd7qgV78D4FwldxY_0324080214_wocom","0324080214","uEJyOd7qgV78D4FwldxY","WOCOM","2026-07-30T09:10:23.055Z","vcjAfd6LXCLqR2BqTyad"
"root","uEJyOd7qgV78D4FwldxY_0324080219__general_secretary","0324080219","uEJyOd7qgV78D4FwldxY"," General Secretary","2026-07-30T17:58:08.326Z","ifD0eATZR7Po0ub3pNoJ"
"root","uEJyOd7qgV78D4FwldxY_0324080219_financial_secretary","0324080219","uEJyOd7qgV78D4FwldxY","Financial Secretary","2026-07-30T17:58:08.180Z","Yw12UMlA0dht1KpP8eMi"
"root","uEJyOd7qgV78D4FwldxY_0324080219_organizing_secretary","0324080219","uEJyOd7qgV78D4FwldxY","Organizing Secretary","2026-07-30T17:58:08.256Z","bgrgsD6A6dEgIU3IfybD"
"root","uEJyOd7qgV78D4FwldxY_0324080219_president","0324080219","uEJyOd7qgV78D4FwldxY","President","2026-07-30T17:58:08.233Z","QKppbkrrwoOEuA6tTFa4"
"root","uEJyOd7qgV78D4FwldxY_0324080219_public_relations_officer__pro_","0324080219","uEJyOd7qgV78D4FwldxY","Public Relations Officer (PRO)","2026-07-30T17:58:08.082Z","0O24PtT43jXsdeSYer8s"
"root","uEJyOd7qgV78D4FwldxY_0324080219_wocom","0324080219","uEJyOd7qgV78D4FwldxY","WOCOM","2026-07-30T17:58:08.322Z","RMkoxqpirnIaiCK7N56V"
"root","uEJyOd7qgV78D4FwldxY_0324080221__general_secretary","0324080221","uEJyOd7qgV78D4FwldxY"," General Secretary","2026-07-30T18:16:28.378Z","x8DoYM3cP9BAfpa62cuX"
"root","uEJyOd7qgV78D4FwldxY_0324080221_financial_secretary","0324080221","uEJyOd7qgV78D4FwldxY","Financial Secretary","2026-07-30T18:16:28.418Z","37BL0YLHWWKlNoR9ddxO"
"root","uEJyOd7qgV78D4FwldxY_0324080221_organizing_secretary","0324080221","uEJyOd7qgV78D4FwldxY","Organizing Secretary","2026-07-30T18:16:28.530Z","XXfvn60WiE6QPyCId9N0"
"root","uEJyOd7qgV78D4FwldxY_0324080221_president","0324080221","uEJyOd7qgV78D4FwldxY","President","2026-07-30T18:16:28.346Z","KTeEDwJDqeCaKrmbjTBk"
"root","uEJyOd7qgV78D4FwldxY_0324080221_public_relations_officer__pro_","0324080221","uEJyOd7qgV78D4FwldxY","Public Relations Officer (PRO)","2026-07-30T18:16:28.331Z","kULaoD8xlebErafqMPbN"
"root","uEJyOd7qgV78D4FwldxY_0324080221_wocom","0324080221","uEJyOd7qgV78D4FwldxY","WOCOM","2026-07-30T18:16:28.409Z","pVRskB9Djyk2Ambm6uMT"
"root","uEJyOd7qgV78D4FwldxY_0324080223_president","0324080223","uEJyOd7qgV78D4FwldxY","President","2026-07-30T11:26:48.389Z","8jbZznWkT6zsSkhV8XP7"
"root","uEJyOd7qgV78D4FwldxY_0324080224__general_secretary","0324080224","uEJyOd7qgV78D4FwldxY"," General Secretary","2026-07-30T09:11:25.455Z","Jhpnf14ERwxclBPo42jx"
"root","uEJyOd7qgV78D4FwldxY_0324080224_financial_secretary","0324080224","uEJyOd7qgV78D4FwldxY","Financial Secretary","2026-07-30T09:11:25.541Z","umSEMri5ZcCnKY1QxB8U"
"root","uEJyOd7qgV78D4FwldxY_0324080224_organizing_secretary","0324080224","uEJyOd7qgV78D4FwldxY","Organizing Secretary","2026-07-30T09:11:25.369Z","ZdExEFW4WsWJ9TqYTOlN"
"root","uEJyOd7qgV78D4FwldxY_0324080224_president","0324080224","uEJyOd7qgV78D4FwldxY","President","2026-07-30T09:11:25.394Z","umEwOMO3M8iA3j0KvKQY"
"root","uEJyOd7qgV78D4FwldxY_0324080224_public_relations_officer__pro_","0324080224","uEJyOd7qgV78D4FwldxY","Public Relations Officer (PRO)","2026-07-30T09:11:25.370Z","knOoaPIVXkRw4GRc9Ist"
"root","uEJyOd7qgV78D4FwldxY_0324080224_wocom","0324080224","uEJyOd7qgV78D4FwldxY","WOCOM","2026-07-30T09:11:25.493Z","XQ02tiOgDnpWyTfFJNLs"
"root","uEJyOd7qgV78D4FwldxY_0324080231__general_secretary","0324080231","uEJyOd7qgV78D4FwldxY"," General Secretary","2026-07-30T09:27:03.982Z","OtWIGRe57wzCwokUU6Yt"
"root","uEJyOd7qgV78D4FwldxY_0324080231_financial_secretary","0324080231","uEJyOd7qgV78D4FwldxY","Financial Secretary","2026-07-30T09:27:03.959Z","0Cf67vRe2sJuNXlMNDbY"
"root","uEJyOd7qgV78D4FwldxY_0324080231_organizing_secretary","0324080231","uEJyOd7qgV78D4FwldxY","Organizing Secretary","2026-07-30T09:27:03.951Z","cetdhYT6DXpkQByCMu2C"
"root","uEJyOd7qgV78D4FwldxY_0324080231_president","0324080231","uEJyOd7qgV78D4FwldxY","President","2026-07-30T09:27:03.864Z","NCez6QMQ0Yrdb0q2CeLJ"
"root","uEJyOd7qgV78D4FwldxY_0324080231_wocom","0324080231","uEJyOd7qgV78D4FwldxY","WOCOM","2026-07-30T09:27:03.840Z","5QUa5WXASz33Wer2i12a"
"root","uEJyOd7qgV78D4FwldxY_0324080235__general_secretary","0324080235","uEJyOd7qgV78D4FwldxY"," General Secretary","2026-07-30T11:30:30.172Z","9BZtocldX8rQ5WSug1Hm"
"root","uEJyOd7qgV78D4FwldxY_0324080235_financial_secretary","0324080235","uEJyOd7qgV78D4FwldxY","Financial Secretary","2026-07-30T11:30:29.986Z","75KuYeUwkM13xEEhlH2c"
"root","uEJyOd7qgV78D4FwldxY_0324080235_organizing_secretary","0324080235","uEJyOd7qgV78D4FwldxY","Organizing Secretary","2026-07-30T11:30:29.990Z","XOZb1jmAwsrzsUpumENx"
"root","uEJyOd7qgV78D4FwldxY_0324080235_president","0324080235","uEJyOd7qgV78D4FwldxY","President","2026-07-30T11:30:30.226Z","06KW11IajfiZ9f5pdo2u"
"root","uEJyOd7qgV78D4FwldxY_0324080235_public_relations_officer__pro_","0324080235","uEJyOd7qgV78D4FwldxY","Public Relations Officer (PRO)","2026-07-30T11:30:30.222Z","fNuJkykZCsDHcj4nrELC"
"root","uEJyOd7qgV78D4FwldxY_0324080235_wocom","0324080235","uEJyOd7qgV78D4FwldxY","WOCOM","2026-07-30T11:30:29.998Z","ALZSyq1xwmCx6nUak2hh"
"root","uEJyOd7qgV78D4FwldxY_0324080236__general_secretary","0324080236","uEJyOd7qgV78D4FwldxY"," General Secretary","2026-07-30T18:32:28.277Z","OacOkOItUeKIiIVLASgx"
"root","uEJyOd7qgV78D4FwldxY_0324080236_financial_secretary","0324080236","uEJyOd7qgV78D4FwldxY","Financial Secretary","2026-07-30T18:32:28.349Z","wfrzF6mWB2HZkTiKIFWK"
"root","uEJyOd7qgV78D4FwldxY_0324080236_organizing_secretary","0324080236","uEJyOd7qgV78D4FwldxY","Organizing Secretary","2026-07-30T18:32:28.325Z","WKO5K0BB1bGENatKsS0v"
"root","uEJyOd7qgV78D4FwldxY_0324080236_president","0324080236","uEJyOd7qgV78D4FwldxY","President","2026-07-30T18:32:28.256Z","xXBBwNRafpnbWrsKfsOM"
"root","uEJyOd7qgV78D4FwldxY_0324080236_public_relations_officer__pro_","0324080236","uEJyOd7qgV78D4FwldxY","Public Relations Officer (PRO)","2026-07-30T18:32:27.887Z","DjhpGpepS6WyNKgQlLxI"
"root","uEJyOd7qgV78D4FwldxY_0324080236_wocom","0324080236","uEJyOd7qgV78D4FwldxY","WOCOM","2026-07-30T18:32:28.290Z","LhxIyHyCPxkTiO3nt59v"
"root","uEJyOd7qgV78D4FwldxY_0324080240_president","0324080240","uEJyOd7qgV78D4FwldxY","President","2026-07-30T18:54:33.121Z","SUEqH4OpY6xfHPUhW2FU"
"root","uEJyOd7qgV78D4FwldxY_0324080242__general_secretary","0324080242","uEJyOd7qgV78D4FwldxY"," General Secretary","2026-07-30T09:22:10.157Z","VbM8u3HkASxt1wjKbegH"
"root","uEJyOd7qgV78D4FwldxY_0324080242_financial_secretary","0324080242","uEJyOd7qgV78D4FwldxY","Financial Secretary","2026-07-30T09:22:10.565Z","Zjloa8XPSMNcLA61IrK9"
"root","uEJyOd7qgV78D4FwldxY_0324080242_organizing_secretary","0324080242","uEJyOd7qgV78D4FwldxY","Organizing Secretary","2026-07-30T09:22:10.174Z","ozdyRrUpadj6PAyZXTsV"
"root","uEJyOd7qgV78D4FwldxY_0324080242_president","0324080242","uEJyOd7qgV78D4FwldxY","President","2026-07-30T09:22:10.447Z","90pv5Xnd4I63yGUGlxSO"
"root","uEJyOd7qgV78D4FwldxY_0324080242_public_relations_officer__pro_","0324080242","uEJyOd7qgV78D4FwldxY","Public Relations Officer (PRO)","2026-07-30T09:22:10.186Z","C8nx1eXJsw8oE1MeOqEe"
"root","uEJyOd7qgV78D4FwldxY_0324080242_wocom","0324080242","uEJyOd7qgV78D4FwldxY","WOCOM","2026-07-30T09:22:10.205Z","atLzeEzGHIiYwn1oRSWl"
"root","uEJyOd7qgV78D4FwldxY_0324080243__general_secretary","0324080243","uEJyOd7qgV78D4FwldxY"," General Secretary","2026-07-30T09:25:09.234Z","j3hykX5XBU4G76mSsd7a"
"root","uEJyOd7qgV78D4FwldxY_0324080243_financial_secretary","0324080243","uEJyOd7qgV78D4FwldxY","Financial Secretary","2026-07-30T09:25:09.261Z","KW80Yl3KXjGiPMgcWV4F"
"root","uEJyOd7qgV78D4FwldxY_0324080243_organizing_secretary","0324080243","uEJyOd7qgV78D4FwldxY","Organizing Secretary","2026-07-30T09:25:09.233Z","F2rMkgWkFnaSbAqS7QrS"
"root","uEJyOd7qgV78D4FwldxY_0324080243_president","0324080243","uEJyOd7qgV78D4FwldxY","President","2026-07-30T09:25:09.334Z","JLy0HKmr8fCOTWBvV5X4"
"root","uEJyOd7qgV78D4FwldxY_0324080243_public_relations_officer__pro_","0324080243","uEJyOd7qgV78D4FwldxY","Public Relations Officer (PRO)","2026-07-30T09:25:09.123Z","SJQpmNHWSXjJrwrgYAgj"
"root","uEJyOd7qgV78D4FwldxY_0324080243_wocom","0324080243","uEJyOd7qgV78D4FwldxY","WOCOM","2026-07-30T09:25:09.093Z","24zJIU0ISlSWGCATndct"
"root","uEJyOd7qgV78D4FwldxY_0324080246_organizing_secretary","0324080246","uEJyOd7qgV78D4FwldxY","Organizing Secretary","2026-07-30T09:14:09.330Z","YFqtu9iNY8BCS9oOSndz"
"root","uEJyOd7qgV78D4FwldxY_0324080246_president","0324080246","uEJyOd7qgV78D4FwldxY","President","2026-07-30T09:14:09.489Z","ezSCcBxzUjoftW3RZ48H"
"root","uEJyOd7qgV78D4FwldxY_0324080248__general_secretary","0324080248","uEJyOd7qgV78D4FwldxY"," General Secretary","2026-07-30T09:09:13.031Z","XAQlCnEL6MsCIrY5fsuH"
"root","uEJyOd7qgV78D4FwldxY_0324080248_financial_secretary","0324080248","uEJyOd7qgV78D4FwldxY","Financial Secretary","2026-07-30T09:09:12.970Z","X4y0plQeYM3hAx8lAiye"
"root","uEJyOd7qgV78D4FwldxY_0324080248_organizing_secretary","0324080248","uEJyOd7qgV78D4FwldxY","Organizing Secretary","2026-07-30T09:09:12.944Z","uKhovGmds0lKqMwHfLsZ"
"root","uEJyOd7qgV78D4FwldxY_0324080248_president","0324080248","uEJyOd7qgV78D4FwldxY","President","2026-07-30T09:09:12.957Z","BUIgA5epsv9c36oPocYO"
"root","uEJyOd7qgV78D4FwldxY_0324080248_public_relations_officer__pro_","0324080248","uEJyOd7qgV78D4FwldxY","Public Relations Officer (PRO)","2026-07-30T09:09:13.075Z","dTKVpy9MksH2iP0dRA6a"
"root","uEJyOd7qgV78D4FwldxY_0324080248_wocom","0324080248","uEJyOd7qgV78D4FwldxY","WOCOM","2026-07-30T09:09:12.967Z","HUjTYoRmZ9vKmJgPjL7O"
"root","uEJyOd7qgV78D4FwldxY_0324080252__general_secretary","0324080252","uEJyOd7qgV78D4FwldxY"," General Secretary","2026-07-30T21:23:32.982Z","r2ngESEIbGPgS4pI5cst"
"root","uEJyOd7qgV78D4FwldxY_0324080252_financial_secretary","0324080252","uEJyOd7qgV78D4FwldxY","Financial Secretary","2026-07-30T21:23:32.931Z","eV6r56gLBlKC16c4cDJk"
"root","uEJyOd7qgV78D4FwldxY_0324080252_organizing_secretary","0324080252","uEJyOd7qgV78D4FwldxY","Organizing Secretary","2026-07-30T21:23:32.929Z","KjLBKNOHhDGwRpx6HngY"
"root","uEJyOd7qgV78D4FwldxY_0324080252_president","0324080252","uEJyOd7qgV78D4FwldxY","President","2026-07-30T21:23:32.959Z","Xkm9XI3amchZkJVSC4DI"
"root","uEJyOd7qgV78D4FwldxY_0324080252_public_relations_officer__pro_","0324080252","uEJyOd7qgV78D4FwldxY","Public Relations Officer (PRO)","2026-07-30T21:23:33.006Z","8QJ58azJLvJyw9wgutwZ"
"root","uEJyOd7qgV78D4FwldxY_0324080252_wocom","0324080252","uEJyOd7qgV78D4FwldxY","WOCOM","2026-07-30T21:23:32.960Z","CKSBLUunhQVNp7b4B0gZ"
"root","uEJyOd7qgV78D4FwldxY_0324080259__general_secretary","0324080259","uEJyOd7qgV78D4FwldxY"," General Secretary","2026-07-30T11:35:57.281Z","sWClyVcU29aTChTig41o"
"root","uEJyOd7qgV78D4FwldxY_0324080259_financial_secretary","0324080259","uEJyOd7qgV78D4FwldxY","Financial Secretary","2026-07-30T11:35:57.234Z","RTAN9qNHGmZcNp5md98W"
"root","uEJyOd7qgV78D4FwldxY_0324080259_organizing_secretary","0324080259","uEJyOd7qgV78D4FwldxY","Organizing Secretary","2026-07-30T11:35:57.203Z","N4AgMVLtdThFM9q3a0o5"
"root","uEJyOd7qgV78D4FwldxY_0324080259_president","0324080259","uEJyOd7qgV78D4FwldxY","President","2026-07-30T11:35:57.290Z","BFxZCCnpfSjGbVvoYCCp"
"root","uEJyOd7qgV78D4FwldxY_0324080259_public_relations_officer__pro_","0324080259","uEJyOd7qgV78D4FwldxY","Public Relations Officer (PRO)","2026-07-30T11:35:57.172Z","jpVqwLLpoWPskWHMCxtC"
"root","uEJyOd7qgV78D4FwldxY_0324080259_wocom","0324080259","uEJyOd7qgV78D4FwldxY","WOCOM","2026-07-30T11:35:57.397Z","WLjclKRIMYBD1XHu8HX8"
"root","uEJyOd7qgV78D4FwldxY_0324080260__general_secretary","0324080260","uEJyOd7qgV78D4FwldxY"," General Secretary","2026-07-30T19:57:48.945Z","qptEUNGsek0SSmBYVuQu"
"root","uEJyOd7qgV78D4FwldxY_0324080260_financial_secretary","0324080260","uEJyOd7qgV78D4FwldxY","Financial Secretary","2026-07-30T19:57:48.830Z","lWLlBswxhEXCTkgK6yuJ"
"root","uEJyOd7qgV78D4FwldxY_0324080260_organizing_secretary","0324080260","uEJyOd7qgV78D4FwldxY","Organizing Secretary","2026-07-30T19:57:48.936Z","xoxhAlOsMfjmLlCbHdoM"
"root","uEJyOd7qgV78D4FwldxY_0324080260_president","0324080260","uEJyOd7qgV78D4FwldxY","President","2026-07-30T19:57:48.887Z","XPykXSPVIEYmFTaEdEQH"
"root","uEJyOd7qgV78D4FwldxY_0324080260_public_relations_officer__pro_","0324080260","uEJyOd7qgV78D4FwldxY","Public Relations Officer (PRO)","2026-07-30T19:57:48.829Z","VlMT9iHkL0786Q5UmxS3"
"root","uEJyOd7qgV78D4FwldxY_0324080260_wocom","0324080260","uEJyOd7qgV78D4FwldxY","WOCOM","2026-07-30T19:57:48.948Z","nj4cxUDOxQwaxOB6i8XH"
"root","uEJyOd7qgV78D4FwldxY_0324080262__general_secretary","0324080262","uEJyOd7qgV78D4FwldxY"," General Secretary","2026-07-30T17:50:31.097Z","wcxs4p02inTB6EmALDZj"
"root","uEJyOd7qgV78D4FwldxY_0324080262_financial_secretary","0324080262","uEJyOd7qgV78D4FwldxY","Financial Secretary","2026-07-30T17:50:31.189Z","BpCiKZhtFBZ3e3CQ6A56"
"root","uEJyOd7qgV78D4FwldxY_0324080262_organizing_secretary","0324080262","uEJyOd7qgV78D4FwldxY","Organizing Secretary","2026-07-30T17:50:31.080Z","TvsXT9RZLwYc3BHqsM6x"
"root","uEJyOd7qgV78D4FwldxY_0324080262_president","0324080262","uEJyOd7qgV78D4FwldxY","President","2026-07-30T17:50:31.098Z","emK6jiNHTfPy87F8PVJc"
"root","uEJyOd7qgV78D4FwldxY_0324080262_public_relations_officer__pro_","0324080262","uEJyOd7qgV78D4FwldxY","Public Relations Officer (PRO)","2026-07-30T17:50:31.044Z","GFGCmSuLs7knTOOjjflR"
"root","uEJyOd7qgV78D4FwldxY_0324080262_wocom","0324080262","uEJyOd7qgV78D4FwldxY","WOCOM","2026-07-30T17:50:31.105Z","o4aThBdqjSFnOuK28ooR"
"root","uEJyOd7qgV78D4FwldxY_0324080267__general_secretary","0324080267","uEJyOd7qgV78D4FwldxY"," General Secretary","2026-07-30T17:51:48.921Z","SlJF5Huud0A3UYBY7OeA"
"root","uEJyOd7qgV78D4FwldxY_0324080267_financial_secretary","0324080267","uEJyOd7qgV78D4FwldxY","Financial Secretary","2026-07-30T17:51:49.002Z","wAvvF6w50ak0N7BogNrs"
"root","uEJyOd7qgV78D4FwldxY_0324080267_organizing_secretary","0324080267","uEJyOd7qgV78D4FwldxY","Organizing Secretary","2026-07-30T17:51:49.075Z","hvzb4S8QQEwTBsxb2BhZ"
"root","uEJyOd7qgV78D4FwldxY_0324080267_president","0324080267","uEJyOd7qgV78D4FwldxY","President","2026-07-30T17:51:48.937Z","nx5EVpqqsElmPM7DEvuK"
"root","uEJyOd7qgV78D4FwldxY_0324080267_public_relations_officer__pro_","0324080267","uEJyOd7qgV78D4FwldxY","Public Relations Officer (PRO)","2026-07-30T17:51:48.893Z","DnBSHNiA2AIrhHjgnYEn"
"root","uEJyOd7qgV78D4FwldxY_0324080267_wocom","0324080267","uEJyOd7qgV78D4FwldxY","WOCOM","2026-07-30T17:51:48.924Z","WhyQmBB3MYNBIwNyXLpn"
"root","uEJyOd7qgV78D4FwldxY_0324080276__general_secretary","0324080276","uEJyOd7qgV78D4FwldxY"," General Secretary","2026-07-30T11:30:08.971Z","IotF3iTytGStr0Oxt565"
"root","uEJyOd7qgV78D4FwldxY_0324080276_financial_secretary","0324080276","uEJyOd7qgV78D4FwldxY","Financial Secretary","2026-07-30T11:30:08.728Z","mDHPmhfzTvyhwn4VID30"
"root","uEJyOd7qgV78D4FwldxY_0324080276_organizing_secretary","0324080276","uEJyOd7qgV78D4FwldxY","Organizing Secretary","2026-07-30T11:30:08.732Z","hoLvbPom655q1BXJlhlu"
"root","uEJyOd7qgV78D4FwldxY_0324080276_president","0324080276","uEJyOd7qgV78D4FwldxY","President","2026-07-30T11:30:09.112Z","UpaeC4hxMGoyaZbNOsbB"
"root","uEJyOd7qgV78D4FwldxY_0324080276_public_relations_officer__pro_","0324080276","uEJyOd7qgV78D4FwldxY","Public Relations Officer (PRO)","2026-07-30T11:30:08.878Z","2YoVie59WLwO7h82d2G3"
"root","uEJyOd7qgV78D4FwldxY_0324080276_wocom","0324080276","uEJyOd7qgV78D4FwldxY","WOCOM","2026-07-30T11:30:08.774Z","oCwuAu1v68yZKwVwiBg9"
"root","uEJyOd7qgV78D4FwldxY_0324080278__general_secretary","0324080278","uEJyOd7qgV78D4FwldxY"," General Secretary","2026-07-30T21:19:58.324Z","KMRA8aWwcSndnH7RAk9v"
"root","uEJyOd7qgV78D4FwldxY_0324080278_financial_secretary","0324080278","uEJyOd7qgV78D4FwldxY","Financial Secretary","2026-07-30T21:19:58.536Z","vZSnTuBCc22hWaC6eSU7"
"root","uEJyOd7qgV78D4FwldxY_0324080278_organizing_secretary","0324080278","uEJyOd7qgV78D4FwldxY","Organizing Secretary","2026-07-30T21:19:58.294Z","IPOEET5aEv2C2qIeJheK"
"root","uEJyOd7qgV78D4FwldxY_0324080278_president","0324080278","uEJyOd7qgV78D4FwldxY","President","2026-07-30T21:19:58.268Z","8tY1z3ku779ZxYMsk33t"
"root","uEJyOd7qgV78D4FwldxY_0324080278_wocom","0324080278","uEJyOd7qgV78D4FwldxY","WOCOM","2026-07-30T21:19:58.369Z","5jCwFXiX3FO1fcakQCD7"
"root","uEJyOd7qgV78D4FwldxY_0324080281__general_secretary","0324080281","uEJyOd7qgV78D4FwldxY"," General Secretary","2026-07-30T11:26:32.494Z","0Mhbrf2XustKDVJjxZvw"
"root","uEJyOd7qgV78D4FwldxY_0324080281_financial_secretary","0324080281","uEJyOd7qgV78D4FwldxY","Financial Secretary","2026-07-30T11:26:32.156Z","B1A6VkE84Zp1ppqntlnj"
"root","uEJyOd7qgV78D4FwldxY_0324080281_organizing_secretary","0324080281","uEJyOd7qgV78D4FwldxY","Organizing Secretary","2026-07-30T11:26:32.145Z","4eR3CvQ80wRiOkmg65yN"
"root","uEJyOd7qgV78D4FwldxY_0324080281_president","0324080281","uEJyOd7qgV78D4FwldxY","President","2026-07-30T11:26:32.299Z","OGIjbqGqBcUhFCfyc6n2"
"root","uEJyOd7qgV78D4FwldxY_0324080281_wocom","0324080281","uEJyOd7qgV78D4FwldxY","WOCOM","2026-07-30T11:26:32.508Z","yGgtxvwTzuKCAXItKt4l"
"root","uEJyOd7qgV78D4FwldxY_0324080282__general_secretary","0324080282","uEJyOd7qgV78D4FwldxY"," General Secretary","2026-07-30T21:16:35.046Z","dYMZWPSTGcegHlDrTt15"
"root","uEJyOd7qgV78D4FwldxY_0324080282_financial_secretary","0324080282","uEJyOd7qgV78D4FwldxY","Financial Secretary","2026-07-30T21:16:35.060Z","JS2OZIr6U8Z0fGrgCZYP"
"root","uEJyOd7qgV78D4FwldxY_0324080282_organizing_secretary","0324080282","uEJyOd7qgV78D4FwldxY","Organizing Secretary","2026-07-30T21:16:34.411Z","d2ysZ7ua7TIeuS0PMJ8M"
"root","uEJyOd7qgV78D4FwldxY_0324080282_president","0324080282","uEJyOd7qgV78D4FwldxY","President","2026-07-30T21:16:34.516Z","j8czzI9Mkz3igVFw2DCQ"
"root","uEJyOd7qgV78D4FwldxY_0324080282_public_relations_officer__pro_","0324080282","uEJyOd7qgV78D4FwldxY","Public Relations Officer (PRO)","2026-07-30T21:16:34.443Z","njM4gcf0W2bVcWTrifAC"
"root","uEJyOd7qgV78D4FwldxY_0324080282_wocom","0324080282","uEJyOd7qgV78D4FwldxY","WOCOM","2026-07-30T21:16:34.521Z","U05TcJP6BUvIjUujJ7Ud"
"root","uEJyOd7qgV78D4FwldxY_0324080286__general_secretary","0324080286","uEJyOd7qgV78D4FwldxY"," General Secretary","2026-07-30T18:34:52.139Z","Rk6oBAXfsDQCWW8BAEvs"
"root","uEJyOd7qgV78D4FwldxY_0324080286_financial_secretary","0324080286","uEJyOd7qgV78D4FwldxY","Financial Secretary","2026-07-30T18:34:52.089Z","48WelwKJO7A1eGC8TH4P"
"root","uEJyOd7qgV78D4FwldxY_0324080286_organizing_secretary","0324080286","uEJyOd7qgV78D4FwldxY","Organizing Secretary","2026-07-30T18:34:52.174Z","WXzOfj0n7Dc3oFWkyalJ"
"root","uEJyOd7qgV78D4FwldxY_0324080286_president","0324080286","uEJyOd7qgV78D4FwldxY","President","2026-07-30T18:34:52.052Z","gELA2TFxuzsI2xbRgwNq"
"root","uEJyOd7qgV78D4FwldxY_0324080286_public_relations_officer__pro_","0324080286","uEJyOd7qgV78D4FwldxY","Public Relations Officer (PRO)","2026-07-30T18:34:51.994Z","8kTQgzQjonAfB4gFQfqs"
"root","uEJyOd7qgV78D4FwldxY_0324080286_wocom","0324080286","uEJyOd7qgV78D4FwldxY","WOCOM","2026-07-30T18:34:52.129Z","Gw5lm5AOfrplIDjiwtk0"
"root","uEJyOd7qgV78D4FwldxY_0324080289__general_secretary","0324080289","uEJyOd7qgV78D4FwldxY"," General Secretary","2026-07-30T11:31:21.735Z","i9YCn4dTOQnlW7d9RW9P"
"root","uEJyOd7qgV78D4FwldxY_0324080289_financial_secretary","0324080289","uEJyOd7qgV78D4FwldxY","Financial Secretary","2026-07-30T11:31:21.652Z","JBy9mENt8CTRWtFIyU2V"
"root","uEJyOd7qgV78D4FwldxY_0324080289_organizing_secretary","0324080289","uEJyOd7qgV78D4FwldxY","Organizing Secretary","2026-07-30T11:31:21.782Z","7S5peJoVoMpv2ktN2Cf5"
"root","uEJyOd7qgV78D4FwldxY_0324080289_president","0324080289","uEJyOd7qgV78D4FwldxY","President","2026-07-30T11:31:21.829Z","AtEb0YB5DqXFhuqa2IzI"
"root","uEJyOd7qgV78D4FwldxY_0324080289_public_relations_officer__pro_","0324080289","uEJyOd7qgV78D4FwldxY","Public Relations Officer (PRO)","2026-07-30T11:31:21.663Z","97eTZLMHxFJbUKtbbaHL"
"root","uEJyOd7qgV78D4FwldxY_0324080289_wocom","0324080289","uEJyOd7qgV78D4FwldxY","WOCOM","2026-07-30T11:31:21.830Z","X4BP0I3UVVQKotEpSF9K"
"root","uEJyOd7qgV78D4FwldxY_0324080290__general_secretary","0324080290","uEJyOd7qgV78D4FwldxY"," General Secretary","2026-07-30T17:50:23.866Z","CwUC5V4iCGMRTDArYyXe"
"root","uEJyOd7qgV78D4FwldxY_0324080290_financial_secretary","0324080290","uEJyOd7qgV78D4FwldxY","Financial Secretary","2026-07-30T17:50:23.850Z","f8DRkZxsp6dephfRK7b1"
"root","uEJyOd7qgV78D4FwldxY_0324080290_organizing_secretary","0324080290","uEJyOd7qgV78D4FwldxY","Organizing Secretary","2026-07-30T17:50:24.060Z","Ps6xHeZ9oyGpNtSr6lI7"
"root","uEJyOd7qgV78D4FwldxY_0324080290_president","0324080290","uEJyOd7qgV78D4FwldxY","President","2026-07-30T17:50:23.921Z","hRYYYGvzxjhOcrPuKOUt"
"root","uEJyOd7qgV78D4FwldxY_0324080290_public_relations_officer__pro_","0324080290","uEJyOd7qgV78D4FwldxY","Public Relations Officer (PRO)","2026-07-30T17:50:23.889Z","nnBCddp2G5aE50DeihJ7"
"root","uEJyOd7qgV78D4FwldxY_0324080290_wocom","0324080290","uEJyOd7qgV78D4FwldxY","WOCOM","2026-07-30T17:50:24.094Z","bXbxE43y4nB9qnxdtqBt"
"root","uEJyOd7qgV78D4FwldxY_0324080291__general_secretary","0324080291","uEJyOd7qgV78D4FwldxY"," General Secretary","2026-07-30T18:49:37.268Z","Fy6MVKCpop1ZNx76Kxpp"
"root","uEJyOd7qgV78D4FwldxY_0324080291_financial_secretary","0324080291","uEJyOd7qgV78D4FwldxY","Financial Secretary","2026-07-30T18:49:37.114Z","GkPE56RMesClqpKr9nz2"
"root","uEJyOd7qgV78D4FwldxY_0324080291_organizing_secretary","0324080291","uEJyOd7qgV78D4FwldxY","Organizing Secretary","2026-07-30T18:49:37.315Z","A5NWk57fJIy8yb9lcssI"
"root","uEJyOd7qgV78D4FwldxY_0324080291_president","0324080291","uEJyOd7qgV78D4FwldxY","President","2026-07-30T18:49:37.144Z","EevUHajOkX9oGgfnKYM1"
"root","uEJyOd7qgV78D4FwldxY_0324080291_public_relations_officer__pro_","0324080291","uEJyOd7qgV78D4FwldxY","Public Relations Officer (PRO)","2026-07-30T18:49:37.379Z","R0gs2SxkPPLEK0Jh0v2m"
"root","uEJyOd7qgV78D4FwldxY_0324080291_wocom","0324080291","uEJyOd7qgV78D4FwldxY","WOCOM","2026-07-30T18:49:37.239Z","iUOl26kJqa34fYHY1tVJ"
"root","uEJyOd7qgV78D4FwldxY_0324080292__general_secretary","0324080292","uEJyOd7qgV78D4FwldxY"," General Secretary","2026-07-30T18:24:52.681Z","W3nIY0EZJSbQ03pjD7vE"
"root","uEJyOd7qgV78D4FwldxY_0324080292_financial_secretary","0324080292","uEJyOd7qgV78D4FwldxY","Financial Secretary","2026-07-30T18:24:52.518Z","zWWRC5zj1qLJG9ckPajd"
"root","uEJyOd7qgV78D4FwldxY_0324080292_organizing_secretary","0324080292","uEJyOd7qgV78D4FwldxY","Organizing Secretary","2026-07-30T18:24:52.598Z","rRfRKlohhwpKWhc7p9jY"
"root","uEJyOd7qgV78D4FwldxY_0324080292_president","0324080292","uEJyOd7qgV78D4FwldxY","President","2026-07-30T18:24:52.582Z","yXfeCTxGbxLiSDJvwzOJ"
"root","uEJyOd7qgV78D4FwldxY_0324080292_public_relations_officer__pro_","0324080292","uEJyOd7qgV78D4FwldxY","Public Relations Officer (PRO)","2026-07-30T18:24:53.034Z","BisqgodJKmYOK2tEBbOM"
"root","uEJyOd7qgV78D4FwldxY_0324080292_wocom","0324080292","uEJyOd7qgV78D4FwldxY","WOCOM","2026-07-30T18:24:52.533Z","M2vBj93cNjmjQYJlpj4P"
"root","uEJyOd7qgV78D4FwldxY_0324080293__general_secretary","0324080293","uEJyOd7qgV78D4FwldxY"," General Secretary","2026-07-30T11:10:18.658Z","WWopaj8Dy2Dne4ByBztR"
"root","uEJyOd7qgV78D4FwldxY_0324080293_financial_secretary","0324080293","uEJyOd7qgV78D4FwldxY","Financial Secretary","2026-07-30T11:10:18.573Z","WO9LkyyYOVv6z1MmUMmq"
"root","uEJyOd7qgV78D4FwldxY_0324080293_organizing_secretary","0324080293","uEJyOd7qgV78D4FwldxY","Organizing Secretary","2026-07-30T11:10:18.567Z","7ZtTRqkXwtBX0fYV44p0"
"root","uEJyOd7qgV78D4FwldxY_0324080293_president","0324080293","uEJyOd7qgV78D4FwldxY","President","2026-07-30T11:10:18.487Z","p6lWFUVnBA5x5Xs6rCFk"
"root","uEJyOd7qgV78D4FwldxY_0324080293_public_relations_officer__pro_","0324080293","uEJyOd7qgV78D4FwldxY","Public Relations Officer (PRO)","2026-07-30T11:10:18.511Z","egBXkQbJpS53804GcfA1"
"root","uEJyOd7qgV78D4FwldxY_0324080293_wocom","0324080293","uEJyOd7qgV78D4FwldxY","WOCOM","2026-07-30T11:10:18.517Z","pKncda8Sf5IWYjp0iziO"
"root","uEJyOd7qgV78D4FwldxY_0324080294__general_secretary","0324080294","uEJyOd7qgV78D4FwldxY"," General Secretary","2026-07-30T09:27:59.415Z","3PWpJhmoeXEfB80K7U8W"
"root","uEJyOd7qgV78D4FwldxY_0324080294_financial_secretary","0324080294","uEJyOd7qgV78D4FwldxY","Financial Secretary","2026-07-30T09:27:59.396Z","1TwXH9ENWh8L0xHZhy5k"
"root","uEJyOd7qgV78D4FwldxY_0324080294_organizing_secretary","0324080294","uEJyOd7qgV78D4FwldxY","Organizing Secretary","2026-07-30T09:27:59.510Z","XaHS0FQqil0yGjEDvSKT"
"root","uEJyOd7qgV78D4FwldxY_0324080294_president","0324080294","uEJyOd7qgV78D4FwldxY","President","2026-07-30T09:27:59.443Z","htJGDyfSBFfVwVRX8Luh"
"root","uEJyOd7qgV78D4FwldxY_0324080294_public_relations_officer__pro_","0324080294","uEJyOd7qgV78D4FwldxY","Public Relations Officer (PRO)","2026-07-30T09:27:59.374Z","DgI2os4eAiWEVfHTQ93E"
"root","uEJyOd7qgV78D4FwldxY_0324080294_wocom","0324080294","uEJyOd7qgV78D4FwldxY","WOCOM","2026-07-30T09:27:59.441Z","YssIwzE8S7ninCW8M28P"
"root","uEJyOd7qgV78D4FwldxY_0324080297_president","0324080297","uEJyOd7qgV78D4FwldxY","President","2026-07-30T21:26:42.877Z","y9jyYp4nGFwptEDQYJPi"
"root","uEJyOd7qgV78D4FwldxY_0324080299__general_secretary","0324080299","uEJyOd7qgV78D4FwldxY"," General Secretary","2026-07-30T11:32:16.084Z","bgEcDmpIaueEoQnGOVJk"
"root","uEJyOd7qgV78D4FwldxY_0324080299_financial_secretary","0324080299","uEJyOd7qgV78D4FwldxY","Financial Secretary","2026-07-30T11:32:15.866Z","Btn0wh4Iwvap6SRYeZOZ"
"root","uEJyOd7qgV78D4FwldxY_0324080299_organizing_secretary","0324080299","uEJyOd7qgV78D4FwldxY","Organizing Secretary","2026-07-30T11:32:16.089Z","6pxXR4GibR0hFbk3YW3U"
"root","uEJyOd7qgV78D4FwldxY_0324080299_president","0324080299","uEJyOd7qgV78D4FwldxY","President","2026-07-30T11:32:15.925Z","FHhksZRBsyrVfy4DUlBG"
"root","uEJyOd7qgV78D4FwldxY_0324080299_public_relations_officer__pro_","0324080299","uEJyOd7qgV78D4FwldxY","Public Relations Officer (PRO)","2026-07-30T11:32:16.066Z","kb8RZjDV14DEz2ulv1sH"
"root","uEJyOd7qgV78D4FwldxY_0324080299_wocom","0324080299","uEJyOd7qgV78D4FwldxY","WOCOM","2026-07-30T11:32:15.670Z","iYzksdQp8X27WC4Kuskc"
"root","uEJyOd7qgV78D4FwldxY_0324080301__general_secretary","0324080301","uEJyOd7qgV78D4FwldxY"," General Secretary","2026-07-30T11:39:12.147Z","GpjIlGlnwmbFFogCo7MB"
"root","uEJyOd7qgV78D4FwldxY_0324080301_financial_secretary","0324080301","uEJyOd7qgV78D4FwldxY","Financial Secretary","2026-07-30T11:39:11.896Z","dp2t482fpj6SUWsb3uPN"
"root","uEJyOd7qgV78D4FwldxY_0324080301_organizing_secretary","0324080301","uEJyOd7qgV78D4FwldxY","Organizing Secretary","2026-07-30T11:39:11.804Z","pSgF5PN10f3wUaTtIgnV"
"root","uEJyOd7qgV78D4FwldxY_0324080301_president","0324080301","uEJyOd7qgV78D4FwldxY","President","2026-07-30T11:39:11.805Z","HmTcTy5plSfS7M38wHz5"
"root","uEJyOd7qgV78D4FwldxY_0324080301_public_relations_officer__pro_","0324080301","uEJyOd7qgV78D4FwldxY","Public Relations Officer (PRO)","2026-07-30T11:39:11.746Z","Xd9WfVcMNmMnhaovXaRS"
"root","uEJyOd7qgV78D4FwldxY_0324080301_wocom","0324080301","uEJyOd7qgV78D4FwldxY","WOCOM","2026-07-30T11:39:11.750Z","3wbA7Cal7LOBocsifXzt"
"root","uEJyOd7qgV78D4FwldxY_0324080302__general_secretary","0324080302","uEJyOd7qgV78D4FwldxY"," General Secretary","2026-07-30T17:49:37.778Z","IBhPAii53BtAri9hpEy3"
"root","uEJyOd7qgV78D4FwldxY_0324080302_financial_secretary","0324080302","uEJyOd7qgV78D4FwldxY","Financial Secretary","2026-07-30T17:49:37.972Z","1DSljVBy9xekKUSsafyi"
"root","uEJyOd7qgV78D4FwldxY_0324080302_organizing_secretary","0324080302","uEJyOd7qgV78D4FwldxY","Organizing Secretary","2026-07-30T17:49:37.798Z","Ukv1WKKzoy8nusTwGYhc"
"root","uEJyOd7qgV78D4FwldxY_0324080302_president","0324080302","uEJyOd7qgV78D4FwldxY","President","2026-07-30T17:49:37.874Z","BQFmtjXcL40wXr9h1Lwc"
"root","uEJyOd7qgV78D4FwldxY_0324080302_wocom","0324080302","uEJyOd7qgV78D4FwldxY","WOCOM","2026-07-30T17:49:37.921Z","cI6MO5t524lEBJ04BACP"
"root","uEJyOd7qgV78D4FwldxY_0324080305__general_secretary","0324080305","uEJyOd7qgV78D4FwldxY"," General Secretary","2026-07-30T18:12:43.285Z","Ynv44izl5mXKAn3KeICL"
"root","uEJyOd7qgV78D4FwldxY_0324080305_financial_secretary","0324080305","uEJyOd7qgV78D4FwldxY","Financial Secretary","2026-07-30T18:12:43.612Z","KFGZj7K8NH61Vd1Go7pQ"
"root","uEJyOd7qgV78D4FwldxY_0324080305_organizing_secretary","0324080305","uEJyOd7qgV78D4FwldxY","Organizing Secretary","2026-07-30T18:12:43.408Z","PKO8xgARBSHh65NfAig8"
"root","uEJyOd7qgV78D4FwldxY_0324080305_president","0324080305","uEJyOd7qgV78D4FwldxY","President","2026-07-30T18:12:43.323Z","sY1TikdwAXKJ3IPuBCP8"
"root","uEJyOd7qgV78D4FwldxY_0324080305_public_relations_officer__pro_","0324080305","uEJyOd7qgV78D4FwldxY","Public Relations Officer (PRO)","2026-07-30T18:12:43.299Z","PpurBtJA7nqcmpPMlEw1"
"root","uEJyOd7qgV78D4FwldxY_0324080305_wocom","0324080305","uEJyOd7qgV78D4FwldxY","WOCOM","2026-07-30T18:12:43.604Z","OghyHnMAIic7uuoA94Pw"
"root","uEJyOd7qgV78D4FwldxY_0324080307__general_secretary","0324080307","uEJyOd7qgV78D4FwldxY"," General Secretary","2026-07-30T11:10:33.231Z","pT76NP2KLdbJLJ9J01kk"
"root","uEJyOd7qgV78D4FwldxY_0324080307_financial_secretary","0324080307","uEJyOd7qgV78D4FwldxY","Financial Secretary","2026-07-30T11:10:33.043Z","AKuUvhNMRhhIvh8FMYIm"
"root","uEJyOd7qgV78D4FwldxY_0324080307_organizing_secretary","0324080307","uEJyOd7qgV78D4FwldxY","Organizing Secretary","2026-07-30T11:10:33.037Z","KRL2B5mRLWfPYGeCqHaU"
"root","uEJyOd7qgV78D4FwldxY_0324080307_president","0324080307","uEJyOd7qgV78D4FwldxY","President","2026-07-30T11:10:33.130Z","fifIajq30Kj506veFGpa"
"root","uEJyOd7qgV78D4FwldxY_0324080307_public_relations_officer__pro_","0324080307","uEJyOd7qgV78D4FwldxY","Public Relations Officer (PRO)","2026-07-30T11:10:33.016Z","ZydIMO7VRHCGpLjDnV4Q"
"root","uEJyOd7qgV78D4FwldxY_0324080309__general_secretary","0324080309","uEJyOd7qgV78D4FwldxY"," General Secretary","2026-07-30T18:32:38.147Z","z4pAvJ170foTbOufh52I"
"root","uEJyOd7qgV78D4FwldxY_0324080309_financial_secretary","0324080309","uEJyOd7qgV78D4FwldxY","Financial Secretary","2026-07-30T18:32:38.055Z","6RBl7AvjgDIPc38BLh6e"
"root","uEJyOd7qgV78D4FwldxY_0324080309_organizing_secretary","0324080309","uEJyOd7qgV78D4FwldxY","Organizing Secretary","2026-07-30T18:32:38.037Z","gBcmUVUXSHEzFUYtk5yR"
"root","uEJyOd7qgV78D4FwldxY_0324080309_president","0324080309","uEJyOd7qgV78D4FwldxY","President","2026-07-30T18:32:38.055Z","zZfnHzPG0y3wRKj3d0pi"
"root","uEJyOd7qgV78D4FwldxY_0324080309_public_relations_officer__pro_","0324080309","uEJyOd7qgV78D4FwldxY","Public Relations Officer (PRO)","2026-07-30T18:32:38.238Z","FXKgYvtcY9fBDHa0nW4X"
"root","uEJyOd7qgV78D4FwldxY_0324080309_wocom","0324080309","uEJyOd7qgV78D4FwldxY","WOCOM","2026-07-30T18:32:37.986Z","0rNtKZkFJf2FjzULR27C"
"root","uEJyOd7qgV78D4FwldxY_0324080310__general_secretary","0324080310","uEJyOd7qgV78D4FwldxY"," General Secretary","2026-07-30T18:28:59.653Z","3zO27raKixUMvCPv00jK"
"root","uEJyOd7qgV78D4FwldxY_0324080310_financial_secretary","0324080310","uEJyOd7qgV78D4FwldxY","Financial Secretary","2026-07-30T18:28:59.639Z","hZ8egoujKasr9kyEqchn"
"root","uEJyOd7qgV78D4FwldxY_0324080310_organizing_secretary","0324080310","uEJyOd7qgV78D4FwldxY","Organizing Secretary","2026-07-30T18:28:59.673Z","BHqe1OqCTtsBeJYnrG2V"
"root","uEJyOd7qgV78D4FwldxY_0324080310_wocom","0324080310","uEJyOd7qgV78D4FwldxY","WOCOM","2026-07-30T18:28:59.789Z","Z8hgPRcjg7u0GcE9pSfU"
"root","uEJyOd7qgV78D4FwldxY_0324080313__general_secretary","0324080313","uEJyOd7qgV78D4FwldxY"," General Secretary","2026-07-30T21:13:15.741Z","FYjN3lw27tlBoQ8JU3WH"
"root","uEJyOd7qgV78D4FwldxY_0324080313_financial_secretary","0324080313","uEJyOd7qgV78D4FwldxY","Financial Secretary","2026-07-30T21:13:15.629Z","WJk0EieVgCPV63bQTeYF"
"root","uEJyOd7qgV78D4FwldxY_0324080313_organizing_secretary","0324080313","uEJyOd7qgV78D4FwldxY","Organizing Secretary","2026-07-30T21:13:15.709Z","69HwiUqpJGGO73oFWrUl"
"root","uEJyOd7qgV78D4FwldxY_0324080313_president","0324080313","uEJyOd7qgV78D4FwldxY","President","2026-07-30T21:13:15.864Z","tkQA5oxSQ6v5yxx080a1"
"root","uEJyOd7qgV78D4FwldxY_0324080313_public_relations_officer__pro_","0324080313","uEJyOd7qgV78D4FwldxY","Public Relations Officer (PRO)","2026-07-30T21:13:15.943Z","U0WKkFRUkmujskUe1Nq4"
"root","uEJyOd7qgV78D4FwldxY_0324080313_wocom","0324080313","uEJyOd7qgV78D4FwldxY","WOCOM","2026-07-30T21:13:15.847Z","es4iMLISgP10vEjoPE8S"
"root","uEJyOd7qgV78D4FwldxY_0324080314_president","0324080314","uEJyOd7qgV78D4FwldxY","President","2026-07-30T21:23:50.885Z","pLCN0m0PeK7DSSBhk1h1"
"root","uEJyOd7qgV78D4FwldxY_0324080316__general_secretary","0324080316","uEJyOd7qgV78D4FwldxY"," General Secretary","2026-07-30T17:53:19.342Z","4GzxVrQJEnyVIkmZ2R0r"
"root","uEJyOd7qgV78D4FwldxY_0324080316_financial_secretary","0324080316","uEJyOd7qgV78D4FwldxY","Financial Secretary","2026-07-30T17:53:19.142Z","9RUQ8YxbMt5L5jXzUfAU"
"root","uEJyOd7qgV78D4FwldxY_0324080316_organizing_secretary","0324080316","uEJyOd7qgV78D4FwldxY","Organizing Secretary","2026-07-30T17:53:19.078Z","M5E6APhjhEQjCHoEanc3"
"root","uEJyOd7qgV78D4FwldxY_0324080316_president","0324080316","uEJyOd7qgV78D4FwldxY","President","2026-07-30T17:53:19.117Z","UCL54HQdK9B0dhbtpLNF"
"root","uEJyOd7qgV78D4FwldxY_0324080316_public_relations_officer__pro_","0324080316","uEJyOd7qgV78D4FwldxY","Public Relations Officer (PRO)","2026-07-30T17:53:19.313Z","O7TxSUynNtcmn4LsBYI2"
"root","uEJyOd7qgV78D4FwldxY_0324080316_wocom","0324080316","uEJyOd7qgV78D4FwldxY","WOCOM","2026-07-30T17:53:19.077Z","t4q7WFKDuC4VQEEe2QkX"
"root","uEJyOd7qgV78D4FwldxY_0324080317__general_secretary","0324080317","uEJyOd7qgV78D4FwldxY"," General Secretary","2026-07-30T18:35:18.154Z","Ts9LginptKzjNbcu8xsE"
"root","uEJyOd7qgV78D4FwldxY_0324080317_financial_secretary","0324080317","uEJyOd7qgV78D4FwldxY","Financial Secretary","2026-07-30T18:35:17.917Z","YCVn9iG3qrwrPrF3gdjD"
"root","uEJyOd7qgV78D4FwldxY_0324080317_organizing_secretary","0324080317","uEJyOd7qgV78D4FwldxY","Organizing Secretary","2026-07-30T18:35:17.916Z","EehkLQollw1qOycn124a"
"root","uEJyOd7qgV78D4FwldxY_0324080317_president","0324080317","uEJyOd7qgV78D4FwldxY","President","2026-07-30T18:35:17.897Z","172Dl83Pnu9Pc3noWtZ3"
"root","uEJyOd7qgV78D4FwldxY_0324080317_public_relations_officer__pro_","0324080317","uEJyOd7qgV78D4FwldxY","Public Relations Officer (PRO)","2026-07-30T18:35:17.919Z","2bPeMWxuchrnngdeQIwD"
"root","uEJyOd7qgV78D4FwldxY_0324080317_wocom","0324080317","uEJyOd7qgV78D4FwldxY","WOCOM","2026-07-30T18:35:17.978Z","WzApXUamPIFLWe1o0qTl"
"root","uEJyOd7qgV78D4FwldxY_0324080318__general_secretary","0324080318","uEJyOd7qgV78D4FwldxY"," General Secretary","2026-07-30T17:54:53.792Z","4xEwia1Btrr9UtcS8WNM"
"root","uEJyOd7qgV78D4FwldxY_0324080318_financial_secretary","0324080318","uEJyOd7qgV78D4FwldxY","Financial Secretary","2026-07-30T17:54:53.782Z","mX43lRj3suCFo8ICntVg"
"root","uEJyOd7qgV78D4FwldxY_0324080318_organizing_secretary","0324080318","uEJyOd7qgV78D4FwldxY","Organizing Secretary","2026-07-30T17:54:53.758Z","9tqFyk89q6LwYdXKdAmZ"
"root","uEJyOd7qgV78D4FwldxY_0324080318_president","0324080318","uEJyOd7qgV78D4FwldxY","President","2026-07-30T17:54:53.748Z","J1fidM6pck09O1XBLRS8"
"root","uEJyOd7qgV78D4FwldxY_0324080318_public_relations_officer__pro_","0324080318","uEJyOd7qgV78D4FwldxY","Public Relations Officer (PRO)","2026-07-30T17:54:53.772Z","3nCGpdOpvH8MGtVscE7V"
"root","uEJyOd7qgV78D4FwldxY_0324080318_wocom","0324080318","uEJyOd7qgV78D4FwldxY","WOCOM","2026-07-30T17:54:53.756Z","JHJJChAqAvEOkzTwODX0"
"root","uEJyOd7qgV78D4FwldxY_0324080321__general_secretary","0324080321","uEJyOd7qgV78D4FwldxY"," General Secretary","2026-07-30T09:23:58.097Z","0a229TdoyhfyGm2fq2jH"
"root","uEJyOd7qgV78D4FwldxY_0324080321_financial_secretary","0324080321","uEJyOd7qgV78D4FwldxY","Financial Secretary","2026-07-30T09:23:58.149Z","Td4azNyvGLKDIaN4slbB"
"root","uEJyOd7qgV78D4FwldxY_0324080321_organizing_secretary","0324080321","uEJyOd7qgV78D4FwldxY","Organizing Secretary","2026-07-30T09:23:58.034Z","lpoGuWe7tHFDsaKopToU"
"root","uEJyOd7qgV78D4FwldxY_0324080321_president","0324080321","uEJyOd7qgV78D4FwldxY","President","2026-07-30T09:23:58.020Z","DH0IS5Gkx8ycIBK1IzBC"
"root","uEJyOd7qgV78D4FwldxY_0324080321_public_relations_officer__pro_","0324080321","uEJyOd7qgV78D4FwldxY","Public Relations Officer (PRO)","2026-07-30T09:23:58.019Z","WjL4AzNmZQ4dNAHKqOwj"
"root","uEJyOd7qgV78D4FwldxY_0324080321_wocom","0324080321","uEJyOd7qgV78D4FwldxY","WOCOM","2026-07-30T09:23:58.130Z","TxWScHaYSYReiNM0BViO"
"root","uEJyOd7qgV78D4FwldxY_0324080322__general_secretary","0324080322","uEJyOd7qgV78D4FwldxY"," General Secretary","2026-07-30T20:50:02.407Z","7GVa3UfUvUvD0yh76lFS"
"root","uEJyOd7qgV78D4FwldxY_0324080322_financial_secretary","0324080322","uEJyOd7qgV78D4FwldxY","Financial Secretary","2026-07-30T20:50:02.553Z","KD63mx4BwhaJAYewdwzW"
"root","uEJyOd7qgV78D4FwldxY_0324080322_organizing_secretary","0324080322","uEJyOd7qgV78D4FwldxY","Organizing Secretary","2026-07-30T20:50:02.432Z","wDo4zG7oBzLx5xpfwIc9"
"root","uEJyOd7qgV78D4FwldxY_0324080322_president","0324080322","uEJyOd7qgV78D4FwldxY","President","2026-07-30T20:50:02.516Z","UCCvEXSe2WxfC6qw6Cxc"
"root","uEJyOd7qgV78D4FwldxY_0324080322_public_relations_officer__pro_","0324080322","uEJyOd7qgV78D4FwldxY","Public Relations Officer (PRO)","2026-07-30T20:50:02.589Z","eu4DsrAIgPJUrUCbEKbY"
"root","uEJyOd7qgV78D4FwldxY_0324080322_wocom","0324080322","uEJyOd7qgV78D4FwldxY","WOCOM","2026-07-30T20:50:02.474Z","2XP7bFCUfys0pJbqWSWl"
"root","uEJyOd7qgV78D4FwldxY_0324080323__general_secretary","0324080323","uEJyOd7qgV78D4FwldxY"," General Secretary","2026-07-30T11:19:43.496Z","fwpNgrV9cM0pUSqW0jnE"
"root","uEJyOd7qgV78D4FwldxY_0324080323_financial_secretary","0324080323","uEJyOd7qgV78D4FwldxY","Financial Secretary","2026-07-30T11:19:43.295Z","id687piQb7Ul6hJYFnWg"
"root","uEJyOd7qgV78D4FwldxY_0324080323_organizing_secretary","0324080323","uEJyOd7qgV78D4FwldxY","Organizing Secretary","2026-07-30T11:19:43.524Z","IpiWXWOdlK9cwBOU5rk5"
"root","uEJyOd7qgV78D4FwldxY_0324080323_president","0324080323","uEJyOd7qgV78D4FwldxY","President","2026-07-30T11:19:43.421Z","oHSJiD8vCqTzRT7cReDI"
"root","uEJyOd7qgV78D4FwldxY_0324080323_public_relations_officer__pro_","0324080323","uEJyOd7qgV78D4FwldxY","Public Relations Officer (PRO)","2026-07-30T11:19:43.302Z","vauIbJj6l8DOIgre3aZb"
"root","uEJyOd7qgV78D4FwldxY_0324080323_wocom","0324080323","uEJyOd7qgV78D4FwldxY","WOCOM","2026-07-30T11:19:43.403Z","jlgrbHkbncaSLxC7sYaT"
"root","uEJyOd7qgV78D4FwldxY_0324080326__general_secretary","0324080326","uEJyOd7qgV78D4FwldxY"," General Secretary","2026-07-30T21:19:39.041Z","Sj07WWF6SljKNRgDouU2"
"root","uEJyOd7qgV78D4FwldxY_0324080326_financial_secretary","0324080326","uEJyOd7qgV78D4FwldxY","Financial Secretary","2026-07-30T21:19:39.026Z","YaS392djrykwfSlWH0nk"
"root","uEJyOd7qgV78D4FwldxY_0324080326_president","0324080326","uEJyOd7qgV78D4FwldxY","President","2026-07-30T21:19:39.009Z","UxGNmHksjmM2fpj2uh0C"
"root","uEJyOd7qgV78D4FwldxY_0324080326_public_relations_officer__pro_","0324080326","uEJyOd7qgV78D4FwldxY","Public Relations Officer (PRO)","2026-07-30T21:19:39.032Z","uRTjSwGjSqWkmsVUzULV"
"root","uEJyOd7qgV78D4FwldxY_0324080328__general_secretary","0324080328","uEJyOd7qgV78D4FwldxY"," General Secretary","2026-07-30T09:05:03.558Z","obrBGKIuRxcLWdb0gLqH"
"root","uEJyOd7qgV78D4FwldxY_0324080328_financial_secretary","0324080328","uEJyOd7qgV78D4FwldxY","Financial Secretary","2026-07-30T09:05:03.351Z","E8cJuL8gBWCyV611XJGr"
"root","uEJyOd7qgV78D4FwldxY_0324080328_organizing_secretary","0324080328","uEJyOd7qgV78D4FwldxY","Organizing Secretary","2026-07-30T09:05:03.644Z","00brqRbjQuS9M6btNnLf"
"root","uEJyOd7qgV78D4FwldxY_0324080328_president","0324080328","uEJyOd7qgV78D4FwldxY","President","2026-07-30T09:05:03.542Z","U5Pa2W1p7Ez4YOXBufCB"
"root","uEJyOd7qgV78D4FwldxY_0324080328_public_relations_officer__pro_","0324080328","uEJyOd7qgV78D4FwldxY","Public Relations Officer (PRO)","2026-07-30T09:05:03.569Z","T6ebrfvTkipM3crM6Oa4"
"root","uEJyOd7qgV78D4FwldxY_0324080328_wocom","0324080328","uEJyOd7qgV78D4FwldxY","WOCOM","2026-07-30T09:05:03.386Z","nnvXnkOc8BSI395YkSPG"
"root","uEJyOd7qgV78D4FwldxY_0324080331__general_secretary","0324080331","uEJyOd7qgV78D4FwldxY"," General Secretary","2026-07-30T11:13:46.798Z","g4ddbRlZmpV8bwwPngR7"
"root","uEJyOd7qgV78D4FwldxY_0324080331_financial_secretary","0324080331","uEJyOd7qgV78D4FwldxY","Financial Secretary","2026-07-30T11:13:46.783Z","JidccofpqhTgw5HUZZ86"
"root","uEJyOd7qgV78D4FwldxY_0324080331_organizing_secretary","0324080331","uEJyOd7qgV78D4FwldxY","Organizing Secretary","2026-07-30T11:13:46.817Z","hwLTAhzdCxVKUcYDA0LB"
"root","uEJyOd7qgV78D4FwldxY_0324080331_president","0324080331","uEJyOd7qgV78D4FwldxY","President","2026-07-30T11:13:46.800Z","GIV4oVk8Fju6hqdxjZy7"
"root","uEJyOd7qgV78D4FwldxY_0324080331_public_relations_officer__pro_","0324080331","uEJyOd7qgV78D4FwldxY","Public Relations Officer (PRO)","2026-07-30T11:13:46.787Z","X9d4Wg5xJE6EziN3kdQK"
"root","uEJyOd7qgV78D4FwldxY_0324080331_wocom","0324080331","uEJyOd7qgV78D4FwldxY","WOCOM","2026-07-30T11:13:46.771Z","wdIhhwj8rBoAXyeeWNUg"
"root","uEJyOd7qgV78D4FwldxY_0324080333__general_secretary","0324080333","uEJyOd7qgV78D4FwldxY"," General Secretary","2026-07-30T18:05:23.070Z","0AvYYpCJu1bZs3ZdUzke"
"root","uEJyOd7qgV78D4FwldxY_0324080333_financial_secretary","0324080333","uEJyOd7qgV78D4FwldxY","Financial Secretary","2026-07-30T18:05:23.176Z","CjNSLtlVnfSMNBrxzWWB"
"root","uEJyOd7qgV78D4FwldxY_0324080333_organizing_secretary","0324080333","uEJyOd7qgV78D4FwldxY","Organizing Secretary","2026-07-30T18:05:23.186Z","mKYxOe49YIPDEnD9dhNC"
"root","uEJyOd7qgV78D4FwldxY_0324080333_president","0324080333","uEJyOd7qgV78D4FwldxY","President","2026-07-30T18:05:23.405Z","fqcvveWvIHoo74R6uiuU"
"root","uEJyOd7qgV78D4FwldxY_0324080333_public_relations_officer__pro_","0324080333","uEJyOd7qgV78D4FwldxY","Public Relations Officer (PRO)","2026-07-30T18:05:23.382Z","Njvu1rxoHjXvX5Nry69P"
"root","uEJyOd7qgV78D4FwldxY_0324080333_wocom","0324080333","uEJyOd7qgV78D4FwldxY","WOCOM","2026-07-30T18:05:23.133Z","wLu7661PzPB3VojsFANO"
"root","uEJyOd7qgV78D4FwldxY_0324080334__general_secretary","0324080334","uEJyOd7qgV78D4FwldxY"," General Secretary","2026-07-30T11:37:27.457Z","xE9OsS9Jv60pfVNJiI4S"
"root","uEJyOd7qgV78D4FwldxY_0324080334_financial_secretary","0324080334","uEJyOd7qgV78D4FwldxY","Financial Secretary","2026-07-30T11:37:27.667Z","CiPhBMs71kzSherdOtBd"
"root","uEJyOd7qgV78D4FwldxY_0324080334_organizing_secretary","0324080334","uEJyOd7qgV78D4FwldxY","Organizing Secretary","2026-07-30T11:37:27.568Z","VA9Dlbvb58Yqg766CeQr"
"root","uEJyOd7qgV78D4FwldxY_0324080334_president","0324080334","uEJyOd7qgV78D4FwldxY","President","2026-07-30T11:37:27.527Z","4iwoMmAWGBwJiGP0ysOl"
"root","uEJyOd7qgV78D4FwldxY_0324080334_public_relations_officer__pro_","0324080334","uEJyOd7qgV78D4FwldxY","Public Relations Officer (PRO)","2026-07-30T11:37:27.437Z","ohz0KQsLziCncRoMLZo4"
"root","uEJyOd7qgV78D4FwldxY_0324080334_wocom","0324080334","uEJyOd7qgV78D4FwldxY","WOCOM","2026-07-30T11:37:27.468Z","yWtJ3OyXA18CTsJZmBtd"
"root","uEJyOd7qgV78D4FwldxY_0324080337__general_secretary","0324080337","uEJyOd7qgV78D4FwldxY"," General Secretary","2026-07-30T09:13:44.676Z","yDUsLyo1dcpCjI1kR0Yy"
"root","uEJyOd7qgV78D4FwldxY_0324080337_financial_secretary","0324080337","uEJyOd7qgV78D4FwldxY","Financial Secretary","2026-07-30T09:13:44.582Z","6WBMdAX35vIGs38lVfpY"
"root","uEJyOd7qgV78D4FwldxY_0324080337_organizing_secretary","0324080337","uEJyOd7qgV78D4FwldxY","Organizing Secretary","2026-07-30T09:13:44.447Z","IfWEj0kacZn5zH7YL3sQ"
"root","uEJyOd7qgV78D4FwldxY_0324080337_president","0324080337","uEJyOd7qgV78D4FwldxY","President","2026-07-30T09:13:44.423Z","YuGbHU0ucEqzSnjCd5sL"
"root","uEJyOd7qgV78D4FwldxY_0324080337_public_relations_officer__pro_","0324080337","uEJyOd7qgV78D4FwldxY","Public Relations Officer (PRO)","2026-07-30T09:13:44.571Z","jj6vyUcUBI0r2nECmRIn"
"root","uEJyOd7qgV78D4FwldxY_0324080337_wocom","0324080337","uEJyOd7qgV78D4FwldxY","WOCOM","2026-07-30T09:13:44.463Z","9Ir3V6sqrTTKOPFFntTk"
"root","uEJyOd7qgV78D4FwldxY_0324080338__general_secretary","0324080338","uEJyOd7qgV78D4FwldxY"," General Secretary","2026-07-30T11:16:08.414Z","JH0yeUmehyZMmNhQYlSI"
"root","uEJyOd7qgV78D4FwldxY_0324080338_financial_secretary","0324080338","uEJyOd7qgV78D4FwldxY","Financial Secretary","2026-07-30T11:16:08.631Z","TPe4eECoSXqLcAM1W6FX"
"root","uEJyOd7qgV78D4FwldxY_0324080338_organizing_secretary","0324080338","uEJyOd7qgV78D4FwldxY","Organizing Secretary","2026-07-30T11:16:08.411Z","DrMD64PevA1ldcf3Sh5r"
"root","uEJyOd7qgV78D4FwldxY_0324080338_president","0324080338","uEJyOd7qgV78D4FwldxY","President","2026-07-30T11:16:08.391Z","5swowY0Cgzcs1uqzZNmM"
"root","uEJyOd7qgV78D4FwldxY_0324080338_public_relations_officer__pro_","0324080338","uEJyOd7qgV78D4FwldxY","Public Relations Officer (PRO)","2026-07-30T11:16:08.435Z","zPWkZU9ZxIZa2azQSZlg"
"root","uEJyOd7qgV78D4FwldxY_0324080338_wocom","0324080338","uEJyOd7qgV78D4FwldxY","WOCOM","2026-07-30T11:17:23.411Z","8Rd0HSG8qsPwYGUAPnVh"
"root","uEJyOd7qgV78D4FwldxY_0324080339__general_secretary","0324080339","uEJyOd7qgV78D4FwldxY"," General Secretary","2026-07-30T10:59:40.195Z","oiJvC3aOs26BCDTknejd"
"root","uEJyOd7qgV78D4FwldxY_0324080339_financial_secretary","0324080339","uEJyOd7qgV78D4FwldxY","Financial Secretary","2026-07-30T10:59:40.293Z","RFax2SYDYOCfoOFdeX3b"
"root","uEJyOd7qgV78D4FwldxY_0324080339_organizing_secretary","0324080339","uEJyOd7qgV78D4FwldxY","Organizing Secretary","2026-07-30T10:59:40.039Z","2FttysVyBomSu96nOCx0"
"root","uEJyOd7qgV78D4FwldxY_0324080339_president","0324080339","uEJyOd7qgV78D4FwldxY","President","2026-07-30T10:59:40.215Z","mjw6N9QaclftKVAJt5c7"
"root","uEJyOd7qgV78D4FwldxY_0324080339_public_relations_officer__pro_","0324080339","uEJyOd7qgV78D4FwldxY","Public Relations Officer (PRO)","2026-07-30T10:59:40.304Z","FmCTYufA6ecL3lxupDCo"
"root","uEJyOd7qgV78D4FwldxY_0324080339_wocom","0324080339","uEJyOd7qgV78D4FwldxY","WOCOM","2026-07-30T10:59:40.264Z","70lGIv1ejKfkMP90N4jh"
"root","uEJyOd7qgV78D4FwldxY_0324080342__general_secretary","0324080342","uEJyOd7qgV78D4FwldxY"," General Secretary","2026-07-30T09:24:52.071Z","wfcXdXLJiaqJagZkDAvR"
"root","uEJyOd7qgV78D4FwldxY_0324080342_financial_secretary","0324080342","uEJyOd7qgV78D4FwldxY","Financial Secretary","2026-07-30T09:24:52.064Z","OKG5F2ma88Q25NGA2V2N"
"root","uEJyOd7qgV78D4FwldxY_0324080342_organizing_secretary","0324080342","uEJyOd7qgV78D4FwldxY","Organizing Secretary","2026-07-30T09:24:52.063Z","QtLolM48Ka0K4Z3KQfdw"
"root","uEJyOd7qgV78D4FwldxY_0324080342_president","0324080342","uEJyOd7qgV78D4FwldxY","President","2026-07-30T09:24:52.079Z","nutWgwQBWsuwvczZFqri"
"root","uEJyOd7qgV78D4FwldxY_0324080342_public_relations_officer__pro_","0324080342","uEJyOd7qgV78D4FwldxY","Public Relations Officer (PRO)","2026-07-30T09:24:52.061Z","F07Mm8PkKRC5wlhr3o7n"
"root","uEJyOd7qgV78D4FwldxY_0324080342_wocom","0324080342","uEJyOd7qgV78D4FwldxY","WOCOM","2026-07-30T09:24:52.031Z","a2qS064Xu4vSxiYuIJqj"
"root","uEJyOd7qgV78D4FwldxY_0324080345_organizing_secretary","0324080345","uEJyOd7qgV78D4FwldxY","Organizing Secretary","2026-07-30T11:36:51.030Z","ro9b3yIWupEZqKfLVZdn"
"root","uEJyOd7qgV78D4FwldxY_0324080345_president","0324080345","uEJyOd7qgV78D4FwldxY","President","2026-07-30T11:36:50.953Z","YTK3U8ru7HH7YLCbEyrw"
"root","uEJyOd7qgV78D4FwldxY_0324080347__general_secretary","0324080347","uEJyOd7qgV78D4FwldxY"," General Secretary","2026-07-30T11:12:42.971Z","Kc1vo933UI9gKAIxPrvI"
"root","uEJyOd7qgV78D4FwldxY_0324080347_financial_secretary","0324080347","uEJyOd7qgV78D4FwldxY","Financial Secretary","2026-07-30T11:12:42.888Z","wX9arPUmWZt5fIJWslOc"
"root","uEJyOd7qgV78D4FwldxY_0324080347_organizing_secretary","0324080347","uEJyOd7qgV78D4FwldxY","Organizing Secretary","2026-07-30T11:12:42.962Z","WBEsOqneTjV6ZOHFE1Xd"
"root","uEJyOd7qgV78D4FwldxY_0324080347_president","0324080347","uEJyOd7qgV78D4FwldxY","President","2026-07-30T11:12:42.896Z","r1VHJlyy9vBxTDQfQ3fo"
"root","uEJyOd7qgV78D4FwldxY_0324080347_wocom","0324080347","uEJyOd7qgV78D4FwldxY","WOCOM","2026-07-30T11:12:43.196Z","MMnCASPssgQMfM59hCGZ"
"root","uEJyOd7qgV78D4FwldxY_0324080348__general_secretary","0324080348","uEJyOd7qgV78D4FwldxY"," General Secretary","2026-07-30T17:49:51.070Z","ZomX5ANVzmCxhLZMKwBH"
"root","uEJyOd7qgV78D4FwldxY_0324080348_financial_secretary","0324080348","uEJyOd7qgV78D4FwldxY","Financial Secretary","2026-07-30T17:49:51.166Z","x3u5IzSixWtTtAl98S5h"
"root","uEJyOd7qgV78D4FwldxY_0324080348_organizing_secretary","0324080348","uEJyOd7qgV78D4FwldxY","Organizing Secretary","2026-07-30T17:49:51.121Z","4OZXIr7nyK6y9ktfWbTc"
"root","uEJyOd7qgV78D4FwldxY_0324080348_president","0324080348","uEJyOd7qgV78D4FwldxY","President","2026-07-30T17:49:51.071Z","ZsOT20BZdlWWluOau6eK"
"root","uEJyOd7qgV78D4FwldxY_0324080348_public_relations_officer__pro_","0324080348","uEJyOd7qgV78D4FwldxY","Public Relations Officer (PRO)","2026-07-30T17:49:51.072Z","ehxevZQYI4NM5hCBX2s8"
"root","uEJyOd7qgV78D4FwldxY_0324080348_wocom","0324080348","uEJyOd7qgV78D4FwldxY","WOCOM","2026-07-30T17:49:51.242Z","SRVPDSfHdN4GBwsD6rKx"
"root","uEJyOd7qgV78D4FwldxY_0324080349__general_secretary","0324080349","uEJyOd7qgV78D4FwldxY"," General Secretary","2026-07-30T09:16:09.499Z","b8FkngcKgFv54TqsWIDc"
"root","uEJyOd7qgV78D4FwldxY_0324080349_financial_secretary","0324080349","uEJyOd7qgV78D4FwldxY","Financial Secretary","2026-07-30T09:16:09.494Z","ALAOe24yhBmNJrk4b57W"
"root","uEJyOd7qgV78D4FwldxY_0324080349_organizing_secretary","0324080349","uEJyOd7qgV78D4FwldxY","Organizing Secretary","2026-07-30T09:16:09.525Z","75Sd3qFVWj55IHh0cEG6"
"root","uEJyOd7qgV78D4FwldxY_0324080349_president","0324080349","uEJyOd7qgV78D4FwldxY","President","2026-07-30T09:16:09.694Z","AxyB9kO25H91j06E6OO6"
"root","uEJyOd7qgV78D4FwldxY_0324080349_wocom","0324080349","uEJyOd7qgV78D4FwldxY","WOCOM","2026-07-30T09:16:09.485Z","eY7kO0wqOR0MhCh2qjdh"
"root","uEJyOd7qgV78D4FwldxY_0324080353__general_secretary","0324080353","uEJyOd7qgV78D4FwldxY"," General Secretary","2026-07-30T09:12:51.236Z","UOI63t1g6VWNO5eZPINs"
"root","uEJyOd7qgV78D4FwldxY_0324080353_financial_secretary","0324080353","uEJyOd7qgV78D4FwldxY","Financial Secretary","2026-07-30T09:12:51.159Z","vRwRcp1Hdnrc5UZyTFIw"
"root","uEJyOd7qgV78D4FwldxY_0324080353_organizing_secretary","0324080353","uEJyOd7qgV78D4FwldxY","Organizing Secretary","2026-07-30T09:12:51.171Z","sSKjXyk2pQj6295SrWRd"
"root","uEJyOd7qgV78D4FwldxY_0324080353_president","0324080353","uEJyOd7qgV78D4FwldxY","President","2026-07-30T09:12:51.183Z","UZbNqhatDcuG5JsPq49a"
"root","uEJyOd7qgV78D4FwldxY_0324080353_public_relations_officer__pro_","0324080353","uEJyOd7qgV78D4FwldxY","Public Relations Officer (PRO)","2026-07-30T09:12:51.140Z","VX0UiFkcdkLXX0eglFsg"
"root","uEJyOd7qgV78D4FwldxY_0324080353_wocom","0324080353","uEJyOd7qgV78D4FwldxY","WOCOM","2026-07-30T09:12:51.247Z","BwKZaoyuHfxr25Xj1OBr"
"root","uEJyOd7qgV78D4FwldxY_0324080354__general_secretary","0324080354","uEJyOd7qgV78D4FwldxY"," General Secretary","2026-07-30T17:54:52.835Z","ydkdUmzN6Do7x2vTZLIV"
"root","uEJyOd7qgV78D4FwldxY_0324080354_financial_secretary","0324080354","uEJyOd7qgV78D4FwldxY","Financial Secretary","2026-07-30T17:54:52.699Z","jyJFQAfPQ8H6OywS2cKG"
"root","uEJyOd7qgV78D4FwldxY_0324080354_organizing_secretary","0324080354","uEJyOd7qgV78D4FwldxY","Organizing Secretary","2026-07-30T17:54:52.720Z","eS4TTif0TkIlEuffN0Zp"
"root","uEJyOd7qgV78D4FwldxY_0324080354_president","0324080354","uEJyOd7qgV78D4FwldxY","President","2026-07-30T17:54:52.848Z","LzQQ4ieRPHLlpSHaUugJ"
"root","uEJyOd7qgV78D4FwldxY_0324080354_public_relations_officer__pro_","0324080354","uEJyOd7qgV78D4FwldxY","Public Relations Officer (PRO)","2026-07-30T17:54:51.731Z","I9yTno3gTPsWq6m2fQq0"
"root","uEJyOd7qgV78D4FwldxY_0324080354_wocom","0324080354","uEJyOd7qgV78D4FwldxY","WOCOM","2026-07-30T17:54:52.880Z","Z77bbUQU5zZpMCWjKDUQ"
"root","uEJyOd7qgV78D4FwldxY_0324080361__general_secretary","0324080361","uEJyOd7qgV78D4FwldxY"," General Secretary","2026-07-30T17:58:37.311Z","RhWRzSp7TMVHByTISFG2"
"root","uEJyOd7qgV78D4FwldxY_0324080361_financial_secretary","0324080361","uEJyOd7qgV78D4FwldxY","Financial Secretary","2026-07-30T17:58:37.401Z","zQlHWq5HdaMESQEUlpW5"
"root","uEJyOd7qgV78D4FwldxY_0324080361_organizing_secretary","0324080361","uEJyOd7qgV78D4FwldxY","Organizing Secretary","2026-07-30T17:58:37.443Z","R17Dh6OeBH7RIugyfZsv"
"root","uEJyOd7qgV78D4FwldxY_0324080361_president","0324080361","uEJyOd7qgV78D4FwldxY","President","2026-07-30T17:58:37.413Z","heLQhvlKeZTnfZIn0HdR"
"root","uEJyOd7qgV78D4FwldxY_0324080361_public_relations_officer__pro_","0324080361","uEJyOd7qgV78D4FwldxY","Public Relations Officer (PRO)","2026-07-30T17:58:37.466Z","kMJdNgBiTV7Poasuwa8X"
"root","uEJyOd7qgV78D4FwldxY_0324080361_wocom","0324080361","uEJyOd7qgV78D4FwldxY","WOCOM","2026-07-30T17:58:37.376Z","dHZOGqH7cFKBZPotx5oj"
"root","uEJyOd7qgV78D4FwldxY_0324080362__general_secretary","0324080362","uEJyOd7qgV78D4FwldxY"," General Secretary","2026-07-30T09:22:25.721Z","EypIPywH9WsvknrLAmEd"
"root","uEJyOd7qgV78D4FwldxY_0324080362_financial_secretary","0324080362","uEJyOd7qgV78D4FwldxY","Financial Secretary","2026-07-30T09:22:25.616Z","wZ3PBNC5NqqLT2YreRRo"
"root","uEJyOd7qgV78D4FwldxY_0324080362_organizing_secretary","0324080362","uEJyOd7qgV78D4FwldxY","Organizing Secretary","2026-07-30T09:22:25.691Z","WIAXkguowjVMbairAKjj"
"root","uEJyOd7qgV78D4FwldxY_0324080362_president","0324080362","uEJyOd7qgV78D4FwldxY","President","2026-07-30T09:22:25.708Z","ox5Nv1PmzldMDIaIOTTi"
"root","uEJyOd7qgV78D4FwldxY_0324080362_public_relations_officer__pro_","0324080362","uEJyOd7qgV78D4FwldxY","Public Relations Officer (PRO)","2026-07-30T09:22:25.578Z","KphoHcJYqmvQiEPBdvJi"
"root","uEJyOd7qgV78D4FwldxY_0324080362_wocom","0324080362","uEJyOd7qgV78D4FwldxY","WOCOM","2026-07-30T09:22:25.665Z","CnwB0fidjpQzgmbXk6vQ"
"root","uEJyOd7qgV78D4FwldxY_0324080364__general_secretary","0324080364","uEJyOd7qgV78D4FwldxY"," General Secretary","2026-07-30T19:47:17.101Z","URSVuL09HYh4T03jDZKE"
"root","uEJyOd7qgV78D4FwldxY_0324080364_financial_secretary","0324080364","uEJyOd7qgV78D4FwldxY","Financial Secretary","2026-07-30T19:47:17.093Z","aKnmAb8fxlXFc8IObGwp"
"root","uEJyOd7qgV78D4FwldxY_0324080364_organizing_secretary","0324080364","uEJyOd7qgV78D4FwldxY","Organizing Secretary","2026-07-30T19:47:17.084Z","U0UNV8GzKBUaCFuN7UlY"
"root","uEJyOd7qgV78D4FwldxY_0324080364_president","0324080364","uEJyOd7qgV78D4FwldxY","President","2026-07-30T19:47:17.052Z","QIjxVtb70FC7BaNhgZKQ"
"root","uEJyOd7qgV78D4FwldxY_0324080364_public_relations_officer__pro_","0324080364","uEJyOd7qgV78D4FwldxY","Public Relations Officer (PRO)","2026-07-30T19:47:17.317Z","ZDleYHNKDpYciEkPj2ye"
"root","uEJyOd7qgV78D4FwldxY_0324080364_wocom","0324080364","uEJyOd7qgV78D4FwldxY","WOCOM","2026-07-30T19:47:17.024Z","zKsY7tD3Cu9Y5WYzbO4R"
"root","uEJyOd7qgV78D4FwldxY_0324080375__general_secretary","0324080375","uEJyOd7qgV78D4FwldxY"," General Secretary","2026-07-30T09:28:59.885Z","j5tQHyKFCmciXcwdsg6m"
"root","uEJyOd7qgV78D4FwldxY_0324080375_financial_secretary","0324080375","uEJyOd7qgV78D4FwldxY","Financial Secretary","2026-07-30T09:28:59.810Z","oJu8UTjU6NtrUyvXGfeJ"
"root","uEJyOd7qgV78D4FwldxY_0324080375_organizing_secretary","0324080375","uEJyOd7qgV78D4FwldxY","Organizing Secretary","2026-07-30T09:28:59.801Z","C07Ts4aKcwyoYx8UNWgR"
"root","uEJyOd7qgV78D4FwldxY_0324080375_president","0324080375","uEJyOd7qgV78D4FwldxY","President","2026-07-30T09:28:59.679Z","n9icWxcGA4iTYOTZlGfu"
"root","uEJyOd7qgV78D4FwldxY_0324080375_wocom","0324080375","uEJyOd7qgV78D4FwldxY","WOCOM","2026-07-30T09:28:59.816Z","wvhMlWzC5ilJstOdves1"
"root","uEJyOd7qgV78D4FwldxY_0324080376__general_secretary","0324080376","uEJyOd7qgV78D4FwldxY"," General Secretary","2026-07-30T09:17:49.378Z","JaaBPLalLjE3HlHwgS3O"
"root","uEJyOd7qgV78D4FwldxY_0324080376_financial_secretary","0324080376","uEJyOd7qgV78D4FwldxY","Financial Secretary","2026-07-30T09:17:49.395Z","rWN1jfrTHEc0hzonXoDd"
"root","uEJyOd7qgV78D4FwldxY_0324080376_organizing_secretary","0324080376","uEJyOd7qgV78D4FwldxY","Organizing Secretary","2026-07-30T09:17:49.285Z","jHUK7cHnOvbz5xU1U5KT"
"root","uEJyOd7qgV78D4FwldxY_0324080376_president","0324080376","uEJyOd7qgV78D4FwldxY","President","2026-07-30T09:17:49.319Z","fZeYn9rbl7Fxu6P9ckbc"
"root","uEJyOd7qgV78D4FwldxY_0324080376_public_relations_officer__pro_","0324080376","uEJyOd7qgV78D4FwldxY","Public Relations Officer (PRO)","2026-07-30T09:17:49.233Z","aJDHPGdnxOL0DlONbMDS"
"root","uEJyOd7qgV78D4FwldxY_0324080376_wocom","0324080376","uEJyOd7qgV78D4FwldxY","WOCOM","2026-07-30T09:17:49.279Z","DAtReLsxtyTozIon5470"
"root","uEJyOd7qgV78D4FwldxY_0324080381__general_secretary","0324080381","uEJyOd7qgV78D4FwldxY"," General Secretary","2026-07-30T19:16:18.435Z","WHtLi1TaJlSQlp5M8Jtr"
"root","uEJyOd7qgV78D4FwldxY_0324080381_financial_secretary","0324080381","uEJyOd7qgV78D4FwldxY","Financial Secretary","2026-07-30T19:16:18.190Z","eB9b5mM006NIWBqAZQMV"
"root","uEJyOd7qgV78D4FwldxY_0324080381_organizing_secretary","0324080381","uEJyOd7qgV78D4FwldxY","Organizing Secretary","2026-07-30T19:16:18.192Z","WzbEyg2d8EMrekyb3YO5"
"root","uEJyOd7qgV78D4FwldxY_0324080381_president","0324080381","uEJyOd7qgV78D4FwldxY","President","2026-07-30T19:16:18.345Z","bVmnx9k6iUmlFWFWcVRd"
"root","uEJyOd7qgV78D4FwldxY_0324080381_public_relations_officer__pro_","0324080381","uEJyOd7qgV78D4FwldxY","Public Relations Officer (PRO)","2026-07-30T19:16:18.210Z","DDRG8Bd1oAZ6NLgOQY2r"
"root","uEJyOd7qgV78D4FwldxY_0324080381_wocom","0324080381","uEJyOd7qgV78D4FwldxY","WOCOM","2026-07-30T19:16:18.326Z","X818hV7Dpj4gEVWwM3Ks"
"root","uEJyOd7qgV78D4FwldxY_0324080382__general_secretary","0324080382","uEJyOd7qgV78D4FwldxY"," General Secretary","2026-07-30T21:11:50.250Z","w4c76nqXIACvl7jmoqpV"
"root","uEJyOd7qgV78D4FwldxY_0324080382_organizing_secretary","0324080382","uEJyOd7qgV78D4FwldxY","Organizing Secretary","2026-07-30T21:11:50.336Z","UtI9TmmQapOhW8nZCHob"
"root","uEJyOd7qgV78D4FwldxY_0324080382_president","0324080382","uEJyOd7qgV78D4FwldxY","President","2026-07-30T21:11:50.243Z","yeVu29atwVRefD0vkoCS"
"root","uEJyOd7qgV78D4FwldxY_0324080382_wocom","0324080382","uEJyOd7qgV78D4FwldxY","WOCOM","2026-07-30T21:11:50.211Z","vm5U4EXUvgkRjFyxiU2F"
"root","uEJyOd7qgV78D4FwldxY_0324080383__general_secretary","0324080383","uEJyOd7qgV78D4FwldxY"," General Secretary","2026-07-30T18:29:24.099Z","kvajw93P50TpIgCPKTrf"
"root","uEJyOd7qgV78D4FwldxY_0324080383_financial_secretary","0324080383","uEJyOd7qgV78D4FwldxY","Financial Secretary","2026-07-30T18:29:24.162Z","aHWORpFUvli4IPPcJL3K"
"root","uEJyOd7qgV78D4FwldxY_0324080383_organizing_secretary","0324080383","uEJyOd7qgV78D4FwldxY","Organizing Secretary","2026-07-30T18:29:24.129Z","FYF0RV2EZmivRJeLXpSm"
"root","uEJyOd7qgV78D4FwldxY_0324080383_president","0324080383","uEJyOd7qgV78D4FwldxY","President","2026-07-30T18:29:24.045Z","gB2Zqrl22MhneHcLzFUM"
"root","uEJyOd7qgV78D4FwldxY_0324080383_public_relations_officer__pro_","0324080383","uEJyOd7qgV78D4FwldxY","Public Relations Officer (PRO)","2026-07-30T18:29:24.355Z","0oefAYuXClNl2zpd9jQP"
"root","uEJyOd7qgV78D4FwldxY_0324080383_wocom","0324080383","uEJyOd7qgV78D4FwldxY","WOCOM","2026-07-30T18:29:25.968Z","Kuidb0VqK0PlvIDAry8E"
"root","uEJyOd7qgV78D4FwldxY_0324080384__general_secretary","0324080384","uEJyOd7qgV78D4FwldxY"," General Secretary","2026-07-30T17:55:42.284Z","zMOv1gwJ7kOpq0kePkbM"
"root","uEJyOd7qgV78D4FwldxY_0324080384_financial_secretary","0324080384","uEJyOd7qgV78D4FwldxY","Financial Secretary","2026-07-30T17:55:42.274Z","sygf7Vrg0NUyucYd4X2g"
"root","uEJyOd7qgV78D4FwldxY_0324080384_organizing_secretary","0324080384","uEJyOd7qgV78D4FwldxY","Organizing Secretary","2026-07-30T17:55:42.284Z","S4UYqnjmqWl4sex9wG6Y"
"root","uEJyOd7qgV78D4FwldxY_0324080384_president","0324080384","uEJyOd7qgV78D4FwldxY","President","2026-07-30T17:55:42.303Z","WXSStbmr5GOK63gmIKkY"
"root","uEJyOd7qgV78D4FwldxY_0324080384_wocom","0324080384","uEJyOd7qgV78D4FwldxY","WOCOM","2026-07-30T17:55:42.265Z","PvXvyEtBAcyytObv4TSu"
"root","uEJyOd7qgV78D4FwldxY_0324080385__general_secretary","0324080385","uEJyOd7qgV78D4FwldxY"," General Secretary","2026-07-30T18:24:32.374Z","y0Ij2AKWN4uNLraWCLhf"
"root","uEJyOd7qgV78D4FwldxY_0324080385_financial_secretary","0324080385","uEJyOd7qgV78D4FwldxY","Financial Secretary","2026-07-30T18:24:32.468Z","PyBsiWglROZXIzqBxu8l"
"root","uEJyOd7qgV78D4FwldxY_0324080385_organizing_secretary","0324080385","uEJyOd7qgV78D4FwldxY","Organizing Secretary","2026-07-30T18:24:32.504Z","H9t5Z75YsmffxviyUIYo"
"root","uEJyOd7qgV78D4FwldxY_0324080385_president","0324080385","uEJyOd7qgV78D4FwldxY","President","2026-07-30T18:24:32.453Z","RjBueXNQpeVmD2PcJMn2"
"root","uEJyOd7qgV78D4FwldxY_0324080385_public_relations_officer__pro_","0324080385","uEJyOd7qgV78D4FwldxY","Public Relations Officer (PRO)","2026-07-30T18:24:32.498Z","Hc34VVZzgCGMqT2hrx8V"
"root","uEJyOd7qgV78D4FwldxY_0324080385_wocom","0324080385","uEJyOd7qgV78D4FwldxY","WOCOM","2026-07-30T18:24:32.420Z","HgG703gIsr5Lng5JQb3F"
"root","uEJyOd7qgV78D4FwldxY_0324080389__general_secretary","0324080389","uEJyOd7qgV78D4FwldxY"," General Secretary","2026-07-30T17:50:29.559Z","12ZqdrT6LdVjgY7ilaDm"
"root","uEJyOd7qgV78D4FwldxY_0324080389_financial_secretary","0324080389","uEJyOd7qgV78D4FwldxY","Financial Secretary","2026-07-30T17:50:29.525Z","45n2iLae2ErAgPdGi7UK"
"root","uEJyOd7qgV78D4FwldxY_0324080389_organizing_secretary","0324080389","uEJyOd7qgV78D4FwldxY","Organizing Secretary","2026-07-30T17:50:29.524Z","B4FAVC61XM0TjlczUqO1"
"root","uEJyOd7qgV78D4FwldxY_0324080389_president","0324080389","uEJyOd7qgV78D4FwldxY","President","2026-07-30T17:50:29.505Z","3yHvVd8X3kugtb9yKCu6"
"root","uEJyOd7qgV78D4FwldxY_0324080389_public_relations_officer__pro_","0324080389","uEJyOd7qgV78D4FwldxY","Public Relations Officer (PRO)","2026-07-30T17:50:29.494Z","1r3it0qEd997OMmw2y78"
"root","uEJyOd7qgV78D4FwldxY_0324080389_wocom","0324080389","uEJyOd7qgV78D4FwldxY","WOCOM","2026-07-30T17:50:29.572Z","fskX3NPdXsFyP6IUj2RC"
"root","uEJyOd7qgV78D4FwldxY_0324080390__general_secretary","0324080390","uEJyOd7qgV78D4FwldxY"," General Secretary","2026-07-30T11:00:09.039Z","8v69EUYRGscBVuyMhKpb"
"root","uEJyOd7qgV78D4FwldxY_0324080390_financial_secretary","0324080390","uEJyOd7qgV78D4FwldxY","Financial Secretary","2026-07-30T11:00:09.257Z","OzQUaUS5WaP8guXmRh4n"
"root","uEJyOd7qgV78D4FwldxY_0324080390_organizing_secretary","0324080390","uEJyOd7qgV78D4FwldxY","Organizing Secretary","2026-07-30T11:00:09.133Z","FqGVeodjl4tHP2NIXaxy"
"root","uEJyOd7qgV78D4FwldxY_0324080390_president","0324080390","uEJyOd7qgV78D4FwldxY","President","2026-07-30T11:00:09.065Z","t3nkk4PB1j1yWUWkQqxA"
"root","uEJyOd7qgV78D4FwldxY_0324080390_public_relations_officer__pro_","0324080390","uEJyOd7qgV78D4FwldxY","Public Relations Officer (PRO)","2026-07-30T11:00:09.055Z","4hU2dsTxyMeSsbtoslr6"
"root","uEJyOd7qgV78D4FwldxY_0324080390_wocom","0324080390","uEJyOd7qgV78D4FwldxY","WOCOM","2026-07-30T11:00:09.153Z","x22iprcVNOOxtPpDpOJ0"
"root","uEJyOd7qgV78D4FwldxY_0324080391__general_secretary","0324080391","uEJyOd7qgV78D4FwldxY"," General Secretary","2026-07-30T21:09:57.477Z","oT6vh5IBSH1S4zCDl4pX"
"root","uEJyOd7qgV78D4FwldxY_0324080391_financial_secretary","0324080391","uEJyOd7qgV78D4FwldxY","Financial Secretary","2026-07-30T21:09:57.484Z","kIn2YoxuXAhzH6kCp9mF"
"root","uEJyOd7qgV78D4FwldxY_0324080391_organizing_secretary","0324080391","uEJyOd7qgV78D4FwldxY","Organizing Secretary","2026-07-30T21:09:57.461Z","EsHx46cEY3y9GEkFOX1m"
"root","uEJyOd7qgV78D4FwldxY_0324080391_president","0324080391","uEJyOd7qgV78D4FwldxY","President","2026-07-30T21:09:57.530Z","Dww96zHVqXSF5qmk8aih"
"root","uEJyOd7qgV78D4FwldxY_0324080391_public_relations_officer__pro_","0324080391","uEJyOd7qgV78D4FwldxY","Public Relations Officer (PRO)","2026-07-30T21:09:57.559Z","XX76qR3AJI560PhO5Vf4"
"root","uEJyOd7qgV78D4FwldxY_0324080391_wocom","0324080391","uEJyOd7qgV78D4FwldxY","WOCOM","2026-07-30T21:09:57.518Z","laJospctNZ93FmHrKY1I"
"root","uEJyOd7qgV78D4FwldxY_0324080394__general_secretary","0324080394","uEJyOd7qgV78D4FwldxY"," General Secretary","2026-07-30T11:05:39.753Z","aKYVevifT8CcwigNpfgp"
"root","uEJyOd7qgV78D4FwldxY_0324080394_financial_secretary","0324080394","uEJyOd7qgV78D4FwldxY","Financial Secretary","2026-07-30T11:05:39.763Z","PepwkN1vHeJKgK6GQnbW"
"root","uEJyOd7qgV78D4FwldxY_0324080394_organizing_secretary","0324080394","uEJyOd7qgV78D4FwldxY","Organizing Secretary","2026-07-30T11:05:39.824Z","MPdAU9xjnsnMsL8fZnXi"
"root","uEJyOd7qgV78D4FwldxY_0324080394_president","0324080394","uEJyOd7qgV78D4FwldxY","President","2026-07-30T11:05:39.856Z","mVVL9FGJ3Y7wecrJNTDE"
"root","uEJyOd7qgV78D4FwldxY_0324080394_public_relations_officer__pro_","0324080394","uEJyOd7qgV78D4FwldxY","Public Relations Officer (PRO)","2026-07-30T11:05:39.819Z","4cRc9PpAzoQZvgXpFRHW"
"root","uEJyOd7qgV78D4FwldxY_0324080394_wocom","0324080394","uEJyOd7qgV78D4FwldxY","WOCOM","2026-07-30T11:05:39.822Z","puYu4cAaDc5OyMBPS3kG"
"root","uEJyOd7qgV78D4FwldxY_0324080396__general_secretary","0324080396","uEJyOd7qgV78D4FwldxY"," General Secretary","2026-07-30T11:00:06.588Z","9GV8pvaqwYPdPKyjcDUK"
"root","uEJyOd7qgV78D4FwldxY_0324080396_financial_secretary","0324080396","uEJyOd7qgV78D4FwldxY","Financial Secretary","2026-07-30T11:00:06.927Z","oUEc9uLARCRF4C8r3FRt"
"root","uEJyOd7qgV78D4FwldxY_0324080396_organizing_secretary","0324080396","uEJyOd7qgV78D4FwldxY","Organizing Secretary","2026-07-30T11:00:06.682Z","3nmylq6dTUtffu5LVDEr"
"root","uEJyOd7qgV78D4FwldxY_0324080396_president","0324080396","uEJyOd7qgV78D4FwldxY","President","2026-07-30T11:00:06.679Z","eeXOtCrPVT0dzgf4FBhU"
"root","uEJyOd7qgV78D4FwldxY_0324080396_public_relations_officer__pro_","0324080396","uEJyOd7qgV78D4FwldxY","Public Relations Officer (PRO)","2026-07-30T11:00:07.056Z","ACW01cU8VF0zqX47RZmW"
"root","uEJyOd7qgV78D4FwldxY_0324080396_wocom","0324080396","uEJyOd7qgV78D4FwldxY","WOCOM","2026-07-30T11:00:06.655Z","N7VWJUv1FD11eWcc2KHP"
"root","uEJyOd7qgV78D4FwldxY_0324080397__general_secretary","0324080397","uEJyOd7qgV78D4FwldxY"," General Secretary","2026-07-30T11:21:42.289Z","VjlQHo964ejjIUNxEtox"
"root","uEJyOd7qgV78D4FwldxY_0324080397_financial_secretary","0324080397","uEJyOd7qgV78D4FwldxY","Financial Secretary","2026-07-30T11:21:42.433Z","Eij6qopr3sCKa8EDiO5J"
"root","uEJyOd7qgV78D4FwldxY_0324080397_organizing_secretary","0324080397","uEJyOd7qgV78D4FwldxY","Organizing Secretary","2026-07-30T11:21:42.373Z","xHYUYV7wWKiGzKUd2PMa"
"root","uEJyOd7qgV78D4FwldxY_0324080397_president","0324080397","uEJyOd7qgV78D4FwldxY","President","2026-07-30T11:21:42.198Z","4ZRY6O9vGCHaZa6RPnPi"
"root","uEJyOd7qgV78D4FwldxY_0324080397_public_relations_officer__pro_","0324080397","uEJyOd7qgV78D4FwldxY","Public Relations Officer (PRO)","2026-07-30T11:21:42.151Z","C9br1HRZCNnPoZFk0AAg"
"root","uEJyOd7qgV78D4FwldxY_0324080397_wocom","0324080397","uEJyOd7qgV78D4FwldxY","WOCOM","2026-07-30T11:21:42.469Z","UiXCYbDUqzRGB46IJYS0"
"root","uEJyOd7qgV78D4FwldxY_0324080401__general_secretary","0324080401","uEJyOd7qgV78D4FwldxY"," General Secretary","2026-07-30T11:42:40.222Z","qTqYgDrGnVIfUKyTtTCX"
"root","uEJyOd7qgV78D4FwldxY_0324080401_financial_secretary","0324080401","uEJyOd7qgV78D4FwldxY","Financial Secretary","2026-07-30T11:42:40.217Z","SJY1kmRVh78EaNEWyELh"
"root","uEJyOd7qgV78D4FwldxY_0324080401_organizing_secretary","0324080401","uEJyOd7qgV78D4FwldxY","Organizing Secretary","2026-07-30T11:42:40.195Z","0rkKpNchA6bOGdcymP11"
"root","uEJyOd7qgV78D4FwldxY_0324080401_president","0324080401","uEJyOd7qgV78D4FwldxY","President","2026-07-30T11:42:40.205Z","G3yk6OrqV1fc2USLeimV"
"root","uEJyOd7qgV78D4FwldxY_0324080401_public_relations_officer__pro_","0324080401","uEJyOd7qgV78D4FwldxY","Public Relations Officer (PRO)","2026-07-30T11:42:40.185Z","yai2hLGRuXcflwtQWvW1"
"root","uEJyOd7qgV78D4FwldxY_0324080401_wocom","0324080401","uEJyOd7qgV78D4FwldxY","WOCOM","2026-07-30T11:42:40.205Z","EFALRT01qETRDWcl5phl"
"root","uEJyOd7qgV78D4FwldxY_0324080402_president","0324080402","uEJyOd7qgV78D4FwldxY","President","2026-07-30T18:09:18.012Z","ShjW4ET9KYmsHWFGDdQN"
"root","uEJyOd7qgV78D4FwldxY_0324080405__general_secretary","0324080405","uEJyOd7qgV78D4FwldxY"," General Secretary","2026-07-30T11:27:19.350Z","PauEJeJluizTU2urrz2A"
"root","uEJyOd7qgV78D4FwldxY_0324080405_financial_secretary","0324080405","uEJyOd7qgV78D4FwldxY","Financial Secretary","2026-07-30T11:27:19.391Z","jJ5EurqxXqRVnN2sg98K"
"root","uEJyOd7qgV78D4FwldxY_0324080405_organizing_secretary","0324080405","uEJyOd7qgV78D4FwldxY","Organizing Secretary","2026-07-30T11:27:19.161Z","cilUy9J4jbpcTT7cqeMH"
"root","uEJyOd7qgV78D4FwldxY_0324080405_president","0324080405","uEJyOd7qgV78D4FwldxY","President","2026-07-30T11:27:19.390Z","voZaNBrQ7dlPTSX3djSJ"
"root","uEJyOd7qgV78D4FwldxY_0324080405_public_relations_officer__pro_","0324080405","uEJyOd7qgV78D4FwldxY","Public Relations Officer (PRO)","2026-07-30T11:27:19.393Z","JeTW8JIR2KRlAbn4Yh9V"
"root","uEJyOd7qgV78D4FwldxY_0324080405_wocom","0324080405","uEJyOd7qgV78D4FwldxY","WOCOM","2026-07-30T11:27:19.244Z","sXQ9l4QYbk5KlQBlG6BA"
"root","uEJyOd7qgV78D4FwldxY_0324080407__general_secretary","0324080407","uEJyOd7qgV78D4FwldxY"," General Secretary","2026-07-30T11:04:25.543Z","skzTfV3jQm2Zx1rmKy18"
"root","uEJyOd7qgV78D4FwldxY_0324080407_financial_secretary","0324080407","uEJyOd7qgV78D4FwldxY","Financial Secretary","2026-07-30T11:04:25.754Z","UNs013ISyXzxENwyvmYS"
"root","uEJyOd7qgV78D4FwldxY_0324080407_organizing_secretary","0324080407","uEJyOd7qgV78D4FwldxY","Organizing Secretary","2026-07-30T11:04:25.771Z","NfZY0n4fPc4lIablOvET"
"root","uEJyOd7qgV78D4FwldxY_0324080407_president","0324080407","uEJyOd7qgV78D4FwldxY","President","2026-07-30T11:04:25.644Z","Kdg0a67LKRihyvL0RzLK"
"root","uEJyOd7qgV78D4FwldxY_0324080407_public_relations_officer__pro_","0324080407","uEJyOd7qgV78D4FwldxY","Public Relations Officer (PRO)","2026-07-30T11:04:25.750Z","EPynIEJibUZFs5M6xooC"
"root","uEJyOd7qgV78D4FwldxY_0324080407_wocom","0324080407","uEJyOd7qgV78D4FwldxY","WOCOM","2026-07-30T11:04:25.622Z","udqIylIVcgoC07WoTY8J"
"root","uEJyOd7qgV78D4FwldxY_0324080408__general_secretary","0324080408","uEJyOd7qgV78D4FwldxY"," General Secretary","2026-07-30T11:21:25.011Z","3eADgKMKEEX2yC9aE8K7"
"root","uEJyOd7qgV78D4FwldxY_0324080408_financial_secretary","0324080408","uEJyOd7qgV78D4FwldxY","Financial Secretary","2026-07-30T11:21:24.957Z","R25LYX8xyAfK1zrVyXwz"
"root","uEJyOd7qgV78D4FwldxY_0324080408_organizing_secretary","0324080408","uEJyOd7qgV78D4FwldxY","Organizing Secretary","2026-07-30T11:21:24.937Z","eKoAqmVTNfaSJc5Nrvjt"
"root","uEJyOd7qgV78D4FwldxY_0324080408_president","0324080408","uEJyOd7qgV78D4FwldxY","President","2026-07-30T11:21:24.992Z","xuSnPj8QVUjfI6YDtaNH"
"root","uEJyOd7qgV78D4FwldxY_0324080408_public_relations_officer__pro_","0324080408","uEJyOd7qgV78D4FwldxY","Public Relations Officer (PRO)","2026-07-30T11:21:25.319Z","ZkodFl4e29LbUR6zKkLQ"
"root","uEJyOd7qgV78D4FwldxY_0324080408_wocom","0324080408","uEJyOd7qgV78D4FwldxY","WOCOM","2026-07-30T11:21:25.135Z","iqQA89utHvW81l4jDBEO"
"root","uEJyOd7qgV78D4FwldxY_0324080409_president","0324080409","uEJyOd7qgV78D4FwldxY","President","2026-07-30T11:27:49.519Z","5SWJBAPnmnFAstU2d5hX"
"root","uEJyOd7qgV78D4FwldxY_0324080412__general_secretary","0324080412","uEJyOd7qgV78D4FwldxY"," General Secretary","2026-07-30T18:06:04.346Z","SV9jVeEEhjZxcu51Awo2"
"root","uEJyOd7qgV78D4FwldxY_0324080412_financial_secretary","0324080412","uEJyOd7qgV78D4FwldxY","Financial Secretary","2026-07-30T18:06:04.180Z","CsfFB8vdtvpc7l43iZ8V"
"root","uEJyOd7qgV78D4FwldxY_0324080412_organizing_secretary","0324080412","uEJyOd7qgV78D4FwldxY","Organizing Secretary","2026-07-30T18:06:04.185Z","nkdMYE6w1i32C2hyFqCa"
"root","uEJyOd7qgV78D4FwldxY_0324080412_president","0324080412","uEJyOd7qgV78D4FwldxY","President","2026-07-30T18:06:04.327Z","JqjDIIB6ir22x1MupLka"
"root","uEJyOd7qgV78D4FwldxY_0324080412_wocom","0324080412","uEJyOd7qgV78D4FwldxY","WOCOM","2026-07-30T18:06:04.158Z","0mtn4B7tnOWP4QnsY4rC"
"root","uEJyOd7qgV78D4FwldxY_0324080413__general_secretary","0324080413","uEJyOd7qgV78D4FwldxY"," General Secretary","2026-07-30T11:10:08.986Z","HDrYP0f2dIa6OPhQlpD7"
"root","uEJyOd7qgV78D4FwldxY_0324080413_financial_secretary","0324080413","uEJyOd7qgV78D4FwldxY","Financial Secretary","2026-07-30T11:10:09.095Z","NkiWsyrO1S5zT7oBDNhb"
"root","uEJyOd7qgV78D4FwldxY_0324080413_organizing_secretary","0324080413","uEJyOd7qgV78D4FwldxY","Organizing Secretary","2026-07-30T11:10:09.070Z","50aEUwBkcXj1SawPptib"
"root","uEJyOd7qgV78D4FwldxY_0324080413_president","0324080413","uEJyOd7qgV78D4FwldxY","President","2026-07-30T11:10:09.055Z","HPCaa0rSfsgLCsFY5nWU"
"root","uEJyOd7qgV78D4FwldxY_0324080413_public_relations_officer__pro_","0324080413","uEJyOd7qgV78D4FwldxY","Public Relations Officer (PRO)","2026-07-30T11:10:08.982Z","dlhzby8TnvmkSirQ1yrv"
"root","uEJyOd7qgV78D4FwldxY_0324080413_wocom","0324080413","uEJyOd7qgV78D4FwldxY","WOCOM","2026-07-30T11:10:09.050Z","JKjW6zKEg9Wfx7EQCJmw"
"root","uEJyOd7qgV78D4FwldxY_0324080415__general_secretary","0324080415","uEJyOd7qgV78D4FwldxY"," General Secretary","2026-07-30T18:22:10.283Z","kYUmcFawz1toGOdzAMpl"
"root","uEJyOd7qgV78D4FwldxY_0324080415_organizing_secretary","0324080415","uEJyOd7qgV78D4FwldxY","Organizing Secretary","2026-07-30T18:22:10.085Z","uX1ZSkeiVl0IoYsm5eUW"
"root","uEJyOd7qgV78D4FwldxY_0324080415_president","0324080415","uEJyOd7qgV78D4FwldxY","President","2026-07-30T18:22:10.022Z","L5gqelFtWY3JcdFdlEug"
"root","uEJyOd7qgV78D4FwldxY_0324080415_public_relations_officer__pro_","0324080415","uEJyOd7qgV78D4FwldxY","Public Relations Officer (PRO)","2026-07-30T18:22:10.086Z","LmSTFMqLl2LWDAfk0hJT"
"root","uEJyOd7qgV78D4FwldxY_0324080415_wocom","0324080415","uEJyOd7qgV78D4FwldxY","WOCOM","2026-07-30T18:22:10.237Z","O1JTkJuv7YEd495V3u2j"
"root","uEJyOd7qgV78D4FwldxY_0324080416__general_secretary","0324080416","uEJyOd7qgV78D4FwldxY"," General Secretary","2026-07-30T18:14:21.827Z","5QNK8iOqAHWqSF5bL2Sj"
"root","uEJyOd7qgV78D4FwldxY_0324080416_financial_secretary","0324080416","uEJyOd7qgV78D4FwldxY","Financial Secretary","2026-07-30T18:14:21.773Z","Y3bqmFk24ytK7AWa1oiI"
"root","uEJyOd7qgV78D4FwldxY_0324080416_organizing_secretary","0324080416","uEJyOd7qgV78D4FwldxY","Organizing Secretary","2026-07-30T18:14:22.027Z","JkQCH0yucCde15KSNjc4"
"root","uEJyOd7qgV78D4FwldxY_0324080416_president","0324080416","uEJyOd7qgV78D4FwldxY","President","2026-07-30T18:14:21.690Z","Hsrowj24FQ1LYoJoqh0j"
"root","uEJyOd7qgV78D4FwldxY_0324080416_public_relations_officer__pro_","0324080416","uEJyOd7qgV78D4FwldxY","Public Relations Officer (PRO)","2026-07-30T18:14:22.183Z","6WjQAz0q58kyvkoDymYW"
"root","uEJyOd7qgV78D4FwldxY_0324080416_wocom","0324080416","uEJyOd7qgV78D4FwldxY","WOCOM","2026-07-30T18:14:21.773Z","L41O0v7FjHRCha9QwKU6"
"root","uEJyOd7qgV78D4FwldxY_0324080420__general_secretary","0324080420","uEJyOd7qgV78D4FwldxY"," General Secretary","2026-07-30T18:25:51.249Z","Tk28JdbSqY4dlUctSGOA"
"root","uEJyOd7qgV78D4FwldxY_0324080420_financial_secretary","0324080420","uEJyOd7qgV78D4FwldxY","Financial Secretary","2026-07-30T18:25:51.182Z","SCPzQ6KrZonHQNj0CWgE"
"root","uEJyOd7qgV78D4FwldxY_0324080420_organizing_secretary","0324080420","uEJyOd7qgV78D4FwldxY","Organizing Secretary","2026-07-30T18:25:51.110Z","71mTLWFZecukYENNpwx6"
"root","uEJyOd7qgV78D4FwldxY_0324080420_president","0324080420","uEJyOd7qgV78D4FwldxY","President","2026-07-30T18:25:51.017Z","e8Uz3Grzqtqyr2u2DARt"
"root","uEJyOd7qgV78D4FwldxY_0324080420_public_relations_officer__pro_","0324080420","uEJyOd7qgV78D4FwldxY","Public Relations Officer (PRO)","2026-07-30T18:25:50.090Z","OF6qCuG84gRu5vycjTSP"
"root","uEJyOd7qgV78D4FwldxY_0324080420_wocom","0324080420","uEJyOd7qgV78D4FwldxY","WOCOM","2026-07-30T18:25:51.109Z","obqx1zQfUWefotVEQ4YJ"
"root","uEJyOd7qgV78D4FwldxY_0324080423__general_secretary","0324080423","uEJyOd7qgV78D4FwldxY"," General Secretary","2026-07-30T11:42:26.501Z","fwrm6z8LMX40klKEXfD0"
"root","uEJyOd7qgV78D4FwldxY_0324080423_financial_secretary","0324080423","uEJyOd7qgV78D4FwldxY","Financial Secretary","2026-07-30T11:42:26.521Z","YioXRfp8aTzZR6EU7omq"
"root","uEJyOd7qgV78D4FwldxY_0324080423_organizing_secretary","0324080423","uEJyOd7qgV78D4FwldxY","Organizing Secretary","2026-07-30T11:42:26.284Z","Dz7CPbzlwxIA4uzTnQlV"
"root","uEJyOd7qgV78D4FwldxY_0324080423_president","0324080423","uEJyOd7qgV78D4FwldxY","President","2026-07-30T11:42:26.406Z","Y6v18pdbsVfMOm8MOske"
"root","uEJyOd7qgV78D4FwldxY_0324080423_public_relations_officer__pro_","0324080423","uEJyOd7qgV78D4FwldxY","Public Relations Officer (PRO)","2026-07-30T11:42:26.338Z","qRIy58XnDBEQQVwtAgcB"
"root","uEJyOd7qgV78D4FwldxY_0324080423_wocom","0324080423","uEJyOd7qgV78D4FwldxY","WOCOM","2026-07-30T11:42:26.312Z","5mANY9NUlJjMx3AgAnkV"
"root","uEJyOd7qgV78D4FwldxY_0324080426__general_secretary","0324080426","uEJyOd7qgV78D4FwldxY"," General Secretary","2026-07-30T11:20:23.885Z","v26gTZnvxuiFmxTOlTMh"
"root","uEJyOd7qgV78D4FwldxY_0324080426_financial_secretary","0324080426","uEJyOd7qgV78D4FwldxY","Financial Secretary","2026-07-30T11:20:24.007Z","DUI0aoicp6dB94JEiQEh"
"root","uEJyOd7qgV78D4FwldxY_0324080426_organizing_secretary","0324080426","uEJyOd7qgV78D4FwldxY","Organizing Secretary","2026-07-30T11:20:23.917Z","MWSUb1I3aAFU66Njw0Kq"
"root","uEJyOd7qgV78D4FwldxY_0324080426_president","0324080426","uEJyOd7qgV78D4FwldxY","President","2026-07-30T11:20:23.571Z","B7c99ZkrfcfrmLj6MYXr"
"root","uEJyOd7qgV78D4FwldxY_0324080426_wocom","0324080426","uEJyOd7qgV78D4FwldxY","WOCOM","2026-07-30T11:20:23.990Z","5lcyIyWtTGe7cxREBZCI"
"root","uEJyOd7qgV78D4FwldxY_0324080427__general_secretary","0324080427","uEJyOd7qgV78D4FwldxY"," General Secretary","2026-07-30T10:59:03.796Z","tegz1aVwZKiQaj8VlohC"
"root","uEJyOd7qgV78D4FwldxY_0324080427_financial_secretary","0324080427","uEJyOd7qgV78D4FwldxY","Financial Secretary","2026-07-30T10:59:03.910Z","DxpIHxriSAhm2eCe2LuO"
"root","uEJyOd7qgV78D4FwldxY_0324080427_organizing_secretary","0324080427","uEJyOd7qgV78D4FwldxY","Organizing Secretary","2026-07-30T10:59:03.769Z","tXtGOZtNBhvz8EGuQkVG"
"root","uEJyOd7qgV78D4FwldxY_0324080427_president","0324080427","uEJyOd7qgV78D4FwldxY","President","2026-07-30T10:59:03.760Z","Hs8Ovl9ZKrcHdYMoahUG"
"root","uEJyOd7qgV78D4FwldxY_0324080427_public_relations_officer__pro_","0324080427","uEJyOd7qgV78D4FwldxY","Public Relations Officer (PRO)","2026-07-30T10:59:03.931Z","R3o9FNzRG1C5HJjCa3em"
"root","uEJyOd7qgV78D4FwldxY_0324080427_wocom","0324080427","uEJyOd7qgV78D4FwldxY","WOCOM","2026-07-30T10:59:03.944Z","EB4yoEo2OKTmBSQNgkwM"
"root","uEJyOd7qgV78D4FwldxY_0324080429__general_secretary","0324080429","uEJyOd7qgV78D4FwldxY"," General Secretary","2026-07-30T17:52:11.082Z","xRD2voM7vxC03knCi1Jo"
"root","uEJyOd7qgV78D4FwldxY_0324080429_financial_secretary","0324080429","uEJyOd7qgV78D4FwldxY","Financial Secretary","2026-07-30T17:52:11.098Z","RBrNpchjCN34CbeEJdVt"
"root","uEJyOd7qgV78D4FwldxY_0324080429_organizing_secretary","0324080429","uEJyOd7qgV78D4FwldxY","Organizing Secretary","2026-07-30T17:52:10.977Z","Oan21D8JBNUV5xroasPD"
"root","uEJyOd7qgV78D4FwldxY_0324080429_president","0324080429","uEJyOd7qgV78D4FwldxY","President","2026-07-30T17:52:11.054Z","PNxXPbgDKik2TJgaTtwl"
"root","uEJyOd7qgV78D4FwldxY_0324080429_public_relations_officer__pro_","0324080429","uEJyOd7qgV78D4FwldxY","Public Relations Officer (PRO)","2026-07-30T17:52:11.017Z","dQFgckJqrIH81aV7rZUY"
"root","uEJyOd7qgV78D4FwldxY_0324080429_wocom","0324080429","uEJyOd7qgV78D4FwldxY","WOCOM","2026-07-30T17:52:11.007Z","kCn4vQxPoVMuAYgoxoYb"
"root","uEJyOd7qgV78D4FwldxY_0324080433__general_secretary","0324080433","uEJyOd7qgV78D4FwldxY"," General Secretary","2026-07-30T11:01:53.229Z","5JJEYa8sEqtKSl2DJaag"
"root","uEJyOd7qgV78D4FwldxY_0324080433_financial_secretary","0324080433","uEJyOd7qgV78D4FwldxY","Financial Secretary","2026-07-30T11:01:53.159Z","TllR8nuL9QBsBnZ6nctA"
"root","uEJyOd7qgV78D4FwldxY_0324080433_organizing_secretary","0324080433","uEJyOd7qgV78D4FwldxY","Organizing Secretary","2026-07-30T11:01:53.141Z","sLT3ZJIP5tIf7d4SCoNu"
"root","uEJyOd7qgV78D4FwldxY_0324080433_president","0324080433","uEJyOd7qgV78D4FwldxY","President","2026-07-30T11:01:53.200Z","Si2b5tfzCO3j4fd465MG"
"root","uEJyOd7qgV78D4FwldxY_0324080433_public_relations_officer__pro_","0324080433","uEJyOd7qgV78D4FwldxY","Public Relations Officer (PRO)","2026-07-30T11:01:53.051Z","ZnfyXrhO8rxLJ0hiJeyb"
"root","uEJyOd7qgV78D4FwldxY_0324080433_wocom","0324080433","uEJyOd7qgV78D4FwldxY","WOCOM","2026-07-30T11:01:53.145Z","LeR0ex4n9Xgwp9XBlikW"
"root","uEJyOd7qgV78D4FwldxY_0324080438_president","0324080438","uEJyOd7qgV78D4FwldxY","President","2026-07-30T11:09:39.998Z","oNCu9fLxli7oS2zk34vJ"
"root","uEJyOd7qgV78D4FwldxY_0324080440__general_secretary","0324080440","uEJyOd7qgV78D4FwldxY"," General Secretary","2026-07-30T11:37:32.376Z","sg4oWalBfJIxY7g33qIg"
"root","uEJyOd7qgV78D4FwldxY_0324080440_financial_secretary","0324080440","uEJyOd7qgV78D4FwldxY","Financial Secretary","2026-07-30T11:37:32.307Z","XsokFKkHAADRCYYdtyO6"
"root","uEJyOd7qgV78D4FwldxY_0324080440_organizing_secretary","0324080440","uEJyOd7qgV78D4FwldxY","Organizing Secretary","2026-07-30T11:37:32.829Z","FcjyMnGJtEZ6uYssxNga"
"root","uEJyOd7qgV78D4FwldxY_0324080440_president","0324080440","uEJyOd7qgV78D4FwldxY","President","2026-07-30T11:37:32.560Z","LeXsmbV8R658Q0ZUc8s1"
"root","uEJyOd7qgV78D4FwldxY_0324080440_public_relations_officer__pro_","0324080440","uEJyOd7qgV78D4FwldxY","Public Relations Officer (PRO)","2026-07-30T11:37:32.353Z","TU72P7tgrDIjS4vgRdTi"
"root","uEJyOd7qgV78D4FwldxY_0324080440_wocom","0324080440","uEJyOd7qgV78D4FwldxY","WOCOM","2026-07-30T11:37:32.319Z","1bhHnv7z0GqZgZGKK71S"
"root","uEJyOd7qgV78D4FwldxY_0324080441__general_secretary","0324080441","uEJyOd7qgV78D4FwldxY"," General Secretary","2026-07-30T17:52:31.300Z","lKYJKhmQTFtSLTpowm1l"
"root","uEJyOd7qgV78D4FwldxY_0324080441_financial_secretary","0324080441","uEJyOd7qgV78D4FwldxY","Financial Secretary","2026-07-30T17:52:31.440Z","tq0f0VktpNhr7dzUgVbX"
"root","uEJyOd7qgV78D4FwldxY_0324080441_organizing_secretary","0324080441","uEJyOd7qgV78D4FwldxY","Organizing Secretary","2026-07-30T17:52:31.266Z","n4G3smp53QiDDpU2vzAG"
"root","uEJyOd7qgV78D4FwldxY_0324080441_president","0324080441","uEJyOd7qgV78D4FwldxY","President","2026-07-30T17:52:31.328Z","Z9opELkhRoGfnKmDrEES"
"root","uEJyOd7qgV78D4FwldxY_0324080441_public_relations_officer__pro_","0324080441","uEJyOd7qgV78D4FwldxY","Public Relations Officer (PRO)","2026-07-30T17:52:31.216Z","olGxpTD7gbDkxCZQZvmO"
"root","uEJyOd7qgV78D4FwldxY_0324080441_wocom","0324080441","uEJyOd7qgV78D4FwldxY","WOCOM","2026-07-30T17:52:31.248Z","saW0pakr2Lz9I6ISG3Pd"
"root","uEJyOd7qgV78D4FwldxY_0324080445__general_secretary","0324080445","uEJyOd7qgV78D4FwldxY"," General Secretary","2026-07-30T11:12:13.083Z","Fh7LUNb0k1vnFlyu1DrF"
"root","uEJyOd7qgV78D4FwldxY_0324080445_financial_secretary","0324080445","uEJyOd7qgV78D4FwldxY","Financial Secretary","2026-07-30T11:12:13.193Z","SdjIzNzmvBkI7DMTPCze"
"root","uEJyOd7qgV78D4FwldxY_0324080445_organizing_secretary","0324080445","uEJyOd7qgV78D4FwldxY","Organizing Secretary","2026-07-30T11:12:13.385Z","hYhcIhPS1kSOxMoLwttk"
"root","uEJyOd7qgV78D4FwldxY_0324080445_president","0324080445","uEJyOd7qgV78D4FwldxY","President","2026-07-30T11:12:13.159Z","S5acqEgt5KTpn9u9Nbls"
"root","uEJyOd7qgV78D4FwldxY_0324080445_wocom","0324080445","uEJyOd7qgV78D4FwldxY","WOCOM","2026-07-30T11:12:13.194Z","WOWaQkrFBQmwKzzSifig"
"root","uEJyOd7qgV78D4FwldxY_0324080446__general_secretary","0324080446","uEJyOd7qgV78D4FwldxY"," General Secretary","2026-07-30T18:15:35.297Z","2pBXkPfHeYt8qobHWxCX"
"root","uEJyOd7qgV78D4FwldxY_0324080446_financial_secretary","0324080446","uEJyOd7qgV78D4FwldxY","Financial Secretary","2026-07-30T18:15:35.361Z","MHSyHF0dpScwV6nukRRv"
"root","uEJyOd7qgV78D4FwldxY_0324080446_organizing_secretary","0324080446","uEJyOd7qgV78D4FwldxY","Organizing Secretary","2026-07-30T18:15:35.312Z","lJPUyTqiyvdnFhzFk8Q5"
"root","uEJyOd7qgV78D4FwldxY_0324080446_president","0324080446","uEJyOd7qgV78D4FwldxY","President","2026-07-30T18:15:35.283Z","IhyXzMOoYahkiJQZR6bf"
"root","uEJyOd7qgV78D4FwldxY_0324080446_public_relations_officer__pro_","0324080446","uEJyOd7qgV78D4FwldxY","Public Relations Officer (PRO)","2026-07-30T18:15:35.278Z","2fz31yee7Oijisj6Mi7n"
"root","uEJyOd7qgV78D4FwldxY_0324080446_wocom","0324080446","uEJyOd7qgV78D4FwldxY","WOCOM","2026-07-30T18:15:35.399Z","AE9CNUjrHXIXesYeFxKr"
"root","uEJyOd7qgV78D4FwldxY_0324080451__general_secretary","0324080451","uEJyOd7qgV78D4FwldxY"," General Secretary","2026-07-30T09:18:25.847Z","ntVLkSUwF9IUHCM0xIoL"
"root","uEJyOd7qgV78D4FwldxY_0324080451_financial_secretary","0324080451","uEJyOd7qgV78D4FwldxY","Financial Secretary","2026-07-30T09:18:26.027Z","7H0P9atQxghQ7UaMzfYo"
"root","uEJyOd7qgV78D4FwldxY_0324080451_organizing_secretary","0324080451","uEJyOd7qgV78D4FwldxY","Organizing Secretary","2026-07-30T09:18:25.842Z","zJHpqOMPsiTslFiHPBsS"
"root","uEJyOd7qgV78D4FwldxY_0324080451_president","0324080451","uEJyOd7qgV78D4FwldxY","President","2026-07-30T09:18:25.814Z","uStC1OPOSh6nTOO8x7iR"
"root","uEJyOd7qgV78D4FwldxY_0324080451_wocom","0324080451","uEJyOd7qgV78D4FwldxY","WOCOM","2026-07-30T09:18:25.828Z","GdeoqWbf5Lgre33PS558"
"root","uEJyOd7qgV78D4FwldxY_0324080456_president","0324080456","uEJyOd7qgV78D4FwldxY","President","2026-07-30T11:34:55.094Z","4O95GMBqab3kxeK98Rp5"
"root","uEJyOd7qgV78D4FwldxY_0324080458__general_secretary","0324080458","uEJyOd7qgV78D4FwldxY"," General Secretary","2026-07-30T11:40:50.475Z","CbjLTS4XCTtFobkkNm8V"
"root","uEJyOd7qgV78D4FwldxY_0324080458_financial_secretary","0324080458","uEJyOd7qgV78D4FwldxY","Financial Secretary","2026-07-30T11:40:50.457Z","ckhl3YyRy1NHArr84qnp"
"root","uEJyOd7qgV78D4FwldxY_0324080458_organizing_secretary","0324080458","uEJyOd7qgV78D4FwldxY","Organizing Secretary","2026-07-30T11:40:50.489Z","qaJCNgJXb4VJfHL74ooz"
"root","uEJyOd7qgV78D4FwldxY_0324080458_president","0324080458","uEJyOd7qgV78D4FwldxY","President","2026-07-30T11:40:50.437Z","vAIoNjlmQOFhLLsSPwBz"
"root","uEJyOd7qgV78D4FwldxY_0324080458_public_relations_officer__pro_","0324080458","uEJyOd7qgV78D4FwldxY","Public Relations Officer (PRO)","2026-07-30T11:40:50.674Z","51m91Ni7bpRYF8b7SPBW"
"root","uEJyOd7qgV78D4FwldxY_0324080458_wocom","0324080458","uEJyOd7qgV78D4FwldxY","WOCOM","2026-07-30T11:40:50.469Z","BttK3M2cjeibrwiJxD8g"
"root","uEJyOd7qgV78D4FwldxY_0324080462__general_secretary","0324080462","uEJyOd7qgV78D4FwldxY"," General Secretary","2026-07-30T09:16:34.570Z","gRsOthrLJmQMySfLjlF1"
"root","uEJyOd7qgV78D4FwldxY_0324080462_financial_secretary","0324080462","uEJyOd7qgV78D4FwldxY","Financial Secretary","2026-07-30T09:16:34.783Z","aULkaZBj96mTJJA33WCQ"
"root","uEJyOd7qgV78D4FwldxY_0324080462_organizing_secretary","0324080462","uEJyOd7qgV78D4FwldxY","Organizing Secretary","2026-07-30T09:16:34.572Z","jzq6QJHHHrq4I6plcR6f"
"root","uEJyOd7qgV78D4FwldxY_0324080462_president","0324080462","uEJyOd7qgV78D4FwldxY","President","2026-07-30T09:16:34.604Z","76eCq35N80Ewv8gfAqMu"
"root","uEJyOd7qgV78D4FwldxY_0324080462_public_relations_officer__pro_","0324080462","uEJyOd7qgV78D4FwldxY","Public Relations Officer (PRO)","2026-07-30T09:16:34.860Z","thKbOAzXKuEAz1M0gSbt"
"root","uEJyOd7qgV78D4FwldxY_0324080462_wocom","0324080462","uEJyOd7qgV78D4FwldxY","WOCOM","2026-07-30T09:16:34.569Z","hPD4KZFlUclOIpUqleHu"
"root","uEJyOd7qgV78D4FwldxY_0324080463__general_secretary","0324080463","uEJyOd7qgV78D4FwldxY"," General Secretary","2026-07-30T18:14:48.206Z","pBjrRt8mjlF9zQlKr2Aj"
"root","uEJyOd7qgV78D4FwldxY_0324080463_financial_secretary","0324080463","uEJyOd7qgV78D4FwldxY","Financial Secretary","2026-07-30T18:14:48.361Z","Q0d5cNcJcATZFh5BU9wD"
"root","uEJyOd7qgV78D4FwldxY_0324080463_organizing_secretary","0324080463","uEJyOd7qgV78D4FwldxY","Organizing Secretary","2026-07-30T18:14:48.267Z","K3sk9qpEv3StHaAjnLf5"
"root","uEJyOd7qgV78D4FwldxY_0324080463_president","0324080463","uEJyOd7qgV78D4FwldxY","President","2026-07-30T18:14:48.329Z","UcC4LHk3FGwINuYmIIRB"
"root","uEJyOd7qgV78D4FwldxY_0324080463_public_relations_officer__pro_","0324080463","uEJyOd7qgV78D4FwldxY","Public Relations Officer (PRO)","2026-07-30T18:14:48.207Z","dTEIa7V5PJrEyYSEudTT"
"root","uEJyOd7qgV78D4FwldxY_0324080463_wocom","0324080463","uEJyOd7qgV78D4FwldxY","WOCOM","2026-07-30T18:14:48.524Z","mwJW33rWu64Mkay9NDp1"
"root","uEJyOd7qgV78D4FwldxY_0324080466__general_secretary","0324080466","uEJyOd7qgV78D4FwldxY"," General Secretary","2026-07-30T19:02:46.342Z","ZiL8BV3VOhTTFp1B0CjR"
"root","uEJyOd7qgV78D4FwldxY_0324080466_financial_secretary","0324080466","uEJyOd7qgV78D4FwldxY","Financial Secretary","2026-07-30T19:02:46.450Z","tWHsHqWYlkFikIQyeYs6"
"root","uEJyOd7qgV78D4FwldxY_0324080466_organizing_secretary","0324080466","uEJyOd7qgV78D4FwldxY","Organizing Secretary","2026-07-30T19:02:46.511Z","AOuVeVpmhSNX8BOJehOP"
"root","uEJyOd7qgV78D4FwldxY_0324080466_president","0324080466","uEJyOd7qgV78D4FwldxY","President","2026-07-30T19:02:46.315Z","2MZiNPZNpnOo2PYiVo4X"
"root","uEJyOd7qgV78D4FwldxY_0324080466_public_relations_officer__pro_","0324080466","uEJyOd7qgV78D4FwldxY","Public Relations Officer (PRO)","2026-07-30T19:02:46.795Z","FmwnRiplOw5xEkDc1kVm"
"root","uEJyOd7qgV78D4FwldxY_0324080466_wocom","0324080466","uEJyOd7qgV78D4FwldxY","WOCOM","2026-07-30T19:02:46.648Z","4gCUy7hUENXxq8eVPsqR"
"root","uEJyOd7qgV78D4FwldxY_0324080473__general_secretary","0324080473","uEJyOd7qgV78D4FwldxY"," General Secretary","2026-07-30T17:40:16.026Z","Ti0Zva2p4cwbZwrFUJiT"
"root","uEJyOd7qgV78D4FwldxY_0324080473_financial_secretary","0324080473","uEJyOd7qgV78D4FwldxY","Financial Secretary","2026-07-30T17:40:15.971Z","BzDmO7nkBLRPWZVH3mVT"
"root","uEJyOd7qgV78D4FwldxY_0324080473_organizing_secretary","0324080473","uEJyOd7qgV78D4FwldxY","Organizing Secretary","2026-07-30T17:40:16.219Z","j14mzO3MALTRI287Inh8"
"root","uEJyOd7qgV78D4FwldxY_0324080473_president","0324080473","uEJyOd7qgV78D4FwldxY","President","2026-07-30T17:40:15.844Z","yMDACgv2EbKlHCu9ZM6v"
"root","uEJyOd7qgV78D4FwldxY_0324080473_public_relations_officer__pro_","0324080473","uEJyOd7qgV78D4FwldxY","Public Relations Officer (PRO)","2026-07-30T17:40:17.554Z","ykqPdjnix4WJp6hNKqpo"
"root","uEJyOd7qgV78D4FwldxY_0324080473_wocom","0324080473","uEJyOd7qgV78D4FwldxY","WOCOM","2026-07-30T17:40:15.897Z","8kgfkf3Pqv4emwCbwAny"
"root","uEJyOd7qgV78D4FwldxY_0324080474__general_secretary","0324080474","uEJyOd7qgV78D4FwldxY"," General Secretary","2026-07-30T18:55:09.742Z","0ajf57BeAeRULgidJkkV"
"root","uEJyOd7qgV78D4FwldxY_0324080474_financial_secretary","0324080474","uEJyOd7qgV78D4FwldxY","Financial Secretary","2026-07-30T18:55:09.836Z","LfZGwwzijvQk1LixRdys"
"root","uEJyOd7qgV78D4FwldxY_0324080474_organizing_secretary","0324080474","uEJyOd7qgV78D4FwldxY","Organizing Secretary","2026-07-30T18:55:09.877Z","qRSzMQ5FOOWqs3AxCRyg"
"root","uEJyOd7qgV78D4FwldxY_0324080474_president","0324080474","uEJyOd7qgV78D4FwldxY","President","2026-07-30T18:55:09.741Z","G4E0JtRPRZ36zJXgcaCU"
"root","uEJyOd7qgV78D4FwldxY_0324080474_public_relations_officer__pro_","0324080474","uEJyOd7qgV78D4FwldxY","Public Relations Officer (PRO)","2026-07-30T18:55:09.697Z","Df8LgJ3c8rq5SYhJm6EK"
"root","uEJyOd7qgV78D4FwldxY_0324080474_wocom","0324080474","uEJyOd7qgV78D4FwldxY","WOCOM","2026-07-30T18:55:09.804Z","KHePFXvZSZc4oHMhvs3h"
"root","uEJyOd7qgV78D4FwldxY_0324080476__general_secretary","0324080476","uEJyOd7qgV78D4FwldxY"," General Secretary","2026-07-30T11:36:02.180Z","bFJZlI82aKJtpd5SVKGm"
"root","uEJyOd7qgV78D4FwldxY_0324080476_financial_secretary","0324080476","uEJyOd7qgV78D4FwldxY","Financial Secretary","2026-07-30T11:36:02.101Z","LaOxf0ykYpF5u1AcTYvO"
"root","uEJyOd7qgV78D4FwldxY_0324080476_organizing_secretary","0324080476","uEJyOd7qgV78D4FwldxY","Organizing Secretary","2026-07-30T11:36:02.090Z","bFV3baVJKfvE4PG4GtMC"
"root","uEJyOd7qgV78D4FwldxY_0324080476_president","0324080476","uEJyOd7qgV78D4FwldxY","President","2026-07-30T11:36:02.106Z","mgOWuNlEQdDqAkeYtFBP"
"root","uEJyOd7qgV78D4FwldxY_0324080484__general_secretary","0324080484","uEJyOd7qgV78D4FwldxY"," General Secretary","2026-07-30T11:26:59.466Z","xiOJnkCIO94W4JugTtWE"
"root","uEJyOd7qgV78D4FwldxY_0324080484_financial_secretary","0324080484","uEJyOd7qgV78D4FwldxY","Financial Secretary","2026-07-30T11:26:59.195Z","mtBQHxmQ5hMCLDLruEi3"
"root","uEJyOd7qgV78D4FwldxY_0324080484_organizing_secretary","0324080484","uEJyOd7qgV78D4FwldxY","Organizing Secretary","2026-07-30T11:26:59.246Z","lvhZPuNVlamK1GsjJuWo"
"root","uEJyOd7qgV78D4FwldxY_0324080484_president","0324080484","uEJyOd7qgV78D4FwldxY","President","2026-07-30T11:26:59.268Z","MjIpU37X8lpTNZAJuQWH"
"root","uEJyOd7qgV78D4FwldxY_0324080484_public_relations_officer__pro_","0324080484","uEJyOd7qgV78D4FwldxY","Public Relations Officer (PRO)","2026-07-30T11:26:59.475Z","n1bEvM14lagHrU2WKNOS"
"root","uEJyOd7qgV78D4FwldxY_0324080484_wocom","0324080484","uEJyOd7qgV78D4FwldxY","WOCOM","2026-07-30T11:26:59.359Z","GsgXm3HRJ2TQ3KXCL0rY"
"root","uEJyOd7qgV78D4FwldxY_0324080487__general_secretary","0324080487","uEJyOd7qgV78D4FwldxY"," General Secretary","2026-07-30T09:29:49.976Z","asTK4fHY1W0s4Rna6qSs"
"root","uEJyOd7qgV78D4FwldxY_0324080487_financial_secretary","0324080487","uEJyOd7qgV78D4FwldxY","Financial Secretary","2026-07-30T09:29:50.022Z","G0Q2KiAJzULiInu5XrhR"
"root","uEJyOd7qgV78D4FwldxY_0324080487_organizing_secretary","0324080487","uEJyOd7qgV78D4FwldxY","Organizing Secretary","2026-07-30T09:29:50.006Z","wHX0HcEPNfBJHjLZ2vnS"
"root","uEJyOd7qgV78D4FwldxY_0324080487_president","0324080487","uEJyOd7qgV78D4FwldxY","President","2026-07-30T09:29:49.994Z","euIpqJuTwxEeIZLYOZfG"
"root","uEJyOd7qgV78D4FwldxY_0324080487_public_relations_officer__pro_","0324080487","uEJyOd7qgV78D4FwldxY","Public Relations Officer (PRO)","2026-07-30T09:29:49.963Z","eNvfZJ3hFw28YNAtmk00"
"root","uEJyOd7qgV78D4FwldxY_0324080487_wocom","0324080487","uEJyOd7qgV78D4FwldxY","WOCOM","2026-07-30T09:29:50.009Z","6iBcZKAELDqbFicUUeh7"
"root","uEJyOd7qgV78D4FwldxY_0324080489__general_secretary","0324080489","uEJyOd7qgV78D4FwldxY"," General Secretary","2026-07-30T21:23:19.806Z","cjzQl47vpHNHesXFWFxB"
"root","uEJyOd7qgV78D4FwldxY_0324080489_financial_secretary","0324080489","uEJyOd7qgV78D4FwldxY","Financial Secretary","2026-07-30T21:23:19.843Z","CGdoeZwbmcCsF9XJVU1c"
"root","uEJyOd7qgV78D4FwldxY_0324080489_organizing_secretary","0324080489","uEJyOd7qgV78D4FwldxY","Organizing Secretary","2026-07-30T21:23:19.665Z","rfea7BbR7YZyPXSBJVzi"
"root","uEJyOd7qgV78D4FwldxY_0324080489_president","0324080489","uEJyOd7qgV78D4FwldxY","President","2026-07-30T21:23:19.719Z","B7wzqiA4UckYFsjG9eb3"
"root","uEJyOd7qgV78D4FwldxY_0324080489_public_relations_officer__pro_","0324080489","uEJyOd7qgV78D4FwldxY","Public Relations Officer (PRO)","2026-07-30T21:23:19.495Z","Y0izM6OZNyBLpNy5nMAw"
"root","uEJyOd7qgV78D4FwldxY_0324080489_wocom","0324080489","uEJyOd7qgV78D4FwldxY","WOCOM","2026-07-30T21:23:19.695Z","wi3zf8CX19rRUXqpZ0he"
"root","uEJyOd7qgV78D4FwldxY_0324080495__general_secretary","0324080495","uEJyOd7qgV78D4FwldxY"," General Secretary","2026-07-30T11:27:40.086Z","JZadyxOW3jXE5kNokyp0"
"root","uEJyOd7qgV78D4FwldxY_0324080495_financial_secretary","0324080495","uEJyOd7qgV78D4FwldxY","Financial Secretary","2026-07-30T11:27:40.167Z","BoA3eiOHWx1Xb9vBqRwA"
"root","uEJyOd7qgV78D4FwldxY_0324080495_organizing_secretary","0324080495","uEJyOd7qgV78D4FwldxY","Organizing Secretary","2026-07-30T11:27:40.354Z","QZEHiByOnruD6UR8ICxq"
"root","uEJyOd7qgV78D4FwldxY_0324080495_president","0324080495","uEJyOd7qgV78D4FwldxY","President","2026-07-30T11:27:40.124Z","TP2nA06r6RgHtDwkWAUc"
"root","uEJyOd7qgV78D4FwldxY_0324080495_public_relations_officer__pro_","0324080495","uEJyOd7qgV78D4FwldxY","Public Relations Officer (PRO)","2026-07-30T11:27:40.357Z","x20WS9w8A2IfG2TO9Q33"
"root","uEJyOd7qgV78D4FwldxY_0324080495_wocom","0324080495","uEJyOd7qgV78D4FwldxY","WOCOM","2026-07-30T11:27:40.417Z","FjQL2k7s7Ey2QxdTdWgv"
"root","uEJyOd7qgV78D4FwldxY_0324080497__general_secretary","0324080497","uEJyOd7qgV78D4FwldxY"," General Secretary","2026-07-30T18:30:25.919Z","H88B1ZXM3XuSEf44zwLC"
"root","uEJyOd7qgV78D4FwldxY_0324080497_financial_secretary","0324080497","uEJyOd7qgV78D4FwldxY","Financial Secretary","2026-07-30T18:30:26.110Z","mkbLzd7QJtavye11EGcg"
"root","uEJyOd7qgV78D4FwldxY_0324080497_organizing_secretary","0324080497","uEJyOd7qgV78D4FwldxY","Organizing Secretary","2026-07-30T18:30:25.892Z","dHRD2BYaB1aHa7f3yv8q"
"root","uEJyOd7qgV78D4FwldxY_0324080497_president","0324080497","uEJyOd7qgV78D4FwldxY","President","2026-07-30T18:30:26.090Z","ou6mMsUyUNjV7p1UDwDi"
"root","uEJyOd7qgV78D4FwldxY_0324080497_public_relations_officer__pro_","0324080497","uEJyOd7qgV78D4FwldxY","Public Relations Officer (PRO)","2026-07-30T18:30:25.904Z","i2qwHHHpstORE1zycopN"
"root","uEJyOd7qgV78D4FwldxY_0324080497_wocom","0324080497","uEJyOd7qgV78D4FwldxY","WOCOM","2026-07-30T18:30:25.998Z","xHFAJCAVXNkpW14oNzDe"
"root","uEJyOd7qgV78D4FwldxY_0324080502__general_secretary","0324080502","uEJyOd7qgV78D4FwldxY"," General Secretary","2026-07-30T11:38:16.235Z","npdjDVDFo5bdrBPdPKx6"
"root","uEJyOd7qgV78D4FwldxY_0324080502_financial_secretary","0324080502","uEJyOd7qgV78D4FwldxY","Financial Secretary","2026-07-30T11:38:16.210Z","4fw4qpWSXLtZW7wUEV7i"
"root","uEJyOd7qgV78D4FwldxY_0324080502_organizing_secretary","0324080502","uEJyOd7qgV78D4FwldxY","Organizing Secretary","2026-07-30T11:38:16.311Z","V0luImBqYLEMnecCJMfN"
"root","uEJyOd7qgV78D4FwldxY_0324080502_president","0324080502","uEJyOd7qgV78D4FwldxY","President","2026-07-30T11:38:16.187Z","0x98lwRxJjHdB9AoAb29"
"root","uEJyOd7qgV78D4FwldxY_0324080502_public_relations_officer__pro_","0324080502","uEJyOd7qgV78D4FwldxY","Public Relations Officer (PRO)","2026-07-30T11:38:16.309Z","inUZYsEvcVvoVQLcsCu4"
"root","uEJyOd7qgV78D4FwldxY_0324080502_wocom","0324080502","uEJyOd7qgV78D4FwldxY","WOCOM","2026-07-30T11:38:16.216Z","T0XKu7PMjeKzmpQRJCPD"
"root","uEJyOd7qgV78D4FwldxY_0324080504__general_secretary","0324080504","uEJyOd7qgV78D4FwldxY"," General Secretary","2026-07-30T20:07:35.069Z","J3rg4DTuyW35VXUF71AN"
"root","uEJyOd7qgV78D4FwldxY_0324080504_financial_secretary","0324080504","uEJyOd7qgV78D4FwldxY","Financial Secretary","2026-07-30T20:07:35.131Z","GR45U4200W0ykmg6nlBq"
"root","uEJyOd7qgV78D4FwldxY_0324080504_organizing_secretary","0324080504","uEJyOd7qgV78D4FwldxY","Organizing Secretary","2026-07-30T20:07:35.009Z","UIbItXWt08FsF8c5NVl8"
"root","uEJyOd7qgV78D4FwldxY_0324080504_president","0324080504","uEJyOd7qgV78D4FwldxY","President","2026-07-30T20:07:35.158Z","LF73vzKxthW7vkwO448B"
"root","uEJyOd7qgV78D4FwldxY_0324080504_public_relations_officer__pro_","0324080504","uEJyOd7qgV78D4FwldxY","Public Relations Officer (PRO)","2026-07-30T20:07:35.132Z","s2JSiSwugYG5vEogUbBP"
"root","uEJyOd7qgV78D4FwldxY_0324080504_wocom","0324080504","uEJyOd7qgV78D4FwldxY","WOCOM","2026-07-30T20:07:35.049Z","pXXzaPNjA1sAKlOk6Bwv"
"root","uEJyOd7qgV78D4FwldxY_0324080511__general_secretary","0324080511","uEJyOd7qgV78D4FwldxY"," General Secretary","2026-07-30T17:50:21.057Z","HgXHWWZ8A0i4pIKY3Phd"
"root","uEJyOd7qgV78D4FwldxY_0324080511_financial_secretary","0324080511","uEJyOd7qgV78D4FwldxY","Financial Secretary","2026-07-30T17:50:21.107Z","woMXzbjX6McxGP0WhcWf"
"root","uEJyOd7qgV78D4FwldxY_0324080511_organizing_secretary","0324080511","uEJyOd7qgV78D4FwldxY","Organizing Secretary","2026-07-30T17:50:21.109Z","ZClsmoIRcfuuMID87vuN"
"root","uEJyOd7qgV78D4FwldxY_0324080511_president","0324080511","uEJyOd7qgV78D4FwldxY","President","2026-07-30T17:50:21.149Z","phsadKAD8cUeEuyCQdhP"
"root","uEJyOd7qgV78D4FwldxY_0324080511_public_relations_officer__pro_","0324080511","uEJyOd7qgV78D4FwldxY","Public Relations Officer (PRO)","2026-07-30T17:50:21.119Z","KOONAY9bdOIxixphGCC4"
"root","uEJyOd7qgV78D4FwldxY_0324080511_wocom","0324080511","uEJyOd7qgV78D4FwldxY","WOCOM","2026-07-30T17:50:21.276Z","yBEOFhHFl0L78ZYRpBrg"
"root","uEJyOd7qgV78D4FwldxY_0324080512__general_secretary","0324080512","uEJyOd7qgV78D4FwldxY"," General Secretary","2026-07-30T18:32:38.895Z","NP3fEFhGhDdA3Nqi7f6g"
"root","uEJyOd7qgV78D4FwldxY_0324080512_financial_secretary","0324080512","uEJyOd7qgV78D4FwldxY","Financial Secretary","2026-07-30T18:32:38.949Z","rHtlp7PU3nAbOK6uabaB"
"root","uEJyOd7qgV78D4FwldxY_0324080512_organizing_secretary","0324080512","uEJyOd7qgV78D4FwldxY","Organizing Secretary","2026-07-30T18:32:38.890Z","82CpOTRPqPG2d97zrYlW"
"root","uEJyOd7qgV78D4FwldxY_0324080512_president","0324080512","uEJyOd7qgV78D4FwldxY","President","2026-07-30T18:32:38.940Z","FeUOKOPrG7AP1xzlY6cg"
"root","uEJyOd7qgV78D4FwldxY_0324080512_public_relations_officer__pro_","0324080512","uEJyOd7qgV78D4FwldxY","Public Relations Officer (PRO)","2026-07-30T18:32:38.891Z","IvSIYgx79bqBQTycTys1"
"root","uEJyOd7qgV78D4FwldxY_0324080512_wocom","0324080512","uEJyOd7qgV78D4FwldxY","WOCOM","2026-07-30T18:32:38.920Z","Or4wKMcoGcSODl44VrMY"
"root","uEJyOd7qgV78D4FwldxY_0324080515__general_secretary","0324080515","uEJyOd7qgV78D4FwldxY"," General Secretary","2026-07-30T17:52:03.467Z","s8KhlFWknj2hLAzOIbK2"
"root","uEJyOd7qgV78D4FwldxY_0324080515_financial_secretary","0324080515","uEJyOd7qgV78D4FwldxY","Financial Secretary","2026-07-30T17:52:03.609Z","sCVYEIkBc8JQdhUeBjMl"
"root","uEJyOd7qgV78D4FwldxY_0324080515_organizing_secretary","0324080515","uEJyOd7qgV78D4FwldxY","Organizing Secretary","2026-07-30T17:52:03.394Z","xkPpC5F0MGaoL5AuE7mV"
"root","uEJyOd7qgV78D4FwldxY_0324080515_president","0324080515","uEJyOd7qgV78D4FwldxY","President","2026-07-30T17:52:03.377Z","brrhiMkMPz4hD4OcDxMQ"
"root","uEJyOd7qgV78D4FwldxY_0324080515_wocom","0324080515","uEJyOd7qgV78D4FwldxY","WOCOM","2026-07-30T17:52:03.465Z","XjyBd2D7YphywiJCiRBg"
"root","uEJyOd7qgV78D4FwldxY_0324080516__general_secretary","0324080516","uEJyOd7qgV78D4FwldxY"," General Secretary","2026-07-30T17:38:25.248Z","7wJjoTaY3YHFt9z5Xhoy"
"root","uEJyOd7qgV78D4FwldxY_0324080516_financial_secretary","0324080516","uEJyOd7qgV78D4FwldxY","Financial Secretary","2026-07-30T17:38:25.061Z","COZ770ucQWploLrJA8o7"
"root","uEJyOd7qgV78D4FwldxY_0324080516_organizing_secretary","0324080516","uEJyOd7qgV78D4FwldxY","Organizing Secretary","2026-07-30T17:38:23.503Z","eBnIgLhohDC4VK1yoUuT"
"root","uEJyOd7qgV78D4FwldxY_0324080516_president","0324080516","uEJyOd7qgV78D4FwldxY","President","2026-07-30T17:38:25.157Z","ps1mmr7QOMFW4UoBuebF"
"root","uEJyOd7qgV78D4FwldxY_0324080516_public_relations_officer__pro_","0324080516","uEJyOd7qgV78D4FwldxY","Public Relations Officer (PRO)","2026-07-30T17:38:25.357Z","qfpYS8pqy5rAIM4sGuRu"
"root","uEJyOd7qgV78D4FwldxY_0324080516_wocom","0324080516","uEJyOd7qgV78D4FwldxY","WOCOM","2026-07-30T17:38:23.172Z","IrXYDdjObgiAt1yUs6Xh"
"root","uEJyOd7qgV78D4FwldxY_0324080517__general_secretary","0324080517","uEJyOd7qgV78D4FwldxY"," General Secretary","2026-07-30T09:29:10.735Z","gWtTDiA4isnTAkWt0TsB"
"root","uEJyOd7qgV78D4FwldxY_0324080517_financial_secretary","0324080517","uEJyOd7qgV78D4FwldxY","Financial Secretary","2026-07-30T09:29:10.649Z","YAOEcSKwqwXQqC0s3BZ1"
"root","uEJyOd7qgV78D4FwldxY_0324080517_organizing_secretary","0324080517","uEJyOd7qgV78D4FwldxY","Organizing Secretary","2026-07-30T09:29:10.636Z","ok79KRV89pprP2fHrSLj"
"root","uEJyOd7qgV78D4FwldxY_0324080517_president","0324080517","uEJyOd7qgV78D4FwldxY","President","2026-07-30T09:29:10.622Z","OUfb56M6Wqzksj2z6IIz"
"root","uEJyOd7qgV78D4FwldxY_0324080517_wocom","0324080517","uEJyOd7qgV78D4FwldxY","WOCOM","2026-07-30T09:29:10.642Z","RcB34pqZNM1gdKmubVCo"
"root","uEJyOd7qgV78D4FwldxY_0324080518__general_secretary","0324080518","uEJyOd7qgV78D4FwldxY"," General Secretary","2026-07-30T09:22:19.710Z","nsmkGeEFm9HPBDR2KNx2"
"root","uEJyOd7qgV78D4FwldxY_0324080518_financial_secretary","0324080518","uEJyOd7qgV78D4FwldxY","Financial Secretary","2026-07-30T09:22:19.730Z","td2jjc7w1ArK1ZsmyJV6"
"root","uEJyOd7qgV78D4FwldxY_0324080518_organizing_secretary","0324080518","uEJyOd7qgV78D4FwldxY","Organizing Secretary","2026-07-30T09:22:19.817Z","ZNzDXSDddW01wD2YoDLl"
"root","uEJyOd7qgV78D4FwldxY_0324080518_president","0324080518","uEJyOd7qgV78D4FwldxY","President","2026-07-30T09:22:19.753Z","WaUOwnCZgAtIIb3kx8ay"
"root","uEJyOd7qgV78D4FwldxY_0324080518_public_relations_officer__pro_","0324080518","uEJyOd7qgV78D4FwldxY","Public Relations Officer (PRO)","2026-07-30T09:22:19.808Z","mK5nWu6701yOx2e2P0ST"
"root","uEJyOd7qgV78D4FwldxY_0324080518_wocom","0324080518","uEJyOd7qgV78D4FwldxY","WOCOM","2026-07-30T09:22:19.783Z","jdzJdtJ7fKwCG8uSdaeI"
"root","uEJyOd7qgV78D4FwldxY_0324080519__general_secretary","0324080519","uEJyOd7qgV78D4FwldxY"," General Secretary","2026-07-30T11:06:42.870Z","SL5fPltHIViAQJvp01lm"
"root","uEJyOd7qgV78D4FwldxY_0324080519_financial_secretary","0324080519","uEJyOd7qgV78D4FwldxY","Financial Secretary","2026-07-30T11:06:42.718Z","4hAtIS9tu24TdgrxY6Zj"
"root","uEJyOd7qgV78D4FwldxY_0324080519_organizing_secretary","0324080519","uEJyOd7qgV78D4FwldxY","Organizing Secretary","2026-07-30T11:06:42.807Z","queA6OJJKlpaEFxlf4EV"
"root","uEJyOd7qgV78D4FwldxY_0324080519_president","0324080519","uEJyOd7qgV78D4FwldxY","President","2026-07-30T11:06:42.772Z","86PPicD0yWzkuYFDnMRH"
"root","uEJyOd7qgV78D4FwldxY_0324080519_public_relations_officer__pro_","0324080519","uEJyOd7qgV78D4FwldxY","Public Relations Officer (PRO)","2026-07-30T11:06:42.812Z","n3P3AqsdqHJM6c5rw7um"
"root","uEJyOd7qgV78D4FwldxY_0324080519_wocom","0324080519","uEJyOd7qgV78D4FwldxY","WOCOM","2026-07-30T11:06:42.858Z","Ze1u3RwtFJtCpMvEi6U4"
"root","uEJyOd7qgV78D4FwldxY_0324080521__general_secretary","0324080521","uEJyOd7qgV78D4FwldxY"," General Secretary","2026-07-30T19:40:09.796Z","UbrYquNVFmWss6PZj8GB"
"root","uEJyOd7qgV78D4FwldxY_0324080521_financial_secretary","0324080521","uEJyOd7qgV78D4FwldxY","Financial Secretary","2026-07-30T19:40:10.002Z","ha6T2pUYRfM8fx7bppF6"
"root","uEJyOd7qgV78D4FwldxY_0324080521_organizing_secretary","0324080521","uEJyOd7qgV78D4FwldxY","Organizing Secretary","2026-07-30T19:40:09.920Z","GrDcPxnQKEiWS0ktbaGr"
"root","uEJyOd7qgV78D4FwldxY_0324080521_president","0324080521","uEJyOd7qgV78D4FwldxY","President","2026-07-30T19:40:10.148Z","MvZg05TgQTP1938CVuX6"
"root","uEJyOd7qgV78D4FwldxY_0324080521_public_relations_officer__pro_","0324080521","uEJyOd7qgV78D4FwldxY","Public Relations Officer (PRO)","2026-07-30T19:40:09.703Z","5Ujmu2Neq0DG8pt6B9nl"
"root","uEJyOd7qgV78D4FwldxY_0324080521_wocom","0324080521","uEJyOd7qgV78D4FwldxY","WOCOM","2026-07-30T19:40:09.839Z","grT7XUCMHNJGSaR7Ionf"
"root","uEJyOd7qgV78D4FwldxY_0324080522__general_secretary","0324080522","uEJyOd7qgV78D4FwldxY"," General Secretary","2026-07-30T09:25:56.241Z","fF2tPk1WX1VhJkwyhsq7"
"root","uEJyOd7qgV78D4FwldxY_0324080522_financial_secretary","0324080522","uEJyOd7qgV78D4FwldxY","Financial Secretary","2026-07-30T09:25:56.191Z","4SmBzS3dxielwytj2Yad"
"root","uEJyOd7qgV78D4FwldxY_0324080522_organizing_secretary","0324080522","uEJyOd7qgV78D4FwldxY","Organizing Secretary","2026-07-30T09:25:56.248Z","s4dvXQVR8JvQDjXTdBPw"
"root","uEJyOd7qgV78D4FwldxY_0324080522_president","0324080522","uEJyOd7qgV78D4FwldxY","President","2026-07-30T09:25:56.264Z","GQNStcFZHKuMKleyRVnc"
"root","uEJyOd7qgV78D4FwldxY_0324080522_public_relations_officer__pro_","0324080522","uEJyOd7qgV78D4FwldxY","Public Relations Officer (PRO)","2026-07-30T09:25:56.412Z","HzONkEex2w1fpENDMDD5"
"root","uEJyOd7qgV78D4FwldxY_0324080522_wocom","0324080522","uEJyOd7qgV78D4FwldxY","WOCOM","2026-07-30T09:25:56.224Z","TzGkWdRjDxonZ1CKIfsX"
"root","uEJyOd7qgV78D4FwldxY_0324080523__general_secretary","0324080523","uEJyOd7qgV78D4FwldxY"," General Secretary","2026-07-30T20:46:07.280Z","T2PsIhjpPWeHlUDIyMlr"
"root","uEJyOd7qgV78D4FwldxY_0324080523_financial_secretary","0324080523","uEJyOd7qgV78D4FwldxY","Financial Secretary","2026-07-30T20:46:07.104Z","QnSTcOCcslVdVhwxcwJg"
"root","uEJyOd7qgV78D4FwldxY_0324080523_organizing_secretary","0324080523","uEJyOd7qgV78D4FwldxY","Organizing Secretary","2026-07-30T20:46:07.247Z","PDC1sVhQ1Ms8maWGAlf7"
"root","uEJyOd7qgV78D4FwldxY_0324080523_president","0324080523","uEJyOd7qgV78D4FwldxY","President","2026-07-30T20:46:07.080Z","bwdC49xugiH3cvRwQEX8"
"root","uEJyOd7qgV78D4FwldxY_0324080523_public_relations_officer__pro_","0324080523","uEJyOd7qgV78D4FwldxY","Public Relations Officer (PRO)","2026-07-30T20:46:07.198Z","BH544knDaQM8dcpp59ID"
"root","uEJyOd7qgV78D4FwldxY_0324080523_wocom","0324080523","uEJyOd7qgV78D4FwldxY","WOCOM","2026-07-30T20:46:07.189Z","61tV5joQQ8FQPIfo05o1"
"root","uEJyOd7qgV78D4FwldxY_0324080524__general_secretary","0324080524","uEJyOd7qgV78D4FwldxY"," General Secretary","2026-07-30T09:26:25.687Z","AGh9VjADPmHN8wopAG9N"
"root","uEJyOd7qgV78D4FwldxY_0324080524_financial_secretary","0324080524","uEJyOd7qgV78D4FwldxY","Financial Secretary","2026-07-30T09:26:25.501Z","rOhftqKs1GxGgVwAzyPH"
"root","uEJyOd7qgV78D4FwldxY_0324080524_organizing_secretary","0324080524","uEJyOd7qgV78D4FwldxY","Organizing Secretary","2026-07-30T09:26:25.552Z","s22CLWaY6nGx6Aa98kgb"
"root","uEJyOd7qgV78D4FwldxY_0324080524_president","0324080524","uEJyOd7qgV78D4FwldxY","President","2026-07-30T09:26:25.484Z","gB7EWUnzC5Yp8rnV4Zwr"
"root","uEJyOd7qgV78D4FwldxY_0324080524_public_relations_officer__pro_","0324080524","uEJyOd7qgV78D4FwldxY","Public Relations Officer (PRO)","2026-07-30T09:26:25.456Z","qexByZpxR58wMQovqpxv"
"root","uEJyOd7qgV78D4FwldxY_0324080524_wocom","0324080524","uEJyOd7qgV78D4FwldxY","WOCOM","2026-07-30T09:26:25.547Z","laDESZ79pBrQ4OcFrc4Z"
"root","uEJyOd7qgV78D4FwldxY_0324080526__general_secretary","0324080526","uEJyOd7qgV78D4FwldxY"," General Secretary","2026-07-30T20:53:47.538Z","fCbiz83bIKaMG9LjBFo8"
"root","uEJyOd7qgV78D4FwldxY_0324080526_financial_secretary","0324080526","uEJyOd7qgV78D4FwldxY","Financial Secretary","2026-07-30T20:53:47.474Z","ILPpFlCxdj1O5kRTcg8A"
"root","uEJyOd7qgV78D4FwldxY_0324080526_organizing_secretary","0324080526","uEJyOd7qgV78D4FwldxY","Organizing Secretary","2026-07-30T20:53:47.600Z","ZbYq8ouDlwyWeJCK0flx"
"root","uEJyOd7qgV78D4FwldxY_0324080526_president","0324080526","uEJyOd7qgV78D4FwldxY","President","2026-07-30T20:53:47.603Z","xHmdR6Z3lgHIsLAxHSz0"
"root","uEJyOd7qgV78D4FwldxY_0324080526_public_relations_officer__pro_","0324080526","uEJyOd7qgV78D4FwldxY","Public Relations Officer (PRO)","2026-07-30T20:53:47.549Z","nubxPXu7MskZKZRADguh"
"root","uEJyOd7qgV78D4FwldxY_0324080526_wocom","0324080526","uEJyOd7qgV78D4FwldxY","WOCOM","2026-07-30T20:53:47.575Z","0prSKbWMqCntjQqoaS2W"
"root","uEJyOd7qgV78D4FwldxY_0324080527__general_secretary","0324080527","uEJyOd7qgV78D4FwldxY"," General Secretary","2026-07-30T19:49:59.705Z","aGf9FKyR4L4esfPtCwCn"
"root","uEJyOd7qgV78D4FwldxY_0324080527_financial_secretary","0324080527","uEJyOd7qgV78D4FwldxY","Financial Secretary","2026-07-30T19:49:59.766Z","tT6tmPWuyaDnwovLELit"
"root","uEJyOd7qgV78D4FwldxY_0324080527_organizing_secretary","0324080527","uEJyOd7qgV78D4FwldxY","Organizing Secretary","2026-07-30T19:49:59.666Z","zBuinNxMIdHDOc7nOMxn"
"root","uEJyOd7qgV78D4FwldxY_0324080527_president","0324080527","uEJyOd7qgV78D4FwldxY","President","2026-07-30T19:49:59.683Z","1sGAA0CM7Ln6yd71o7d2"
"root","uEJyOd7qgV78D4FwldxY_0324080527_public_relations_officer__pro_","0324080527","uEJyOd7qgV78D4FwldxY","Public Relations Officer (PRO)","2026-07-30T19:49:59.642Z","hhunQfaUlEoyzQJLnERh"
"root","uEJyOd7qgV78D4FwldxY_0324080527_wocom","0324080527","uEJyOd7qgV78D4FwldxY","WOCOM","2026-07-30T19:49:59.787Z","HcNMdmnBxdDb4gG2qo26"
"root","uEJyOd7qgV78D4FwldxY_0324080528__general_secretary","0324080528","uEJyOd7qgV78D4FwldxY"," General Secretary","2026-07-30T17:41:42.916Z","FQzNzgm7vH2R2CUu5zE2"
"root","uEJyOd7qgV78D4FwldxY_0324080528_financial_secretary","0324080528","uEJyOd7qgV78D4FwldxY","Financial Secretary","2026-07-30T17:41:42.791Z","ZHpaelMX9UJD0OKUpswF"
"root","uEJyOd7qgV78D4FwldxY_0324080528_organizing_secretary","0324080528","uEJyOd7qgV78D4FwldxY","Organizing Secretary","2026-07-30T17:41:42.560Z","f6QuwkEiC5SOsXTDC8uT"
"root","uEJyOd7qgV78D4FwldxY_0324080528_president","0324080528","uEJyOd7qgV78D4FwldxY","President","2026-07-30T17:41:42.882Z","AvfeW5TG1NzbknM7J2XY"
"root","uEJyOd7qgV78D4FwldxY_0324080528_public_relations_officer__pro_","0324080528","uEJyOd7qgV78D4FwldxY","Public Relations Officer (PRO)","2026-07-30T17:41:42.512Z","sEZKSA7wwkyQMc2BArRR"
"root","uEJyOd7qgV78D4FwldxY_0324080528_wocom","0324080528","uEJyOd7qgV78D4FwldxY","WOCOM","2026-07-30T17:41:42.562Z","UVJHJxYgPfwwNhpJ2wvn"
"root","uEJyOd7qgV78D4FwldxY_0324080530__general_secretary","0324080530","uEJyOd7qgV78D4FwldxY"," General Secretary","2026-07-30T11:31:12.589Z","nEHEa1V3w4V5UvNqF4ip"
"root","uEJyOd7qgV78D4FwldxY_0324080530_financial_secretary","0324080530","uEJyOd7qgV78D4FwldxY","Financial Secretary","2026-07-30T11:31:12.702Z","UsJYK3TvRGwIrJPaP04v"
"root","uEJyOd7qgV78D4FwldxY_0324080530_organizing_secretary","0324080530","uEJyOd7qgV78D4FwldxY","Organizing Secretary","2026-07-30T11:31:12.590Z","q5wvuyG3V9rUcAWv4e9V"
"root","uEJyOd7qgV78D4FwldxY_0324080530_president","0324080530","uEJyOd7qgV78D4FwldxY","President","2026-07-30T11:31:12.683Z","QbRJq6KamVSeiOvc8f13"
"root","uEJyOd7qgV78D4FwldxY_0324080530_public_relations_officer__pro_","0324080530","uEJyOd7qgV78D4FwldxY","Public Relations Officer (PRO)","2026-07-30T11:31:12.730Z","lY3UQYZTbWmMuvTHte9P"
"root","uEJyOd7qgV78D4FwldxY_0324080530_wocom","0324080530","uEJyOd7qgV78D4FwldxY","WOCOM","2026-07-30T11:31:12.525Z","BOkz6JYJpmCUZQDsGIi8"
"root","uEJyOd7qgV78D4FwldxY_0324080532__general_secretary","0324080532","uEJyOd7qgV78D4FwldxY"," General Secretary","2026-07-30T09:26:55.320Z","OvqxK6uyreCGXVXweVBY"
"root","uEJyOd7qgV78D4FwldxY_0324080532_president","0324080532","uEJyOd7qgV78D4FwldxY","President","2026-07-30T09:26:55.468Z","hvTjTEJvZGKcSSX6ptkd"
"root","uEJyOd7qgV78D4FwldxY_0324080532_public_relations_officer__pro_","0324080532","uEJyOd7qgV78D4FwldxY","Public Relations Officer (PRO)","2026-07-30T09:26:55.312Z","dLAWr7HplwyrwodHvHdg"
"root","uEJyOd7qgV78D4FwldxY_0324080532_wocom","0324080532","uEJyOd7qgV78D4FwldxY","WOCOM","2026-07-30T09:26:55.305Z","gq7GSTu4GPMtwBlNgGm2"
"root","uEJyOd7qgV78D4FwldxY_0324080539__general_secretary","0324080539","uEJyOd7qgV78D4FwldxY"," General Secretary","2026-07-30T09:05:41.397Z","auJgB9ncRcFvUXcDmrHB"
"root","uEJyOd7qgV78D4FwldxY_0324080539_financial_secretary","0324080539","uEJyOd7qgV78D4FwldxY","Financial Secretary","2026-07-30T09:05:41.410Z","F6JzIl1cV4hwZ7shP4h3"
"root","uEJyOd7qgV78D4FwldxY_0324080539_organizing_secretary","0324080539","uEJyOd7qgV78D4FwldxY","Organizing Secretary","2026-07-30T09:05:41.813Z","ysT7JyBGZgs2I2D2RREP"
"root","uEJyOd7qgV78D4FwldxY_0324080539_president","0324080539","uEJyOd7qgV78D4FwldxY","President","2026-07-30T09:05:41.485Z","yLDRmudqRNvCyROySwq9"
"root","uEJyOd7qgV78D4FwldxY_0324080539_public_relations_officer__pro_","0324080539","uEJyOd7qgV78D4FwldxY","Public Relations Officer (PRO)","2026-07-30T09:05:41.495Z","YFqMmJZd3rJuIbmyHPJQ"
"root","uEJyOd7qgV78D4FwldxY_0324080539_wocom","0324080539","uEJyOd7qgV78D4FwldxY","WOCOM","2026-07-30T09:05:41.673Z","S094y0juvfnFvDXwr6Jw"
"root","uEJyOd7qgV78D4FwldxY_0324080545__general_secretary","0324080545","uEJyOd7qgV78D4FwldxY"," General Secretary","2026-07-30T11:28:42.223Z","9vWjGgTcTcqRIoONL881"
"root","uEJyOd7qgV78D4FwldxY_0324080545_financial_secretary","0324080545","uEJyOd7qgV78D4FwldxY","Financial Secretary","2026-07-30T11:28:42.248Z","IyndAmUW6FGGFx6RMiMk"
"root","uEJyOd7qgV78D4FwldxY_0324080545_organizing_secretary","0324080545","uEJyOd7qgV78D4FwldxY","Organizing Secretary","2026-07-30T11:28:42.012Z","8rSVL4nPJHLGgl9YhVbO"
"root","uEJyOd7qgV78D4FwldxY_0324080545_president","0324080545","uEJyOd7qgV78D4FwldxY","President","2026-07-30T11:28:42.158Z","JayL78AreuPqEsL2VA6T"
"root","uEJyOd7qgV78D4FwldxY_0324080545_public_relations_officer__pro_","0324080545","uEJyOd7qgV78D4FwldxY","Public Relations Officer (PRO)","2026-07-30T11:28:42.151Z","HssYKkwKOvewtbJxccG0"
"root","uEJyOd7qgV78D4FwldxY_0324080545_wocom","0324080545","uEJyOd7qgV78D4FwldxY","WOCOM","2026-07-30T11:28:42.377Z","yfF3tXeG2amZuhefLpZH"
"root","uEJyOd7qgV78D4FwldxY_0324080547__general_secretary","0324080547","uEJyOd7qgV78D4FwldxY"," General Secretary","2026-07-30T11:10:10.090Z","Dh73BEBRZZ9F03c7GKb2"
"root","uEJyOd7qgV78D4FwldxY_0324080547_financial_secretary","0324080547","uEJyOd7qgV78D4FwldxY","Financial Secretary","2026-07-30T11:10:10.056Z","DTXwVzaTKengjHQweQOs"
"root","uEJyOd7qgV78D4FwldxY_0324080547_organizing_secretary","0324080547","uEJyOd7qgV78D4FwldxY","Organizing Secretary","2026-07-30T11:10:10.046Z","HbLbvQV8Pz0WzZRfpD1N"
"root","uEJyOd7qgV78D4FwldxY_0324080547_president","0324080547","uEJyOd7qgV78D4FwldxY","President","2026-07-30T11:10:10.051Z","TEjQB7CnQ8l6IsVimUrB"
"root","uEJyOd7qgV78D4FwldxY_0324080547_wocom","0324080547","uEJyOd7qgV78D4FwldxY","WOCOM","2026-07-30T11:10:10.195Z","11uYYiPMZ4CBoSAKxvGb"
"root","uEJyOd7qgV78D4FwldxY_0324080551__general_secretary","0324080551","uEJyOd7qgV78D4FwldxY"," General Secretary","2026-07-30T09:10:51.245Z","sQuuuZnBgP9kXAYI9YCX"
"root","uEJyOd7qgV78D4FwldxY_0324080551_financial_secretary","0324080551","uEJyOd7qgV78D4FwldxY","Financial Secretary","2026-07-30T09:10:51.215Z","hal3gdsp53E8MYa68bBP"
"root","uEJyOd7qgV78D4FwldxY_0324080551_organizing_secretary","0324080551","uEJyOd7qgV78D4FwldxY","Organizing Secretary","2026-07-30T09:10:51.307Z","Gxgflr438mgzMeb7hncw"
"root","uEJyOd7qgV78D4FwldxY_0324080551_president","0324080551","uEJyOd7qgV78D4FwldxY","President","2026-07-30T09:10:51.339Z","oESv1JPVtc4xOy5kANdJ"
"root","uEJyOd7qgV78D4FwldxY_0324080551_public_relations_officer__pro_","0324080551","uEJyOd7qgV78D4FwldxY","Public Relations Officer (PRO)","2026-07-30T09:10:51.171Z","ESEMdUgOikBLtfqd7v67"
"root","uEJyOd7qgV78D4FwldxY_0324080552__general_secretary","0324080552","uEJyOd7qgV78D4FwldxY"," General Secretary","2026-07-30T20:41:14.341Z","g02cziMZ5ofeTNvngKXI"
"root","uEJyOd7qgV78D4FwldxY_0324080552_financial_secretary","0324080552","uEJyOd7qgV78D4FwldxY","Financial Secretary","2026-07-30T20:41:14.420Z","Si98W87iD62qt91b97s1"
"root","uEJyOd7qgV78D4FwldxY_0324080552_organizing_secretary","0324080552","uEJyOd7qgV78D4FwldxY","Organizing Secretary","2026-07-30T20:41:14.379Z","51RB7USnnjxoZluZLKUy"
"root","uEJyOd7qgV78D4FwldxY_0324080552_president","0324080552","uEJyOd7qgV78D4FwldxY","President","2026-07-30T20:41:14.181Z","TVxnCoAJGEUfJqs3sTsG"
"root","uEJyOd7qgV78D4FwldxY_0324080552_wocom","0324080552","uEJyOd7qgV78D4FwldxY","WOCOM","2026-07-30T20:41:14.274Z","NFQJvfSMW2SEsFONbCzQ"
"root","uEJyOd7qgV78D4FwldxY_0324080553__general_secretary","0324080553","uEJyOd7qgV78D4FwldxY"," General Secretary","2026-07-30T21:09:00.754Z","H5cB9KmQP8PzHCEWioKw"
"root","uEJyOd7qgV78D4FwldxY_0324080553_financial_secretary","0324080553","uEJyOd7qgV78D4FwldxY","Financial Secretary","2026-07-30T21:09:00.742Z","PQ4zKon04KjGiIyNPLA6"
"root","uEJyOd7qgV78D4FwldxY_0324080553_organizing_secretary","0324080553","uEJyOd7qgV78D4FwldxY","Organizing Secretary","2026-07-30T21:09:00.823Z","fFulkIruk2c6GRE51pDT"
"root","uEJyOd7qgV78D4FwldxY_0324080553_president","0324080553","uEJyOd7qgV78D4FwldxY","President","2026-07-30T21:09:00.845Z","zhRgnNePFQa4XbDvnyzR"
"root","uEJyOd7qgV78D4FwldxY_0324080553_public_relations_officer__pro_","0324080553","uEJyOd7qgV78D4FwldxY","Public Relations Officer (PRO)","2026-07-30T21:09:00.766Z","Y8U9XECuCLUNnRAH5sdO"
"root","uEJyOd7qgV78D4FwldxY_0324080553_wocom","0324080553","uEJyOd7qgV78D4FwldxY","WOCOM","2026-07-30T21:09:00.760Z","FPMQFCIDKLq2EktIa6uc"
"root","uEJyOd7qgV78D4FwldxY_0324080557__general_secretary","0324080557","uEJyOd7qgV78D4FwldxY"," General Secretary","2026-07-30T09:09:22.556Z","7RLMkNfF8RtNgIxsR5UC"
"root","uEJyOd7qgV78D4FwldxY_0324080557_financial_secretary","0324080557","uEJyOd7qgV78D4FwldxY","Financial Secretary","2026-07-30T09:09:22.569Z","JbcrdQf2FH9HnhvFcgxZ"
"root","uEJyOd7qgV78D4FwldxY_0324080557_organizing_secretary","0324080557","uEJyOd7qgV78D4FwldxY","Organizing Secretary","2026-07-30T09:09:22.610Z","Mx0TGQ2DVel4WVOrRl40"
"root","uEJyOd7qgV78D4FwldxY_0324080557_president","0324080557","uEJyOd7qgV78D4FwldxY","President","2026-07-30T09:09:22.696Z","VuRxW3JY6I1E7EE0NixQ"
"root","uEJyOd7qgV78D4FwldxY_0324080557_wocom","0324080557","uEJyOd7qgV78D4FwldxY","WOCOM","2026-07-30T09:09:22.666Z","LHUny9sSlDgQiguWEPKP"
"root","uEJyOd7qgV78D4FwldxY_0324080561__general_secretary","0324080561","uEJyOd7qgV78D4FwldxY"," General Secretary","2026-07-30T18:22:14.684Z","CBusgvl0t6ZNgctsADG4"
"root","uEJyOd7qgV78D4FwldxY_0324080561_financial_secretary","0324080561","uEJyOd7qgV78D4FwldxY","Financial Secretary","2026-07-30T18:22:14.622Z","M4DH6q01ueOcYao2XR2N"
"root","uEJyOd7qgV78D4FwldxY_0324080561_organizing_secretary","0324080561","uEJyOd7qgV78D4FwldxY","Organizing Secretary","2026-07-30T18:22:14.822Z","Y5UvAX5uqlvbOguBrova"
"root","uEJyOd7qgV78D4FwldxY_0324080561_president","0324080561","uEJyOd7qgV78D4FwldxY","President","2026-07-30T18:22:14.697Z","gLalzgxD2juPjCQoAjqa"
"root","uEJyOd7qgV78D4FwldxY_0324080561_public_relations_officer__pro_","0324080561","uEJyOd7qgV78D4FwldxY","Public Relations Officer (PRO)","2026-07-30T18:22:14.798Z","J5qG8Ztg3nzLHUoTQLxv"
"root","uEJyOd7qgV78D4FwldxY_0324080561_wocom","0324080561","uEJyOd7qgV78D4FwldxY","WOCOM","2026-07-30T18:22:14.597Z","YXPj1YLmdrI9aRq6k4jo"
"root","uEJyOd7qgV78D4FwldxY_0324080562__general_secretary","0324080562","uEJyOd7qgV78D4FwldxY"," General Secretary","2026-07-30T18:20:19.519Z","9Al9g8DFwzjoZhpuCCDd"
"root","uEJyOd7qgV78D4FwldxY_0324080562_financial_secretary","0324080562","uEJyOd7qgV78D4FwldxY","Financial Secretary","2026-07-30T18:20:19.456Z","VMhzd9L57JLsjmqvIh9k"
"root","uEJyOd7qgV78D4FwldxY_0324080562_organizing_secretary","0324080562","uEJyOd7qgV78D4FwldxY","Organizing Secretary","2026-07-30T18:20:19.574Z","U7g9eUAGq9VAlUxthMnQ"
"root","uEJyOd7qgV78D4FwldxY_0324080562_president","0324080562","uEJyOd7qgV78D4FwldxY","President","2026-07-30T18:20:19.445Z","he4RmDTZ8JMN8idOvaog"
"root","uEJyOd7qgV78D4FwldxY_0324080562_public_relations_officer__pro_","0324080562","uEJyOd7qgV78D4FwldxY","Public Relations Officer (PRO)","2026-07-30T18:20:19.392Z","dXsAKDZAr5myM6l8ai2k"
"root","uEJyOd7qgV78D4FwldxY_0324080562_wocom","0324080562","uEJyOd7qgV78D4FwldxY","WOCOM","2026-07-30T18:20:19.482Z","Qeqi8iTw8wRpBH3XrE91"
"root","uEJyOd7qgV78D4FwldxY_0324080565__general_secretary","0324080565","uEJyOd7qgV78D4FwldxY"," General Secretary","2026-07-30T09:21:53.990Z","Sq8iPfpWTcCLTuqV0PFe"
"root","uEJyOd7qgV78D4FwldxY_0324080565_financial_secretary","0324080565","uEJyOd7qgV78D4FwldxY","Financial Secretary","2026-07-30T09:21:53.994Z","j1RtUWS7OMkpopoCiNkF"
"root","uEJyOd7qgV78D4FwldxY_0324080565_organizing_secretary","0324080565","uEJyOd7qgV78D4FwldxY","Organizing Secretary","2026-07-30T09:21:54.040Z","icN7YtK4qWL73qdM5xXj"
"root","uEJyOd7qgV78D4FwldxY_0324080565_president","0324080565","uEJyOd7qgV78D4FwldxY","President","2026-07-30T09:21:53.977Z","mcIYAUGk5iR0ySLqZLRE"
"root","uEJyOd7qgV78D4FwldxY_0324080565_public_relations_officer__pro_","0324080565","uEJyOd7qgV78D4FwldxY","Public Relations Officer (PRO)","2026-07-30T09:21:54.186Z","VQLDeV3ReOAyauxNKyYy"
"root","uEJyOd7qgV78D4FwldxY_0324080565_wocom","0324080565","uEJyOd7qgV78D4FwldxY","WOCOM","2026-07-30T09:21:54.010Z","oiDzEMgx9KGFXBbanc84"
"root","uEJyOd7qgV78D4FwldxY_0324080566__general_secretary","0324080566","uEJyOd7qgV78D4FwldxY"," General Secretary","2026-07-30T17:52:07.280Z","0EXCn4QGZbUWUQrGe6SE"
"root","uEJyOd7qgV78D4FwldxY_0324080566_financial_secretary","0324080566","uEJyOd7qgV78D4FwldxY","Financial Secretary","2026-07-30T17:52:07.438Z","qxgkoLhaatZ7XgbRVtPg"
"root","uEJyOd7qgV78D4FwldxY_0324080566_organizing_secretary","0324080566","uEJyOd7qgV78D4FwldxY","Organizing Secretary","2026-07-30T17:52:07.287Z","jm6kNSCYaZ1591ICRXlx"
"root","uEJyOd7qgV78D4FwldxY_0324080566_president","0324080566","uEJyOd7qgV78D4FwldxY","President","2026-07-30T17:52:07.392Z","C9sdhE0iuVibudnuYaHm"
"root","uEJyOd7qgV78D4FwldxY_0324080566_public_relations_officer__pro_","0324080566","uEJyOd7qgV78D4FwldxY","Public Relations Officer (PRO)","2026-07-30T17:52:07.257Z","YEObN1N0UxPr6mfshBQZ"
"root","uEJyOd7qgV78D4FwldxY_0324080566_wocom","0324080566","uEJyOd7qgV78D4FwldxY","WOCOM","2026-07-30T17:52:07.265Z","eW865RQB2kwiK7BvemXA"
"root","uEJyOd7qgV78D4FwldxY_0324080569__general_secretary","0324080569","uEJyOd7qgV78D4FwldxY"," General Secretary","2026-07-30T18:00:31.014Z","e4XhZfYfZsbL5LdDkoUC"
"root","uEJyOd7qgV78D4FwldxY_0324080569_financial_secretary","0324080569","uEJyOd7qgV78D4FwldxY","Financial Secretary","2026-07-30T18:00:31.158Z","39eoEVV3eYi5DfsKNUhl"
"root","uEJyOd7qgV78D4FwldxY_0324080569_organizing_secretary","0324080569","uEJyOd7qgV78D4FwldxY","Organizing Secretary","2026-07-30T18:00:31.201Z","2G88sJ6v4y7Y9wDpJKoy"
"root","uEJyOd7qgV78D4FwldxY_0324080569_president","0324080569","uEJyOd7qgV78D4FwldxY","President","2026-07-30T18:00:30.946Z","EgQ0hIa2Hj3ffUA9WaBR"
"root","uEJyOd7qgV78D4FwldxY_0324080569_public_relations_officer__pro_","0324080569","uEJyOd7qgV78D4FwldxY","Public Relations Officer (PRO)","2026-07-30T18:00:31.095Z","6axhYOGnydPz2y61j6du"
"root","uEJyOd7qgV78D4FwldxY_0324080569_wocom","0324080569","uEJyOd7qgV78D4FwldxY","WOCOM","2026-07-30T18:00:30.969Z","NMLsPU7yrU3LzDTHLOkv"
"root","uEJyOd7qgV78D4FwldxY_0324080581__general_secretary","0324080581","uEJyOd7qgV78D4FwldxY"," General Secretary","2026-07-30T11:07:35.116Z","xEFvhd0dCgZ4vYrhFpmA"
"root","uEJyOd7qgV78D4FwldxY_0324080581_financial_secretary","0324080581","uEJyOd7qgV78D4FwldxY","Financial Secretary","2026-07-30T11:07:35.162Z","Bv1KuuRl6ugZmB7h9DnA"
"root","uEJyOd7qgV78D4FwldxY_0324080581_organizing_secretary","0324080581","uEJyOd7qgV78D4FwldxY","Organizing Secretary","2026-07-30T11:07:35.186Z","ybFCPr3jviuBv0SloMRE"
"root","uEJyOd7qgV78D4FwldxY_0324080581_president","0324080581","uEJyOd7qgV78D4FwldxY","President","2026-07-30T11:07:35.014Z","w9NUqy72C47Mbdr7tkNN"
"root","uEJyOd7qgV78D4FwldxY_0324080581_wocom","0324080581","uEJyOd7qgV78D4FwldxY","WOCOM","2026-07-30T11:07:35.199Z","RTHEZFqY53xcIqiueDF5"
"root","uEJyOd7qgV78D4FwldxY_0324080582__general_secretary","0324080582","uEJyOd7qgV78D4FwldxY"," General Secretary","2026-07-30T11:20:30.772Z","5TTTJdZ5PB8dEKYr46pw"
"root","uEJyOd7qgV78D4FwldxY_0324080582_financial_secretary","0324080582","uEJyOd7qgV78D4FwldxY","Financial Secretary","2026-07-30T11:20:30.803Z","JOPw8bT6Upy1uDe3DuN0"
"root","uEJyOd7qgV78D4FwldxY_0324080582_organizing_secretary","0324080582","uEJyOd7qgV78D4FwldxY","Organizing Secretary","2026-07-30T11:20:30.764Z","UNARah31eCB32nPuE4gv"
"root","uEJyOd7qgV78D4FwldxY_0324080582_president","0324080582","uEJyOd7qgV78D4FwldxY","President","2026-07-30T11:20:30.858Z","rHRUJnH287lvMTgKMQFb"
"root","uEJyOd7qgV78D4FwldxY_0324080582_wocom","0324080582","uEJyOd7qgV78D4FwldxY","WOCOM","2026-07-30T11:20:30.775Z","BYky4yxVZWx2lRUY8JzR"
"root","uEJyOd7qgV78D4FwldxY_0324080583__general_secretary","0324080583","uEJyOd7qgV78D4FwldxY"," General Secretary","2026-07-30T19:43:29.582Z","a9R7n338zTcJFbYj4en3"
"root","uEJyOd7qgV78D4FwldxY_0324080583_financial_secretary","0324080583","uEJyOd7qgV78D4FwldxY","Financial Secretary","2026-07-30T19:43:29.884Z","O3jyrskgdelwNG9Di6oC"
"root","uEJyOd7qgV78D4FwldxY_0324080583_organizing_secretary","0324080583","uEJyOd7qgV78D4FwldxY","Organizing Secretary","2026-07-30T19:43:29.720Z","3QaVAUBuQ37MmNe5GJch"
"root","uEJyOd7qgV78D4FwldxY_0324080583_president","0324080583","uEJyOd7qgV78D4FwldxY","President","2026-07-30T19:43:29.699Z","USSGWWj4K4g9mjcV0Bpd"
"root","uEJyOd7qgV78D4FwldxY_0324080583_public_relations_officer__pro_","0324080583","uEJyOd7qgV78D4FwldxY","Public Relations Officer (PRO)","2026-07-30T19:43:29.571Z","tAtKDz2RBCihbGFUlQJP"
"root","uEJyOd7qgV78D4FwldxY_0324080583_wocom","0324080583","uEJyOd7qgV78D4FwldxY","WOCOM","2026-07-30T19:43:29.547Z","WX5eom2M89lVNzeeWb1x"
"root","uEJyOd7qgV78D4FwldxY_0324080592__general_secretary","0324080592","uEJyOd7qgV78D4FwldxY"," General Secretary","2026-07-30T11:26:45.463Z","cgf4ZsJa0XI9BBP9bbQa"
"root","uEJyOd7qgV78D4FwldxY_0324080592_financial_secretary","0324080592","uEJyOd7qgV78D4FwldxY","Financial Secretary","2026-07-30T11:26:45.371Z","4oKwRNHVwbLvgwWENa1E"
"root","uEJyOd7qgV78D4FwldxY_0324080592_organizing_secretary","0324080592","uEJyOd7qgV78D4FwldxY","Organizing Secretary","2026-07-30T11:26:45.419Z","jYsl0rKr7k1tij8W8K4A"
"root","uEJyOd7qgV78D4FwldxY_0324080592_president","0324080592","uEJyOd7qgV78D4FwldxY","President","2026-07-30T11:26:45.369Z","kLDXCK37vtEnc0eiC3hS"
"root","uEJyOd7qgV78D4FwldxY_0324080592_public_relations_officer__pro_","0324080592","uEJyOd7qgV78D4FwldxY","Public Relations Officer (PRO)","2026-07-30T11:26:45.615Z","Rk2ngeiUp8g7A2lBQAzQ"
"root","uEJyOd7qgV78D4FwldxY_0324080592_wocom","0324080592","uEJyOd7qgV78D4FwldxY","WOCOM","2026-07-30T11:26:45.608Z","qUPECqaHFkcdFjRABgGI"
"root","uEJyOd7qgV78D4FwldxY_0324080598__general_secretary","0324080598","uEJyOd7qgV78D4FwldxY"," General Secretary","2026-07-30T19:32:36.650Z","1bamdFsvUld5MMV2TrqD"
"root","uEJyOd7qgV78D4FwldxY_0324080598_financial_secretary","0324080598","uEJyOd7qgV78D4FwldxY","Financial Secretary","2026-07-30T19:32:36.683Z","Q1PzB1RL15qIkN87IIda"
"root","uEJyOd7qgV78D4FwldxY_0324080598_organizing_secretary","0324080598","uEJyOd7qgV78D4FwldxY","Organizing Secretary","2026-07-30T19:32:36.739Z","SFAVCpoxlbdAocpxvSyf"
"root","uEJyOd7qgV78D4FwldxY_0324080598_president","0324080598","uEJyOd7qgV78D4FwldxY","President","2026-07-30T19:32:38.321Z","9C2NAVv5ZDV3p13NqwiZ"
"root","uEJyOd7qgV78D4FwldxY_0324080598_public_relations_officer__pro_","0324080598","uEJyOd7qgV78D4FwldxY","Public Relations Officer (PRO)","2026-07-30T19:32:36.771Z","JGAQcKBQeT87ID3A4fp0"
"root","uEJyOd7qgV78D4FwldxY_0324080598_wocom","0324080598","uEJyOd7qgV78D4FwldxY","WOCOM","2026-07-30T19:32:36.884Z","QZ2RokBBoaxa9or1Yu49"
"root","uEJyOd7qgV78D4FwldxY_0324080604__general_secretary","0324080604","uEJyOd7qgV78D4FwldxY"," General Secretary","2026-07-30T18:26:47.120Z","iuhLAuLveU3edc924vd3"
"root","uEJyOd7qgV78D4FwldxY_0324080604_financial_secretary","0324080604","uEJyOd7qgV78D4FwldxY","Financial Secretary","2026-07-30T18:26:47.201Z","aDLUCtCNE67pzCMZ2pkp"
"root","uEJyOd7qgV78D4FwldxY_0324080604_organizing_secretary","0324080604","uEJyOd7qgV78D4FwldxY","Organizing Secretary","2026-07-30T18:26:47.187Z","H5XE2Lmt5ibB1tLVmz18"
"root","uEJyOd7qgV78D4FwldxY_0324080604_president","0324080604","uEJyOd7qgV78D4FwldxY","President","2026-07-30T18:26:47.134Z","1gcQA29m7QU9qWOnTXrW"
"root","uEJyOd7qgV78D4FwldxY_0324080604_public_relations_officer__pro_","0324080604","uEJyOd7qgV78D4FwldxY","Public Relations Officer (PRO)","2026-07-30T18:26:47.051Z","dlVEtj3lI5A3mrlYbqpY"
"root","uEJyOd7qgV78D4FwldxY_0324080604_wocom","0324080604","uEJyOd7qgV78D4FwldxY","WOCOM","2026-07-30T18:26:47.281Z","tsd8v4iSebuUlkG6HB26"
"root","uEJyOd7qgV78D4FwldxY_0324080607_financial_secretary","0324080607","uEJyOd7qgV78D4FwldxY","Financial Secretary","2026-07-30T17:52:13.468Z","EeumQ59kyyyP9GkDBxvz"
"root","uEJyOd7qgV78D4FwldxY_0324080607_president","0324080607","uEJyOd7qgV78D4FwldxY","President","2026-07-30T17:52:13.506Z","SJgG6aMskSnRluM09uJS"
"root","uEJyOd7qgV78D4FwldxY_0324080607_wocom","0324080607","uEJyOd7qgV78D4FwldxY","WOCOM","2026-07-30T17:52:13.483Z","hN0gy7vzLzYd9AMdk2eY"
"root","uEJyOd7qgV78D4FwldxY_0324080613__general_secretary","0324080613","uEJyOd7qgV78D4FwldxY"," General Secretary","2026-07-30T19:08:07.073Z","dKJeJJMhfeBVkC4pxpYC"
"root","uEJyOd7qgV78D4FwldxY_0324080613_financial_secretary","0324080613","uEJyOd7qgV78D4FwldxY","Financial Secretary","2026-07-30T19:08:06.930Z","ZEF2GJozfrNLo1pEQiX7"
"root","uEJyOd7qgV78D4FwldxY_0324080613_organizing_secretary","0324080613","uEJyOd7qgV78D4FwldxY","Organizing Secretary","2026-07-30T19:08:06.860Z","HLGWgwNS98KnJCDWlhLJ"
"root","uEJyOd7qgV78D4FwldxY_0324080613_president","0324080613","uEJyOd7qgV78D4FwldxY","President","2026-07-30T19:08:07.139Z","x7tDN22ObG6wusWlXLjU"
"root","uEJyOd7qgV78D4FwldxY_0324080613_public_relations_officer__pro_","0324080613","uEJyOd7qgV78D4FwldxY","Public Relations Officer (PRO)","2026-07-30T19:08:06.967Z","V878JDL3rSquCNo8KTz2"
"root","uEJyOd7qgV78D4FwldxY_0324080613_wocom","0324080613","uEJyOd7qgV78D4FwldxY","WOCOM","2026-07-30T19:08:07.190Z","PYEsnu76SdJNnJb9Hsog"
"root","uEJyOd7qgV78D4FwldxY_0324080614__general_secretary","0324080614","uEJyOd7qgV78D4FwldxY"," General Secretary","2026-07-30T11:16:43.888Z","nHpNpPPNiulzir9hfmaS"
"root","uEJyOd7qgV78D4FwldxY_0324080614_president","0324080614","uEJyOd7qgV78D4FwldxY","President","2026-07-30T11:16:43.944Z","HN33ZA0l5R0wuyop8M2l"
"root","uEJyOd7qgV78D4FwldxY_0324080616__general_secretary","0324080616","uEJyOd7qgV78D4FwldxY"," General Secretary","2026-07-30T21:00:30.163Z","ZUn5Rz1jNSOaEaaEPJnV"
"root","uEJyOd7qgV78D4FwldxY_0324080616_financial_secretary","0324080616","uEJyOd7qgV78D4FwldxY","Financial Secretary","2026-07-30T21:00:30.286Z","kWM7PaNlfzL5ZnY1tADm"
"root","uEJyOd7qgV78D4FwldxY_0324080616_organizing_secretary","0324080616","uEJyOd7qgV78D4FwldxY","Organizing Secretary","2026-07-30T21:00:30.431Z","DChhEtY27LyjNLdJCUXN"
"root","uEJyOd7qgV78D4FwldxY_0324080616_president","0324080616","uEJyOd7qgV78D4FwldxY","President","2026-07-30T21:00:30.413Z","dfCmf0LYUAtLAzgR2ZRU"
"root","uEJyOd7qgV78D4FwldxY_0324080616_public_relations_officer__pro_","0324080616","uEJyOd7qgV78D4FwldxY","Public Relations Officer (PRO)","2026-07-30T21:00:30.491Z","eEHDOVZWvR00PM0NDHVQ"
"root","uEJyOd7qgV78D4FwldxY_0324080616_wocom","0324080616","uEJyOd7qgV78D4FwldxY","WOCOM","2026-07-30T21:00:30.578Z","E8rO1kVHK1zQDv3m2ODv"
"root","uEJyOd7qgV78D4FwldxY_0324080617__general_secretary","0324080617","uEJyOd7qgV78D4FwldxY"," General Secretary","2026-07-30T17:53:44.592Z","wAKb5CZesrvX23wGnuCx"
"root","uEJyOd7qgV78D4FwldxY_0324080617_financial_secretary","0324080617","uEJyOd7qgV78D4FwldxY","Financial Secretary","2026-07-30T17:53:44.792Z","KhT7aOyeb7CC0KWPIocZ"
"root","uEJyOd7qgV78D4FwldxY_0324080617_organizing_secretary","0324080617","uEJyOd7qgV78D4FwldxY","Organizing Secretary","2026-07-30T17:53:44.862Z","wEAN7Ztf3AMEjWumkd55"
"root","uEJyOd7qgV78D4FwldxY_0324080617_president","0324080617","uEJyOd7qgV78D4FwldxY","President","2026-07-30T17:53:44.648Z","V59ILNVuQ0itfexGm9zs"
"root","uEJyOd7qgV78D4FwldxY_0324080617_public_relations_officer__pro_","0324080617","uEJyOd7qgV78D4FwldxY","Public Relations Officer (PRO)","2026-07-30T17:53:44.926Z","jhkjw2vkmDmREFirhp2v"
"root","uEJyOd7qgV78D4FwldxY_0324080617_wocom","0324080617","uEJyOd7qgV78D4FwldxY","WOCOM","2026-07-30T17:53:44.642Z","wSDNwzrzUQhsTMA3MUzy"
"root","uEJyOd7qgV78D4FwldxY_0324080620__general_secretary","0324080620","uEJyOd7qgV78D4FwldxY"," General Secretary","2026-07-30T21:08:13.390Z","eleAwzWx5wWUzytgNtOh"
"root","uEJyOd7qgV78D4FwldxY_0324080620_financial_secretary","0324080620","uEJyOd7qgV78D4FwldxY","Financial Secretary","2026-07-30T21:08:13.371Z","6AaAVR11F0xs33RLVZED"
"root","uEJyOd7qgV78D4FwldxY_0324080620_organizing_secretary","0324080620","uEJyOd7qgV78D4FwldxY","Organizing Secretary","2026-07-30T21:08:13.417Z","ZXbHsLzmPxSR8pqbV8ES"
"root","uEJyOd7qgV78D4FwldxY_0324080620_president","0324080620","uEJyOd7qgV78D4FwldxY","President","2026-07-30T21:08:13.370Z","XkAQxMRvSCQmH1ikChiN"
"root","uEJyOd7qgV78D4FwldxY_0324080620_public_relations_officer__pro_","0324080620","uEJyOd7qgV78D4FwldxY","Public Relations Officer (PRO)","2026-07-30T21:08:13.382Z","HhrgdIHf0bDlASVmzTRa"
"root","uEJyOd7qgV78D4FwldxY_0324080620_wocom","0324080620","uEJyOd7qgV78D4FwldxY","WOCOM","2026-07-30T21:08:13.408Z","1d0crqD7tMUFq1p2PbgR"
"root","uEJyOd7qgV78D4FwldxY_0324080623__general_secretary","0324080623","uEJyOd7qgV78D4FwldxY"," General Secretary","2026-07-30T18:13:49.636Z","OT4Tx45IFaj7trmvzgUo"
"root","uEJyOd7qgV78D4FwldxY_0324080623_financial_secretary","0324080623","uEJyOd7qgV78D4FwldxY","Financial Secretary","2026-07-30T18:13:49.624Z","U9yAFoJsXman5Zc6UTys"
"root","uEJyOd7qgV78D4FwldxY_0324080623_organizing_secretary","0324080623","uEJyOd7qgV78D4FwldxY","Organizing Secretary","2026-07-30T18:13:49.796Z","9QlMtW6iTSwGMe6Jlueg"
"root","uEJyOd7qgV78D4FwldxY_0324080623_president","0324080623","uEJyOd7qgV78D4FwldxY","President","2026-07-30T18:13:49.710Z","BsjBw9rUq2YKR1sPNFMn"
"root","uEJyOd7qgV78D4FwldxY_0324080623_public_relations_officer__pro_","0324080623","uEJyOd7qgV78D4FwldxY","Public Relations Officer (PRO)","2026-07-30T18:13:49.773Z","Ni3q1tm9zJBjIMewilQC"
"root","uEJyOd7qgV78D4FwldxY_0324080623_wocom","0324080623","uEJyOd7qgV78D4FwldxY","WOCOM","2026-07-30T18:13:49.982Z","kLVLmJZaFCv6AU0akY2a"
"root","uEJyOd7qgV78D4FwldxY_0324080624__general_secretary","0324080624","uEJyOd7qgV78D4FwldxY"," General Secretary","2026-07-30T11:21:42.456Z","FLyGE5EvOsz2vz26UOxa"
"root","uEJyOd7qgV78D4FwldxY_0324080624_financial_secretary","0324080624","uEJyOd7qgV78D4FwldxY","Financial Secretary","2026-07-30T11:21:42.711Z","zwhfN7EUSKwEVAzmNfAR"
"root","uEJyOd7qgV78D4FwldxY_0324080624_organizing_secretary","0324080624","uEJyOd7qgV78D4FwldxY","Organizing Secretary","2026-07-30T11:21:42.433Z","6kSbLfjhuvPFM4LQphbr"
"root","uEJyOd7qgV78D4FwldxY_0324080624_president","0324080624","uEJyOd7qgV78D4FwldxY","President","2026-07-30T11:21:42.655Z","aBJUBAf5Gk3soV3W0p8l"
"root","uEJyOd7qgV78D4FwldxY_0324080624_public_relations_officer__pro_","0324080624","uEJyOd7qgV78D4FwldxY","Public Relations Officer (PRO)","2026-07-30T11:21:42.622Z","dKNTSrPg0UmkNHSyiu66"
"root","uEJyOd7qgV78D4FwldxY_0324080624_wocom","0324080624","uEJyOd7qgV78D4FwldxY","WOCOM","2026-07-30T11:21:42.428Z","Rh0kFGZoBM2afuwGZBrr"
"root","uEJyOd7qgV78D4FwldxY_0324080632__general_secretary","0324080632","uEJyOd7qgV78D4FwldxY"," General Secretary","2026-07-30T11:01:38.939Z","N7Fm3jZBMU6GXa8x1344"
"root","uEJyOd7qgV78D4FwldxY_0324080632_financial_secretary","0324080632","uEJyOd7qgV78D4FwldxY","Financial Secretary","2026-07-30T11:01:38.959Z","TFmlitZtSBh2dMvcL7bp"
"root","uEJyOd7qgV78D4FwldxY_0324080632_organizing_secretary","0324080632","uEJyOd7qgV78D4FwldxY","Organizing Secretary","2026-07-30T11:01:39.126Z","ZYtcCxZqyzn5GLDq4cti"
"root","uEJyOd7qgV78D4FwldxY_0324080632_president","0324080632","uEJyOd7qgV78D4FwldxY","President","2026-07-30T11:01:39.042Z","7EQCeD89drQ7G2aCdGZq"
"root","uEJyOd7qgV78D4FwldxY_0324080632_public_relations_officer__pro_","0324080632","uEJyOd7qgV78D4FwldxY","Public Relations Officer (PRO)","2026-07-30T11:01:39.042Z","ucHZMmlsV82eKtVF3hga"
"root","uEJyOd7qgV78D4FwldxY_0324080632_wocom","0324080632","uEJyOd7qgV78D4FwldxY","WOCOM","2026-07-30T11:01:39.224Z","4yU8O3cvKReN7juMMv9B"
"root","uEJyOd7qgV78D4FwldxY_0324080633_financial_secretary","0324080633","uEJyOd7qgV78D4FwldxY","Financial Secretary","2026-07-30T11:12:27.311Z","tcyYryZTAezmjtCRSVAs"
"root","uEJyOd7qgV78D4FwldxY_0324080633_organizing_secretary","0324080633","uEJyOd7qgV78D4FwldxY","Organizing Secretary","2026-07-30T11:12:27.229Z","4qzCb58YWkDNLf35Fp3u"
"root","uEJyOd7qgV78D4FwldxY_0324080633_president","0324080633","uEJyOd7qgV78D4FwldxY","President","2026-07-30T11:12:27.327Z","iEb6xPtrEx4YyWGRoerD"
"root","uEJyOd7qgV78D4FwldxY_0324080633_public_relations_officer__pro_","0324080633","uEJyOd7qgV78D4FwldxY","Public Relations Officer (PRO)","2026-07-30T11:12:27.238Z","a509hrCXB4YtOkJNU3KX"
"root","uEJyOd7qgV78D4FwldxY_0324080633_wocom","0324080633","uEJyOd7qgV78D4FwldxY","WOCOM","2026-07-30T11:12:27.264Z","yRskuqKqmr19W066rcXU"
"root","uEJyOd7qgV78D4FwldxY_0324080636__general_secretary","0324080636","uEJyOd7qgV78D4FwldxY"," General Secretary","2026-07-30T09:21:21.037Z","52dgmC6gfo0OlmnVK9UD"
"root","uEJyOd7qgV78D4FwldxY_0324080636_financial_secretary","0324080636","uEJyOd7qgV78D4FwldxY","Financial Secretary","2026-07-30T09:21:21.197Z","OvkWiLgl36bPt1S2YP7y"
"root","uEJyOd7qgV78D4FwldxY_0324080636_organizing_secretary","0324080636","uEJyOd7qgV78D4FwldxY","Organizing Secretary","2026-07-30T09:21:21.031Z","mXl5X1DPMpIukNowf7bx"
"root","uEJyOd7qgV78D4FwldxY_0324080636_president","0324080636","uEJyOd7qgV78D4FwldxY","President","2026-07-30T09:21:21.026Z","MOrE62PQiN2RxelmGJby"
"root","uEJyOd7qgV78D4FwldxY_0324080636_wocom","0324080636","uEJyOd7qgV78D4FwldxY","WOCOM","2026-07-30T09:21:21.074Z","MHuWHssBtvQ9uLlCy9sL"
"root","uEJyOd7qgV78D4FwldxY_0324080640__general_secretary","0324080640","uEJyOd7qgV78D4FwldxY"," General Secretary","2026-07-30T19:50:20.423Z","wfE7jz19cuTXdiUlt8xm"
"root","uEJyOd7qgV78D4FwldxY_0324080640_financial_secretary","0324080640","uEJyOd7qgV78D4FwldxY","Financial Secretary","2026-07-30T19:50:20.379Z","jY2JhQEkuDwMHIp1CLXB"
"root","uEJyOd7qgV78D4FwldxY_0324080640_organizing_secretary","0324080640","uEJyOd7qgV78D4FwldxY","Organizing Secretary","2026-07-30T19:50:20.430Z","09OdO5VpAZ3sda2TUgsR"
"root","uEJyOd7qgV78D4FwldxY_0324080640_president","0324080640","uEJyOd7qgV78D4FwldxY","President","2026-07-30T19:50:20.428Z","xWXcGcEnTYe5uJxwP5qY"
"root","uEJyOd7qgV78D4FwldxY_0324080640_wocom","0324080640","uEJyOd7qgV78D4FwldxY","WOCOM","2026-07-30T19:50:20.474Z","HRE3DAehoCo2xzsmVc5g"
"root","uEJyOd7qgV78D4FwldxY_0324080647__general_secretary","0324080647","uEJyOd7qgV78D4FwldxY"," General Secretary","2026-07-30T18:26:23.681Z","PmomekWmkweajQC7X5E9"
"root","uEJyOd7qgV78D4FwldxY_0324080647_financial_secretary","0324080647","uEJyOd7qgV78D4FwldxY","Financial Secretary","2026-07-30T18:26:23.673Z","V2cljNRxzqf8f49x9THd"
"root","uEJyOd7qgV78D4FwldxY_0324080647_organizing_secretary","0324080647","uEJyOd7qgV78D4FwldxY","Organizing Secretary","2026-07-30T18:26:23.656Z","Le3xVcNCzwxbxU3E6YOd"
"root","uEJyOd7qgV78D4FwldxY_0324080647_president","0324080647","uEJyOd7qgV78D4FwldxY","President","2026-07-30T18:26:23.640Z","MqWFYIRv6jYjZMwnG07M"
"root","uEJyOd7qgV78D4FwldxY_0324080647_public_relations_officer__pro_","0324080647","uEJyOd7qgV78D4FwldxY","Public Relations Officer (PRO)","2026-07-30T18:26:23.321Z","pFSq8vGvW9VK7v3PTDLy"
"root","uEJyOd7qgV78D4FwldxY_0324080647_wocom","0324080647","uEJyOd7qgV78D4FwldxY","WOCOM","2026-07-30T18:26:23.762Z","JQ474zk3yCEQ3ZgKURey"
"root","uEJyOd7qgV78D4FwldxY_0324080648__general_secretary","0324080648","uEJyOd7qgV78D4FwldxY"," General Secretary","2026-07-30T21:18:03.365Z","nq6CY9zbHS3Qah2UyQi4"
"root","uEJyOd7qgV78D4FwldxY_0324080648_financial_secretary","0324080648","uEJyOd7qgV78D4FwldxY","Financial Secretary","2026-07-30T21:18:03.331Z","AdyjAdtYbXcKvWZmTDu5"
"root","uEJyOd7qgV78D4FwldxY_0324080648_organizing_secretary","0324080648","uEJyOd7qgV78D4FwldxY","Organizing Secretary","2026-07-30T21:18:03.414Z","Aj8AmQTZBH9a0jCW7iDW"
"root","uEJyOd7qgV78D4FwldxY_0324080648_president","0324080648","uEJyOd7qgV78D4FwldxY","President","2026-07-30T21:18:03.497Z","tQXYQPqTJLcf3eUIlzi5"
"root","uEJyOd7qgV78D4FwldxY_0324080648_public_relations_officer__pro_","0324080648","uEJyOd7qgV78D4FwldxY","Public Relations Officer (PRO)","2026-07-30T21:18:03.424Z","dO6YzYuBAX2cocbkhgWL"
"root","uEJyOd7qgV78D4FwldxY_0324080648_wocom","0324080648","uEJyOd7qgV78D4FwldxY","WOCOM","2026-07-30T21:18:03.502Z","AIog4zlmxPa1b2O7yGeI"
"root","uEJyOd7qgV78D4FwldxY_0324080649__general_secretary","0324080649","uEJyOd7qgV78D4FwldxY"," General Secretary","2026-07-30T21:26:43.877Z","s6Jp8ur77RjxX6sBg5Jc"
"root","uEJyOd7qgV78D4FwldxY_0324080649_financial_secretary","0324080649","uEJyOd7qgV78D4FwldxY","Financial Secretary","2026-07-30T21:26:43.962Z","XwVzN8hPeYYiUvpGGl2m"
"root","uEJyOd7qgV78D4FwldxY_0324080649_organizing_secretary","0324080649","uEJyOd7qgV78D4FwldxY","Organizing Secretary","2026-07-30T21:26:43.810Z","zpsBHFsl944bxTaSc55q"
"root","uEJyOd7qgV78D4FwldxY_0324080649_president","0324080649","uEJyOd7qgV78D4FwldxY","President","2026-07-30T21:26:43.964Z","CDTXK3qsIPrcU579LrtM"
"root","uEJyOd7qgV78D4FwldxY_0324080649_public_relations_officer__pro_","0324080649","uEJyOd7qgV78D4FwldxY","Public Relations Officer (PRO)","2026-07-30T21:26:43.846Z","OoXvLRXrsp1osjV1ztg0"
"root","uEJyOd7qgV78D4FwldxY_0324080649_wocom","0324080649","uEJyOd7qgV78D4FwldxY","WOCOM","2026-07-30T21:26:44.094Z","TSYOFUiXvVF9W8G31VJq"
"root","uEJyOd7qgV78D4FwldxY_0324080651_president","0324080651","uEJyOd7qgV78D4FwldxY","President","2026-07-30T17:57:53.581Z","a3TbvmmjwiADRzUjo0VT"
"root","uEJyOd7qgV78D4FwldxY_0324080651_wocom","0324080651","uEJyOd7qgV78D4FwldxY","WOCOM","2026-07-30T17:57:53.656Z","wEZFkQjTu98U9Oj09kud"
"root","uEJyOd7qgV78D4FwldxY_0324080653__general_secretary","0324080653","uEJyOd7qgV78D4FwldxY"," General Secretary","2026-07-30T09:18:49.904Z","EQ6GlgJtna2HWvhXajkJ"
"root","uEJyOd7qgV78D4FwldxY_0324080653_financial_secretary","0324080653","uEJyOd7qgV78D4FwldxY","Financial Secretary","2026-07-30T09:18:50.105Z","PwHSzkPSM5F7He5a92WV"
"root","uEJyOd7qgV78D4FwldxY_0324080653_organizing_secretary","0324080653","uEJyOd7qgV78D4FwldxY","Organizing Secretary","2026-07-30T09:18:49.866Z","tvUtPIIzsBHWls2BMz7y"
"root","uEJyOd7qgV78D4FwldxY_0324080653_president","0324080653","uEJyOd7qgV78D4FwldxY","President","2026-07-30T09:18:49.978Z","Z5nJdG9tlxBBaL4R4JSL"
"root","uEJyOd7qgV78D4FwldxY_0324080653_public_relations_officer__pro_","0324080653","uEJyOd7qgV78D4FwldxY","Public Relations Officer (PRO)","2026-07-30T09:18:49.898Z","gsoS8cZ0KHANazDuG4VG"
"root","uEJyOd7qgV78D4FwldxY_0324080653_wocom","0324080653","uEJyOd7qgV78D4FwldxY","WOCOM","2026-07-30T09:18:49.931Z","6C8kycGMLlOXJ3aCqUDk"
"root","uEJyOd7qgV78D4FwldxY_0324080654__general_secretary","0324080654","uEJyOd7qgV78D4FwldxY"," General Secretary","2026-07-30T19:24:11.976Z","3SPSv0mNtIck3Oq1wzMy"
"root","uEJyOd7qgV78D4FwldxY_0324080654_financial_secretary","0324080654","uEJyOd7qgV78D4FwldxY","Financial Secretary","2026-07-30T19:24:11.728Z","ynwe3cp7PP5OHoS5W3P1"
"root","uEJyOd7qgV78D4FwldxY_0324080654_organizing_secretary","0324080654","uEJyOd7qgV78D4FwldxY","Organizing Secretary","2026-07-30T19:24:11.701Z","LTaAz8f5aZCcP38asIm4"
"root","uEJyOd7qgV78D4FwldxY_0324080654_president","0324080654","uEJyOd7qgV78D4FwldxY","President","2026-07-30T19:24:11.788Z","E5efNpUg9yKnHMRpMFuL"
"root","uEJyOd7qgV78D4FwldxY_0324080654_public_relations_officer__pro_","0324080654","uEJyOd7qgV78D4FwldxY","Public Relations Officer (PRO)","2026-07-30T19:24:11.813Z","woeU1CpNZJwo4ynlXHG7"
"root","uEJyOd7qgV78D4FwldxY_0324080654_wocom","0324080654","uEJyOd7qgV78D4FwldxY","WOCOM","2026-07-30T19:24:11.823Z","3k0YGodYUw5FEjCs6VSN"
"root","uEJyOd7qgV78D4FwldxY_0324080661__general_secretary","0324080661","uEJyOd7qgV78D4FwldxY"," General Secretary","2026-07-30T20:16:31.400Z","ADgMCckO015sI1arcIwJ"
"root","uEJyOd7qgV78D4FwldxY_0324080661_financial_secretary","0324080661","uEJyOd7qgV78D4FwldxY","Financial Secretary","2026-07-30T20:16:31.477Z","UEsTHgefP3AgtFahbVp3"
"root","uEJyOd7qgV78D4FwldxY_0324080661_organizing_secretary","0324080661","uEJyOd7qgV78D4FwldxY","Organizing Secretary","2026-07-30T20:16:31.401Z","ykdPW1dape5iGTseCm4W"
"root","uEJyOd7qgV78D4FwldxY_0324080661_president","0324080661","uEJyOd7qgV78D4FwldxY","President","2026-07-30T20:16:31.502Z","YOxqg7ByeRYBBkHyPMzv"
"root","uEJyOd7qgV78D4FwldxY_0324080661_public_relations_officer__pro_","0324080661","uEJyOd7qgV78D4FwldxY","Public Relations Officer (PRO)","2026-07-30T20:16:31.383Z","YXQ9VH145iY50W7k6Ini"
"root","uEJyOd7qgV78D4FwldxY_0324080661_wocom","0324080661","uEJyOd7qgV78D4FwldxY","WOCOM","2026-07-30T20:16:31.302Z","zW7mUYGlA4mMMehAyLEK"
"root","uEJyOd7qgV78D4FwldxY_0324080671__general_secretary","0324080671","uEJyOd7qgV78D4FwldxY"," General Secretary","2026-07-30T11:34:02.647Z","l6i5oXeRQIV5gD7N2Mb7"
"root","uEJyOd7qgV78D4FwldxY_0324080671_financial_secretary","0324080671","uEJyOd7qgV78D4FwldxY","Financial Secretary","2026-07-30T11:34:02.838Z","puO2EPrrHh8IpuWhkNFp"
"root","uEJyOd7qgV78D4FwldxY_0324080671_organizing_secretary","0324080671","uEJyOd7qgV78D4FwldxY","Organizing Secretary","2026-07-30T11:34:02.847Z","HNl9XrPbHMgol3NhN5sd"
"root","uEJyOd7qgV78D4FwldxY_0324080671_president","0324080671","uEJyOd7qgV78D4FwldxY","President","2026-07-30T11:34:02.694Z","rw7FggRIBi1Vwo6FFBkL"
"root","uEJyOd7qgV78D4FwldxY_0324080671_public_relations_officer__pro_","0324080671","uEJyOd7qgV78D4FwldxY","Public Relations Officer (PRO)","2026-07-30T11:34:02.661Z","j7SOvkeUkR0zk3Ni9uiA"
"root","uEJyOd7qgV78D4FwldxY_0324080671_wocom","0324080671","uEJyOd7qgV78D4FwldxY","WOCOM","2026-07-30T11:34:02.946Z","wgod9Xn5oxcfxwiOLoxH"
"root","uEJyOd7qgV78D4FwldxY_0324080672__general_secretary","0324080672","uEJyOd7qgV78D4FwldxY"," General Secretary","2026-07-30T11:18:26.308Z","1QdreW0s8vi9z2924N9t"
"root","uEJyOd7qgV78D4FwldxY_0324080672_financial_secretary","0324080672","uEJyOd7qgV78D4FwldxY","Financial Secretary","2026-07-30T11:18:26.288Z","tJKBMGTDS7rld99UeyvD"
"root","uEJyOd7qgV78D4FwldxY_0324080672_organizing_secretary","0324080672","uEJyOd7qgV78D4FwldxY","Organizing Secretary","2026-07-30T11:18:26.363Z","UL1vdoQmyrNJNC6sBJyx"
"root","uEJyOd7qgV78D4FwldxY_0324080672_president","0324080672","uEJyOd7qgV78D4FwldxY","President","2026-07-30T11:18:26.269Z","EXQDoDqA6CKWR2ihGAdL"
"root","uEJyOd7qgV78D4FwldxY_0324080672_public_relations_officer__pro_","0324080672","uEJyOd7qgV78D4FwldxY","Public Relations Officer (PRO)","2026-07-30T11:18:26.267Z","Do7jIwumCevO6EMK6t5i"
"root","uEJyOd7qgV78D4FwldxY_0324080672_wocom","0324080672","uEJyOd7qgV78D4FwldxY","WOCOM","2026-07-30T11:18:26.263Z","OByeBmjYmfom5f9roBi1"
"root","uEJyOd7qgV78D4FwldxY_0324080675__general_secretary","0324080675","uEJyOd7qgV78D4FwldxY"," General Secretary","2026-07-30T11:07:24.812Z","FnuJkklrcHiNaEdsKSyr"
"root","uEJyOd7qgV78D4FwldxY_0324080675_financial_secretary","0324080675","uEJyOd7qgV78D4FwldxY","Financial Secretary","2026-07-30T11:07:24.466Z","BIL1XpgTIFXudaGjmHBC"
"root","uEJyOd7qgV78D4FwldxY_0324080675_organizing_secretary","0324080675","uEJyOd7qgV78D4FwldxY","Organizing Secretary","2026-07-30T11:07:24.491Z","KCVPGbGAkP5c0RdMD7bw"
"root","uEJyOd7qgV78D4FwldxY_0324080675_president","0324080675","uEJyOd7qgV78D4FwldxY","President","2026-07-30T11:07:24.428Z","n8l20NxzIQu33oFwYvVC"
"root","uEJyOd7qgV78D4FwldxY_0324080675_public_relations_officer__pro_","0324080675","uEJyOd7qgV78D4FwldxY","Public Relations Officer (PRO)","2026-07-30T11:07:24.432Z","nPB7On3afOMhaBRR1hgg"
"root","uEJyOd7qgV78D4FwldxY_0324080675_wocom","0324080675","uEJyOd7qgV78D4FwldxY","WOCOM","2026-07-30T11:07:24.459Z","Yn1XI4VlXE7Qjh1Xdso1"
"root","uEJyOd7qgV78D4FwldxY_0324080678__general_secretary","0324080678","uEJyOd7qgV78D4FwldxY"," General Secretary","2026-07-30T18:07:41.246Z","A1Vq4zIOyW8yHcyD0yng"
"root","uEJyOd7qgV78D4FwldxY_0324080678_financial_secretary","0324080678","uEJyOd7qgV78D4FwldxY","Financial Secretary","2026-07-30T18:07:41.153Z","vEFVDbf3pfDrYBIiLcaD"
"root","uEJyOd7qgV78D4FwldxY_0324080678_organizing_secretary","0324080678","uEJyOd7qgV78D4FwldxY","Organizing Secretary","2026-07-30T18:07:41.216Z","1mPVdIPyoMF74UiUFHu3"
"root","uEJyOd7qgV78D4FwldxY_0324080678_president","0324080678","uEJyOd7qgV78D4FwldxY","President","2026-07-30T18:07:41.360Z","dIaQAPDx5PKcNsnLjrh6"
"root","uEJyOd7qgV78D4FwldxY_0324080678_public_relations_officer__pro_","0324080678","uEJyOd7qgV78D4FwldxY","Public Relations Officer (PRO)","2026-07-30T18:07:41.107Z","ezOgUdiINan69PUaPDrx"
"root","uEJyOd7qgV78D4FwldxY_0324080678_wocom","0324080678","uEJyOd7qgV78D4FwldxY","WOCOM","2026-07-30T18:07:41.362Z","Wel2VEAViHgfVl1zvh2h"
"root","uEJyOd7qgV78D4FwldxY_0324080680__general_secretary","0324080680","uEJyOd7qgV78D4FwldxY"," General Secretary","2026-07-30T18:04:07.882Z","W50nKjflb8iRQbSUQdkO"
"root","uEJyOd7qgV78D4FwldxY_0324080680_financial_secretary","0324080680","uEJyOd7qgV78D4FwldxY","Financial Secretary","2026-07-30T18:04:07.813Z","9k54cF9FdIm8B5UHm4Ui"
"root","uEJyOd7qgV78D4FwldxY_0324080680_organizing_secretary","0324080680","uEJyOd7qgV78D4FwldxY","Organizing Secretary","2026-07-30T18:04:07.916Z","f4RcDGgrA4N7orAIer5A"
"root","uEJyOd7qgV78D4FwldxY_0324080680_president","0324080680","uEJyOd7qgV78D4FwldxY","President","2026-07-30T18:04:07.822Z","RoV9EM5j7xz0X1qNrth0"
"root","uEJyOd7qgV78D4FwldxY_0324080680_public_relations_officer__pro_","0324080680","uEJyOd7qgV78D4FwldxY","Public Relations Officer (PRO)","2026-07-30T18:04:07.789Z","jZV5qx7RUhKApXaJZHYa"
"root","uEJyOd7qgV78D4FwldxY_0324080680_wocom","0324080680","uEJyOd7qgV78D4FwldxY","WOCOM","2026-07-30T18:04:07.993Z","kM2bGmMCgRUAf4g7yRkA"
"root","uEJyOd7qgV78D4FwldxY_0324080685__general_secretary","0324080685","uEJyOd7qgV78D4FwldxY"," General Secretary","2026-07-30T09:18:52.726Z","36c1uqGCThTz1q78GGCR"
"root","uEJyOd7qgV78D4FwldxY_0324080685_financial_secretary","0324080685","uEJyOd7qgV78D4FwldxY","Financial Secretary","2026-07-30T09:18:52.585Z","cWD0TA1q5yJjB1gi8ISW"
"root","uEJyOd7qgV78D4FwldxY_0324080685_organizing_secretary","0324080685","uEJyOd7qgV78D4FwldxY","Organizing Secretary","2026-07-30T09:18:52.474Z","sxX6PC1D8CRGV1qNxPEq"
"root","uEJyOd7qgV78D4FwldxY_0324080685_president","0324080685","uEJyOd7qgV78D4FwldxY","President","2026-07-30T09:18:52.474Z","3XJpBE6TstStZAULwnvU"
"root","uEJyOd7qgV78D4FwldxY_0324080685_public_relations_officer__pro_","0324080685","uEJyOd7qgV78D4FwldxY","Public Relations Officer (PRO)","2026-07-30T09:18:52.462Z","XioVHBzQJWQE579fOxA6"
"root","uEJyOd7qgV78D4FwldxY_0324080685_wocom","0324080685","uEJyOd7qgV78D4FwldxY","WOCOM","2026-07-30T09:18:52.602Z","jgaScIdONgO0TTzQzT0s"
"root","uEJyOd7qgV78D4FwldxY_0324080686__general_secretary","0324080686","uEJyOd7qgV78D4FwldxY"," General Secretary","2026-07-30T18:23:11.871Z","8SYN3uddPfzEXE0YPX0c"
"root","uEJyOd7qgV78D4FwldxY_0324080686_financial_secretary","0324080686","uEJyOd7qgV78D4FwldxY","Financial Secretary","2026-07-30T18:23:11.938Z","72S7BHn5A5PbjfRVY1mg"
"root","uEJyOd7qgV78D4FwldxY_0324080686_organizing_secretary","0324080686","uEJyOd7qgV78D4FwldxY","Organizing Secretary","2026-07-30T18:23:11.937Z","tTBzi5les0OwfyJEJrA2"
"root","uEJyOd7qgV78D4FwldxY_0324080686_president","0324080686","uEJyOd7qgV78D4FwldxY","President","2026-07-30T18:23:11.951Z","hVf1VNdW8kBPbBALfYND"
"root","uEJyOd7qgV78D4FwldxY_0324080686_public_relations_officer__pro_","0324080686","uEJyOd7qgV78D4FwldxY","Public Relations Officer (PRO)","2026-07-30T18:23:11.889Z","LmZVAvRGq8w6D1MeYrsM"
"root","uEJyOd7qgV78D4FwldxY_0324080686_wocom","0324080686","uEJyOd7qgV78D4FwldxY","WOCOM","2026-07-30T18:23:11.975Z","kingwEAAwO8mb7MATj5s"
"root","uEJyOd7qgV78D4FwldxY_0324080688__general_secretary","0324080688","uEJyOd7qgV78D4FwldxY"," General Secretary","2026-07-30T09:21:51.262Z","HSiDEYkldv4WF5sjSPxz"
"root","uEJyOd7qgV78D4FwldxY_0324080688_financial_secretary","0324080688","uEJyOd7qgV78D4FwldxY","Financial Secretary","2026-07-30T09:21:51.249Z","LRXztMQc0RPjJ2eeUjMn"
"root","uEJyOd7qgV78D4FwldxY_0324080688_organizing_secretary","0324080688","uEJyOd7qgV78D4FwldxY","Organizing Secretary","2026-07-30T09:21:51.256Z","UNGuG0ss0P9HH0GfUvze"
"root","uEJyOd7qgV78D4FwldxY_0324080688_president","0324080688","uEJyOd7qgV78D4FwldxY","President","2026-07-30T09:21:51.253Z","5KFgeF2F0FpNIF5W1fQd"
"root","uEJyOd7qgV78D4FwldxY_0324080688_public_relations_officer__pro_","0324080688","uEJyOd7qgV78D4FwldxY","Public Relations Officer (PRO)","2026-07-30T09:21:51.343Z","HLadyiMgWwHaYS80fbEc"
"root","uEJyOd7qgV78D4FwldxY_0324080688_wocom","0324080688","uEJyOd7qgV78D4FwldxY","WOCOM","2026-07-30T09:21:51.305Z","VmGXM8wTQSOQ4qBxzOov"
"root","uEJyOd7qgV78D4FwldxY_0324080689__general_secretary","0324080689","uEJyOd7qgV78D4FwldxY"," General Secretary","2026-07-30T19:54:33.931Z","P4oAYYXXRDnDkSjxiO1Q"
"root","uEJyOd7qgV78D4FwldxY_0324080689_financial_secretary","0324080689","uEJyOd7qgV78D4FwldxY","Financial Secretary","2026-07-30T19:54:33.764Z","QYwNB48XQuMSmhiquajd"
"root","uEJyOd7qgV78D4FwldxY_0324080689_organizing_secretary","0324080689","uEJyOd7qgV78D4FwldxY","Organizing Secretary","2026-07-30T19:54:33.825Z","rjLzRmhrGHbVYGTHRS5k"
"root","uEJyOd7qgV78D4FwldxY_0324080689_president","0324080689","uEJyOd7qgV78D4FwldxY","President","2026-07-30T19:54:33.838Z","tSkCTcLQDtAFwpNlZPVk"
"root","uEJyOd7qgV78D4FwldxY_0324080689_public_relations_officer__pro_","0324080689","uEJyOd7qgV78D4FwldxY","Public Relations Officer (PRO)","2026-07-30T19:54:33.807Z","f3t5Df4ucCAeN3COLPos"
"root","uEJyOd7qgV78D4FwldxY_0324080689_wocom","0324080689","uEJyOd7qgV78D4FwldxY","WOCOM","2026-07-30T19:54:33.960Z","YJy09debIGu1eqX8BXOn"
"root","uEJyOd7qgV78D4FwldxY_0324080690__general_secretary","0324080690","uEJyOd7qgV78D4FwldxY"," General Secretary","2026-07-30T09:23:16.855Z","ZE5kbdrIRvWXo2jTCX8K"
"root","uEJyOd7qgV78D4FwldxY_0324080690_financial_secretary","0324080690","uEJyOd7qgV78D4FwldxY","Financial Secretary","2026-07-30T09:23:16.882Z","fLvqxi8icPL8T2q5uLKa"
"root","uEJyOd7qgV78D4FwldxY_0324080690_organizing_secretary","0324080690","uEJyOd7qgV78D4FwldxY","Organizing Secretary","2026-07-30T09:23:16.888Z","nkdJsmvHBNunr7RWuHn1"
"root","uEJyOd7qgV78D4FwldxY_0324080690_president","0324080690","uEJyOd7qgV78D4FwldxY","President","2026-07-30T09:23:16.855Z","nb17UIRALqMhA2VOoN0C"
"root","uEJyOd7qgV78D4FwldxY_0324080690_public_relations_officer__pro_","0324080690","uEJyOd7qgV78D4FwldxY","Public Relations Officer (PRO)","2026-07-30T09:23:16.744Z","O8JKLhOqB4QWeE5U6GiB"
"root","uEJyOd7qgV78D4FwldxY_0324080690_wocom","0324080690","uEJyOd7qgV78D4FwldxY","WOCOM","2026-07-30T09:23:16.919Z","2JGgYTdzhAv2aFXFIabm"
"root","uEJyOd7qgV78D4FwldxY_0324080691__general_secretary","0324080691","uEJyOd7qgV78D4FwldxY"," General Secretary","2026-07-30T20:51:06.889Z","z5GzlEC2BVHrDhhMRlf7"
"root","uEJyOd7qgV78D4FwldxY_0324080691_financial_secretary","0324080691","uEJyOd7qgV78D4FwldxY","Financial Secretary","2026-07-30T20:51:06.754Z","Tjdc1JU6ZUOEOtCt7XrN"
"root","uEJyOd7qgV78D4FwldxY_0324080691_organizing_secretary","0324080691","uEJyOd7qgV78D4FwldxY","Organizing Secretary","2026-07-30T20:51:06.748Z","rkENbW4i7UFKjnJTk8pW"
"root","uEJyOd7qgV78D4FwldxY_0324080691_president","0324080691","uEJyOd7qgV78D4FwldxY","President","2026-07-30T20:51:06.729Z","4wpB697WAG3femr91DRD"
"root","uEJyOd7qgV78D4FwldxY_0324080691_public_relations_officer__pro_","0324080691","uEJyOd7qgV78D4FwldxY","Public Relations Officer (PRO)","2026-07-30T20:51:06.770Z","xmLoIgD2iDk8ZidV20BZ"
"root","uEJyOd7qgV78D4FwldxY_0324080691_wocom","0324080691","uEJyOd7qgV78D4FwldxY","WOCOM","2026-07-30T20:51:06.848Z","xFFNLPelni9BrYHKWdyG"
"root","uEJyOd7qgV78D4FwldxY_0324080699__general_secretary","0324080699","uEJyOd7qgV78D4FwldxY"," General Secretary","2026-07-30T11:03:01.377Z","Ylws4JqkHkBtYfsqKZRQ"
"root","uEJyOd7qgV78D4FwldxY_0324080699_financial_secretary","0324080699","uEJyOd7qgV78D4FwldxY","Financial Secretary","2026-07-30T11:03:01.378Z","Me8uzomRW5RSmQmqElqX"
"root","uEJyOd7qgV78D4FwldxY_0324080699_organizing_secretary","0324080699","uEJyOd7qgV78D4FwldxY","Organizing Secretary","2026-07-30T11:03:01.604Z","svIZDNAFkhoexwvd2tJB"
"root","uEJyOd7qgV78D4FwldxY_0324080699_president","0324080699","uEJyOd7qgV78D4FwldxY","President","2026-07-30T11:03:01.294Z","YRiLhQ3F2GCu1uLuJUn9"
"root","uEJyOd7qgV78D4FwldxY_0324080699_public_relations_officer__pro_","0324080699","uEJyOd7qgV78D4FwldxY","Public Relations Officer (PRO)","2026-07-30T11:03:01.388Z","rgzalJxeC5qEFGhyJzD2"
"root","uEJyOd7qgV78D4FwldxY_0324080699_wocom","0324080699","uEJyOd7qgV78D4FwldxY","WOCOM","2026-07-30T11:03:01.554Z","VpYn8FAkc2NUChmH3tqs"
"root","uEJyOd7qgV78D4FwldxY_0324080703__general_secretary","0324080703","uEJyOd7qgV78D4FwldxY"," General Secretary","2026-07-30T17:56:16.052Z","OnpwhzZmChTRYGRsGt1F"
"root","uEJyOd7qgV78D4FwldxY_0324080703_financial_secretary","0324080703","uEJyOd7qgV78D4FwldxY","Financial Secretary","2026-07-30T17:56:16.062Z","vn4bcsiJAkrxmp4SI0Ss"
"root","uEJyOd7qgV78D4FwldxY_0324080703_organizing_secretary","0324080703","uEJyOd7qgV78D4FwldxY","Organizing Secretary","2026-07-30T17:56:16.032Z","TDjr998dPu6SzXQEDngL"
"root","uEJyOd7qgV78D4FwldxY_0324080703_president","0324080703","uEJyOd7qgV78D4FwldxY","President","2026-07-30T17:56:16.091Z","DpEWXCfdM2vRpeXdhV2m"
"root","uEJyOd7qgV78D4FwldxY_0324080703_public_relations_officer__pro_","0324080703","uEJyOd7qgV78D4FwldxY","Public Relations Officer (PRO)","2026-07-30T17:56:16.135Z","ftw61RH0naL58BNpXAzY"
"root","uEJyOd7qgV78D4FwldxY_0324080703_wocom","0324080703","uEJyOd7qgV78D4FwldxY","WOCOM","2026-07-30T17:56:16.071Z","k8mDkaiGxUfdWpKMbZLf"
"root","uEJyOd7qgV78D4FwldxY_0324080710__general_secretary","0324080710","uEJyOd7qgV78D4FwldxY"," General Secretary","2026-07-30T09:09:19.435Z","ookRSosDGgmV35i47JHT"
"root","uEJyOd7qgV78D4FwldxY_0324080710_financial_secretary","0324080710","uEJyOd7qgV78D4FwldxY","Financial Secretary","2026-07-30T09:09:19.394Z","Uhd4TmtQhLda3nZj5Ecl"
"root","uEJyOd7qgV78D4FwldxY_0324080710_organizing_secretary","0324080710","uEJyOd7qgV78D4FwldxY","Organizing Secretary","2026-07-30T09:09:19.344Z","CNtoeK0zI1CKYPyFO4Gs"
"root","uEJyOd7qgV78D4FwldxY_0324080710_president","0324080710","uEJyOd7qgV78D4FwldxY","President","2026-07-30T09:09:19.385Z","vGNv1gB6fYFtPGPHZ3qI"
"root","uEJyOd7qgV78D4FwldxY_0324080710_public_relations_officer__pro_","0324080710","uEJyOd7qgV78D4FwldxY","Public Relations Officer (PRO)","2026-07-30T09:09:19.477Z","6d6qS0rjeywHeFKssvGF"
"root","uEJyOd7qgV78D4FwldxY_0324080710_wocom","0324080710","uEJyOd7qgV78D4FwldxY","WOCOM","2026-07-30T09:09:19.400Z","Bg16B357bIs32aaOXWkR"
"root","uEJyOd7qgV78D4FwldxY_0324080711__general_secretary","0324080711","uEJyOd7qgV78D4FwldxY"," General Secretary","2026-07-30T18:22:43.474Z","XTwHavoW88tl6tk1IbHS"
"root","uEJyOd7qgV78D4FwldxY_0324080711_financial_secretary","0324080711","uEJyOd7qgV78D4FwldxY","Financial Secretary","2026-07-30T18:22:43.547Z","9yKQcS3WUBZdy24Sy6gK"
"root","uEJyOd7qgV78D4FwldxY_0324080711_organizing_secretary","0324080711","uEJyOd7qgV78D4FwldxY","Organizing Secretary","2026-07-30T18:22:43.605Z","y1Y3nryY9oS11ivBZ9I4"
"root","uEJyOd7qgV78D4FwldxY_0324080711_president","0324080711","uEJyOd7qgV78D4FwldxY","President","2026-07-30T18:22:43.400Z","6HIAhtrRBuX58LD7niEi"
"root","uEJyOd7qgV78D4FwldxY_0324080711_public_relations_officer__pro_","0324080711","uEJyOd7qgV78D4FwldxY","Public Relations Officer (PRO)","2026-07-30T18:22:43.495Z","QEkSa65bPmmQkTMLMWhs"
"root","uEJyOd7qgV78D4FwldxY_0324080711_wocom","0324080711","uEJyOd7qgV78D4FwldxY","WOCOM","2026-07-30T18:22:43.542Z","MbIwFjUepsNsAXYH0VuM"
"root","uEJyOd7qgV78D4FwldxY_0324080712__general_secretary","0324080712","uEJyOd7qgV78D4FwldxY"," General Secretary","2026-07-30T18:29:50.913Z","j9QNLLRgCgoW5eUQ1iTU"
"root","uEJyOd7qgV78D4FwldxY_0324080712_financial_secretary","0324080712","uEJyOd7qgV78D4FwldxY","Financial Secretary","2026-07-30T18:29:50.987Z","uxyIpPM9WzDGUxm9uape"
"root","uEJyOd7qgV78D4FwldxY_0324080712_organizing_secretary","0324080712","uEJyOd7qgV78D4FwldxY","Organizing Secretary","2026-07-30T18:29:50.901Z","C7eB0P6Y6Exd29vo1Le2"
"root","uEJyOd7qgV78D4FwldxY_0324080712_president","0324080712","uEJyOd7qgV78D4FwldxY","President","2026-07-30T18:29:51.035Z","rMedpWLs3O8nwfwWA4qh"
"root","uEJyOd7qgV78D4FwldxY_0324080712_public_relations_officer__pro_","0324080712","uEJyOd7qgV78D4FwldxY","Public Relations Officer (PRO)","2026-07-30T18:29:50.856Z","ErsbLtr8JMjqWfdNO9RY"
"root","uEJyOd7qgV78D4FwldxY_0324080712_wocom","0324080712","uEJyOd7qgV78D4FwldxY","WOCOM","2026-07-30T18:29:50.869Z","l4aG8bklqhCWn6BEdvbL"
"root","uEJyOd7qgV78D4FwldxY_0324080713__general_secretary","0324080713","uEJyOd7qgV78D4FwldxY"," General Secretary","2026-07-30T09:14:32.711Z","wuYxN3IVUnVhHnDabRLX"
"root","uEJyOd7qgV78D4FwldxY_0324080713_financial_secretary","0324080713","uEJyOd7qgV78D4FwldxY","Financial Secretary","2026-07-30T09:14:33.015Z","bd00WQiqyn2L0QwtdljR"
"root","uEJyOd7qgV78D4FwldxY_0324080713_organizing_secretary","0324080713","uEJyOd7qgV78D4FwldxY","Organizing Secretary","2026-07-30T09:14:33.182Z","XMQTIfr7ixpcG9b7K1Ey"
"root","uEJyOd7qgV78D4FwldxY_0324080713_president","0324080713","uEJyOd7qgV78D4FwldxY","President","2026-07-30T09:14:32.685Z","PuS1ixstvJPjhon7v0QG"
"root","uEJyOd7qgV78D4FwldxY_0324080713_public_relations_officer__pro_","0324080713","uEJyOd7qgV78D4FwldxY","Public Relations Officer (PRO)","2026-07-30T09:14:32.694Z","VndbGcCvXSmq3KnqS3gp"
"root","uEJyOd7qgV78D4FwldxY_0324080713_wocom","0324080713","uEJyOd7qgV78D4FwldxY","WOCOM","2026-07-30T09:14:32.736Z","oqVeLHcDHeJExSu5AN2d"
"root","uEJyOd7qgV78D4FwldxY_0324080714__general_secretary","0324080714","uEJyOd7qgV78D4FwldxY"," General Secretary","2026-07-30T09:10:54.224Z","aWErghLfxAMwmPCTLV1z"
"root","uEJyOd7qgV78D4FwldxY_0324080714_financial_secretary","0324080714","uEJyOd7qgV78D4FwldxY","Financial Secretary","2026-07-30T09:10:54.309Z","1GC6kp9kvhL6KB9rDhis"
"root","uEJyOd7qgV78D4FwldxY_0324080714_organizing_secretary","0324080714","uEJyOd7qgV78D4FwldxY","Organizing Secretary","2026-07-30T09:10:54.310Z","0CoGU3OzUATTycu0Hwxt"
"root","uEJyOd7qgV78D4FwldxY_0324080714_president","0324080714","uEJyOd7qgV78D4FwldxY","President","2026-07-30T09:10:54.196Z","OBa2WLMlsWAZB36oDGIx"
"root","uEJyOd7qgV78D4FwldxY_0324080714_public_relations_officer__pro_","0324080714","uEJyOd7qgV78D4FwldxY","Public Relations Officer (PRO)","2026-07-30T09:10:54.358Z","4Opi923wmdRJfdku8fGh"
"root","uEJyOd7qgV78D4FwldxY_0324080714_wocom","0324080714","uEJyOd7qgV78D4FwldxY","WOCOM","2026-07-30T09:10:54.166Z","KxGiHA7BBcWlzWuZDDNm"
"root","uEJyOd7qgV78D4FwldxY_0324080716__general_secretary","0324080716","uEJyOd7qgV78D4FwldxY"," General Secretary","2026-07-30T09:21:31.141Z","KFDmHiG2k6unwmeKEXAk"
"root","uEJyOd7qgV78D4FwldxY_0324080716_financial_secretary","0324080716","uEJyOd7qgV78D4FwldxY","Financial Secretary","2026-07-30T09:21:31.028Z","nVdxOZfoC14UmFy6ip8U"
"root","uEJyOd7qgV78D4FwldxY_0324080716_organizing_secretary","0324080716","uEJyOd7qgV78D4FwldxY","Organizing Secretary","2026-07-30T09:21:31.080Z","C9mCOyHbW6xkGrpftMkP"
"root","uEJyOd7qgV78D4FwldxY_0324080716_president","0324080716","uEJyOd7qgV78D4FwldxY","President","2026-07-30T09:21:31.144Z","5a3e63mX10WVJjwwRNXk"
"root","uEJyOd7qgV78D4FwldxY_0324080716_public_relations_officer__pro_","0324080716","uEJyOd7qgV78D4FwldxY","Public Relations Officer (PRO)","2026-07-30T09:21:31.129Z","uKTqMc74n7dJfqiAAj7Z"
"root","uEJyOd7qgV78D4FwldxY_0324080716_wocom","0324080716","uEJyOd7qgV78D4FwldxY","WOCOM","2026-07-30T09:21:31.108Z","zAZkhJzN5uSnrdnhgYA1"
"root","uEJyOd7qgV78D4FwldxY_0324080717_president","0324080717","uEJyOd7qgV78D4FwldxY","President","2026-07-30T09:30:01.676Z","z23qIgnQwkrUjLZG0H8d"
"root","uEJyOd7qgV78D4FwldxY_0324080721__general_secretary","0324080721","uEJyOd7qgV78D4FwldxY"," General Secretary","2026-07-30T21:21:25.341Z","CgYFB14juWsDM9kiXGdI"
"root","uEJyOd7qgV78D4FwldxY_0324080721_financial_secretary","0324080721","uEJyOd7qgV78D4FwldxY","Financial Secretary","2026-07-30T21:21:25.469Z","ZhS8fcRWgCxyHOidYQlu"
"root","uEJyOd7qgV78D4FwldxY_0324080721_organizing_secretary","0324080721","uEJyOd7qgV78D4FwldxY","Organizing Secretary","2026-07-30T21:21:25.509Z","lL34YWVgvL44f6L00o04"
"root","uEJyOd7qgV78D4FwldxY_0324080721_president","0324080721","uEJyOd7qgV78D4FwldxY","President","2026-07-30T21:21:25.405Z","MUby9GtRBhljfTCUc8RY"
"root","uEJyOd7qgV78D4FwldxY_0324080721_public_relations_officer__pro_","0324080721","uEJyOd7qgV78D4FwldxY","Public Relations Officer (PRO)","2026-07-30T21:21:25.519Z","QjRY3c2OAD8meMrRabRe"
"root","uEJyOd7qgV78D4FwldxY_0324080721_wocom","0324080721","uEJyOd7qgV78D4FwldxY","WOCOM","2026-07-30T21:21:25.440Z","2lPCtoI4WuLvq4nQaKw4"
"root","uEJyOd7qgV78D4FwldxY_0324080728__general_secretary","0324080728","uEJyOd7qgV78D4FwldxY"," General Secretary","2026-07-30T11:37:10.752Z","05tTAC7nXSxJdb9qkpYI"
"root","uEJyOd7qgV78D4FwldxY_0324080728_financial_secretary","0324080728","uEJyOd7qgV78D4FwldxY","Financial Secretary","2026-07-30T11:37:10.744Z","w5Mk3xdpiwcUcif4PZ1s"
"root","uEJyOd7qgV78D4FwldxY_0324080728_organizing_secretary","0324080728","uEJyOd7qgV78D4FwldxY","Organizing Secretary","2026-07-30T11:37:10.787Z","TW9oVWEQ9brgZwdBypR0"
"root","uEJyOd7qgV78D4FwldxY_0324080728_president","0324080728","uEJyOd7qgV78D4FwldxY","President","2026-07-30T11:37:10.794Z","3JyJSoAlSlh6zVmeDv3j"
"root","uEJyOd7qgV78D4FwldxY_0324080728_public_relations_officer__pro_","0324080728","uEJyOd7qgV78D4FwldxY","Public Relations Officer (PRO)","2026-07-30T11:37:10.781Z","hnA6bD8dpYyfpXrBrYmX"
"root","uEJyOd7qgV78D4FwldxY_0324080728_wocom","0324080728","uEJyOd7qgV78D4FwldxY","WOCOM","2026-07-30T11:37:10.786Z","hVKpC1f7zASY6cY5BNCY"
"root","uEJyOd7qgV78D4FwldxY_0324090015__general_secretary","0324090015","uEJyOd7qgV78D4FwldxY"," General Secretary","2026-07-30T11:21:24.958Z","9iOfjXy3BRWHZkTy70kN"
"root","uEJyOd7qgV78D4FwldxY_0324090015_financial_secretary","0324090015","uEJyOd7qgV78D4FwldxY","Financial Secretary","2026-07-30T11:21:25.010Z","WRI9xbNhqnFL1m0Tj1Xn"
"root","uEJyOd7qgV78D4FwldxY_0324090015_organizing_secretary","0324090015","uEJyOd7qgV78D4FwldxY","Organizing Secretary","2026-07-30T11:21:26.592Z","r987ZpPMSRnGdilfNxhL"
"root","uEJyOd7qgV78D4FwldxY_0324090015_president","0324090015","uEJyOd7qgV78D4FwldxY","President","2026-07-30T11:21:26.603Z","3Qyp9jpFNeI5oxkglTK0"
"root","uEJyOd7qgV78D4FwldxY_0324090015_public_relations_officer__pro_","0324090015","uEJyOd7qgV78D4FwldxY","Public Relations Officer (PRO)","2026-07-30T11:21:26.501Z","gg1HVqUn4AbS1XfXDgOI"
"root","uEJyOd7qgV78D4FwldxY_0324090015_wocom","0324090015","uEJyOd7qgV78D4FwldxY","WOCOM","2026-07-30T11:21:26.474Z","Inxz8i8PZq1v4IABZeDJ"
"root","uEJyOd7qgV78D4FwldxY_0325080002__general_secretary","0325080002","uEJyOd7qgV78D4FwldxY"," General Secretary","2026-07-30T11:33:46.385Z","nvD67ZKaqt9aHsJHpwoD"
"root","uEJyOd7qgV78D4FwldxY_0325080002_financial_secretary","0325080002","uEJyOd7qgV78D4FwldxY","Financial Secretary","2026-07-30T11:33:46.364Z","UBQQPzqO0JVQiN8SCQN6"
"root","uEJyOd7qgV78D4FwldxY_0325080002_organizing_secretary","0325080002","uEJyOd7qgV78D4FwldxY","Organizing Secretary","2026-07-30T11:33:46.293Z","M53mn682imouGf2a9oOC"
"root","uEJyOd7qgV78D4FwldxY_0325080002_president","0325080002","uEJyOd7qgV78D4FwldxY","President","2026-07-30T11:33:46.289Z","LiPDP6OQhDqJX1NEh1k5"
"root","uEJyOd7qgV78D4FwldxY_0325080002_public_relations_officer__pro_","0325080002","uEJyOd7qgV78D4FwldxY","Public Relations Officer (PRO)","2026-07-30T11:33:46.519Z","Xs7nDl55ERegv5uFMnl9"
"root","uEJyOd7qgV78D4FwldxY_0325080002_wocom","0325080002","uEJyOd7qgV78D4FwldxY","WOCOM","2026-07-30T11:33:46.330Z","Aqa2rG2Y2w6OWFbLjBdU"
"root","uEJyOd7qgV78D4FwldxY_0325080005__general_secretary","0325080005","uEJyOd7qgV78D4FwldxY"," General Secretary","2026-07-30T18:48:00.370Z","vrTqlH2jczQGr9yd8sf9"
"root","uEJyOd7qgV78D4FwldxY_0325080005_financial_secretary","0325080005","uEJyOd7qgV78D4FwldxY","Financial Secretary","2026-07-30T18:48:00.730Z","WF4Y2uCwCqPKAtX57RNf"
"root","uEJyOd7qgV78D4FwldxY_0325080005_organizing_secretary","0325080005","uEJyOd7qgV78D4FwldxY","Organizing Secretary","2026-07-30T18:48:00.216Z","X5WXzsRzHIkfhM8vhvi9"
"root","uEJyOd7qgV78D4FwldxY_0325080005_president","0325080005","uEJyOd7qgV78D4FwldxY","President","2026-07-30T18:48:00.180Z","cHlYOi2bUieuv0HOJ3Lg"
"root","uEJyOd7qgV78D4FwldxY_0325080005_public_relations_officer__pro_","0325080005","uEJyOd7qgV78D4FwldxY","Public Relations Officer (PRO)","2026-07-30T18:48:00.253Z","RMyrxSFwaATU8q0C3hyf"
"root","uEJyOd7qgV78D4FwldxY_0325080005_wocom","0325080005","uEJyOd7qgV78D4FwldxY","WOCOM","2026-07-30T18:48:00.395Z","34ALGO3pJTRZP1uqaKyg"
"root","uEJyOd7qgV78D4FwldxY_0325080012__general_secretary","0325080012","uEJyOd7qgV78D4FwldxY"," General Secretary","2026-07-30T18:41:45.020Z","yWm3SKKmpyoypbHMTMCf"
"root","uEJyOd7qgV78D4FwldxY_0325080012_financial_secretary","0325080012","uEJyOd7qgV78D4FwldxY","Financial Secretary","2026-07-30T18:41:45.359Z","WaCpfkxJs2CFgw3WdpDM"
"root","uEJyOd7qgV78D4FwldxY_0325080012_organizing_secretary","0325080012","uEJyOd7qgV78D4FwldxY","Organizing Secretary","2026-07-30T18:41:44.965Z","x5zlWHRwEtMC3vciFYia"
"root","uEJyOd7qgV78D4FwldxY_0325080012_president","0325080012","uEJyOd7qgV78D4FwldxY","President","2026-07-30T18:41:45.336Z","WQn6p7Z5xAbSZgWwnv7c"
"root","uEJyOd7qgV78D4FwldxY_0325080012_wocom","0325080012","uEJyOd7qgV78D4FwldxY","WOCOM","2026-07-30T18:41:45.018Z","7srYPEaU6YFvXJF3QYkT"
"root","uEJyOd7qgV78D4FwldxY_0325080022__general_secretary","0325080022","uEJyOd7qgV78D4FwldxY"," General Secretary","2026-07-30T20:25:28.321Z","F53QcbDwND7AHnbwXPWq"
"root","uEJyOd7qgV78D4FwldxY_0325080022_financial_secretary","0325080022","uEJyOd7qgV78D4FwldxY","Financial Secretary","2026-07-30T20:25:28.570Z","NyocAhSaHX72vRwNEjzO"
"root","uEJyOd7qgV78D4FwldxY_0325080022_organizing_secretary","0325080022","uEJyOd7qgV78D4FwldxY","Organizing Secretary","2026-07-30T20:25:28.540Z","XHvXMmEm460sWre9F5ME"
"root","uEJyOd7qgV78D4FwldxY_0325080022_president","0325080022","uEJyOd7qgV78D4FwldxY","President","2026-07-30T20:25:28.469Z","ZIaOodpsyKB5Fh8R2F5l"
"root","uEJyOd7qgV78D4FwldxY_0325080022_public_relations_officer__pro_","0325080022","uEJyOd7qgV78D4FwldxY","Public Relations Officer (PRO)","2026-07-30T20:25:28.291Z","2z2Ko0XTwVWP9V7ET6UI"
"root","uEJyOd7qgV78D4FwldxY_0325080022_wocom","0325080022","uEJyOd7qgV78D4FwldxY","WOCOM","2026-07-30T20:25:28.439Z","yzyOrLSh2N9nUfRKQFDf"
"root","uEJyOd7qgV78D4FwldxY_0325080024__general_secretary","0325080024","uEJyOd7qgV78D4FwldxY"," General Secretary","2026-07-30T18:58:18.806Z","jO2EytRVvTFORFQcye74"
"root","uEJyOd7qgV78D4FwldxY_0325080024_financial_secretary","0325080024","uEJyOd7qgV78D4FwldxY","Financial Secretary","2026-07-30T18:58:18.739Z","lDwqJeWKtvVDTNyDdbPb"
"root","uEJyOd7qgV78D4FwldxY_0325080024_organizing_secretary","0325080024","uEJyOd7qgV78D4FwldxY","Organizing Secretary","2026-07-30T18:58:18.902Z","9xNHGAspSU1aadUl836Y"
"root","uEJyOd7qgV78D4FwldxY_0325080024_president","0325080024","uEJyOd7qgV78D4FwldxY","President","2026-07-30T18:58:18.793Z","PxEcHVbI7k8PjQpoxox2"
"root","uEJyOd7qgV78D4FwldxY_0325080024_public_relations_officer__pro_","0325080024","uEJyOd7qgV78D4FwldxY","Public Relations Officer (PRO)","2026-07-30T18:58:18.782Z","kCSCjY2vnRKNWk2u0sq9"
"root","uEJyOd7qgV78D4FwldxY_0325080024_wocom","0325080024","uEJyOd7qgV78D4FwldxY","WOCOM","2026-07-30T18:58:18.778Z","wXdFXjc19SAWrauHyonp"
"root","uEJyOd7qgV78D4FwldxY_0325080026__general_secretary","0325080026","uEJyOd7qgV78D4FwldxY"," General Secretary","2026-07-30T19:35:56.185Z","bClQw1GxiznDGLCptCpB"
"root","uEJyOd7qgV78D4FwldxY_0325080026_financial_secretary","0325080026","uEJyOd7qgV78D4FwldxY","Financial Secretary","2026-07-30T19:35:56.063Z","W4CDCW5chwN7fVHVksoO"
"root","uEJyOd7qgV78D4FwldxY_0325080026_organizing_secretary","0325080026","uEJyOd7qgV78D4FwldxY","Organizing Secretary","2026-07-30T19:35:55.968Z","Stpxlc2ZTnKh7EENESPi"
"root","uEJyOd7qgV78D4FwldxY_0325080026_president","0325080026","uEJyOd7qgV78D4FwldxY","President","2026-07-30T19:35:55.988Z","bduWsdLaDWAY4Z9dN4PP"
"root","uEJyOd7qgV78D4FwldxY_0325080026_public_relations_officer__pro_","0325080026","uEJyOd7qgV78D4FwldxY","Public Relations Officer (PRO)","2026-07-30T19:35:56.501Z","est1X24TZRsw9YljuXtX"
"root","uEJyOd7qgV78D4FwldxY_0325080026_wocom","0325080026","uEJyOd7qgV78D4FwldxY","WOCOM","2026-07-30T19:35:56.377Z","RwP6OjDQkzZVIjbbZhUe"
"root","uEJyOd7qgV78D4FwldxY_0325080027__general_secretary","0325080027","uEJyOd7qgV78D4FwldxY"," General Secretary","2026-07-30T11:22:37.306Z","FZeHNTAwAOKqc6h9Crxf"
"root","uEJyOd7qgV78D4FwldxY_0325080027_financial_secretary","0325080027","uEJyOd7qgV78D4FwldxY","Financial Secretary","2026-07-30T11:22:37.269Z","xji12N2T4XEcgGifNyCO"
"root","uEJyOd7qgV78D4FwldxY_0325080027_organizing_secretary","0325080027","uEJyOd7qgV78D4FwldxY","Organizing Secretary","2026-07-30T11:22:37.245Z","izbfF0TeaOsjzxf3IfXo"
"root","uEJyOd7qgV78D4FwldxY_0325080027_president","0325080027","uEJyOd7qgV78D4FwldxY","President","2026-07-30T11:22:37.632Z","JzguqQdWnocbWsQWPktV"
"root","uEJyOd7qgV78D4FwldxY_0325080027_public_relations_officer__pro_","0325080027","uEJyOd7qgV78D4FwldxY","Public Relations Officer (PRO)","2026-07-30T11:22:37.341Z","6YxspG8XJVRKLt6ROh33"
"root","uEJyOd7qgV78D4FwldxY_0325080027_wocom","0325080027","uEJyOd7qgV78D4FwldxY","WOCOM","2026-07-30T11:22:37.410Z","1VrFERWIN27ZiGuXMYe9"
"root","uEJyOd7qgV78D4FwldxY_0325080030_financial_secretary","0325080030","uEJyOd7qgV78D4FwldxY","Financial Secretary","2026-07-30T20:08:41.961Z","2uvlPiAVCxS24kleEXMR"
"root","uEJyOd7qgV78D4FwldxY_0325080030_president","0325080030","uEJyOd7qgV78D4FwldxY","President","2026-07-30T20:08:42.072Z","FkihSvnKdvkJt1c0nOZp"
"root","uEJyOd7qgV78D4FwldxY_0325080030_public_relations_officer__pro_","0325080030","uEJyOd7qgV78D4FwldxY","Public Relations Officer (PRO)","2026-07-30T20:08:42.162Z","vPT1oWCkiz73m5L92zAj"
"root","uEJyOd7qgV78D4FwldxY_0325080032__general_secretary","0325080032","uEJyOd7qgV78D4FwldxY"," General Secretary","2026-07-30T19:50:29.560Z","CjoqLdci3xmGpD5ev07s"
"root","uEJyOd7qgV78D4FwldxY_0325080032_financial_secretary","0325080032","uEJyOd7qgV78D4FwldxY","Financial Secretary","2026-07-30T19:50:29.599Z","6qp2KScWNSqbEOjisg1v"
"root","uEJyOd7qgV78D4FwldxY_0325080032_organizing_secretary","0325080032","uEJyOd7qgV78D4FwldxY","Organizing Secretary","2026-07-30T19:50:29.485Z","XVa67UmGG5bTvWHjIXWJ"
"root","uEJyOd7qgV78D4FwldxY_0325080032_president","0325080032","uEJyOd7qgV78D4FwldxY","President","2026-07-30T19:50:29.651Z","MOwFzGlyuvvaF71dpz8R"
"root","uEJyOd7qgV78D4FwldxY_0325080032_public_relations_officer__pro_","0325080032","uEJyOd7qgV78D4FwldxY","Public Relations Officer (PRO)","2026-07-30T19:50:29.482Z","BMWhgj124HQCf2yCKw4D"
"root","uEJyOd7qgV78D4FwldxY_0325080032_wocom","0325080032","uEJyOd7qgV78D4FwldxY","WOCOM","2026-07-30T19:50:29.716Z","EF9LWhYcqYUQQr4BPra8"
"root","uEJyOd7qgV78D4FwldxY_0325080033__general_secretary","0325080033","uEJyOd7qgV78D4FwldxY"," General Secretary","2026-07-30T20:02:00.307Z","uONd1KJJZBrecR8rDDII"
"root","uEJyOd7qgV78D4FwldxY_0325080033_financial_secretary","0325080033","uEJyOd7qgV78D4FwldxY","Financial Secretary","2026-07-30T20:02:00.283Z","QqS53HW3leBOsylSfuRR"
"root","uEJyOd7qgV78D4FwldxY_0325080033_organizing_secretary","0325080033","uEJyOd7qgV78D4FwldxY","Organizing Secretary","2026-07-30T20:02:00.360Z","39TLa0Bl71NxRzrk57wM"
"root","uEJyOd7qgV78D4FwldxY_0325080033_president","0325080033","uEJyOd7qgV78D4FwldxY","President","2026-07-30T20:02:00.317Z","nTUvyQqmaNDABLLLOJ6l"
"root","uEJyOd7qgV78D4FwldxY_0325080033_public_relations_officer__pro_","0325080033","uEJyOd7qgV78D4FwldxY","Public Relations Officer (PRO)","2026-07-30T20:02:00.642Z","oZ5qqSQFVC0oGv8NRCX1"
"root","uEJyOd7qgV78D4FwldxY_0325080033_wocom","0325080033","uEJyOd7qgV78D4FwldxY","WOCOM","2026-07-30T20:02:00.324Z","AUHq8mYcBuMisyiiVq8E"
"root","uEJyOd7qgV78D4FwldxY_0325080035__general_secretary","0325080035","uEJyOd7qgV78D4FwldxY"," General Secretary","2026-07-30T19:01:18.902Z","39H7PLJyHfnkIFZhqbOJ"
"root","uEJyOd7qgV78D4FwldxY_0325080035_financial_secretary","0325080035","uEJyOd7qgV78D4FwldxY","Financial Secretary","2026-07-30T19:01:18.547Z","7ykF8ehEFwhqE3BTRMMp"
"root","uEJyOd7qgV78D4FwldxY_0325080035_organizing_secretary","0325080035","uEJyOd7qgV78D4FwldxY","Organizing Secretary","2026-07-30T19:01:18.671Z","3QfwzL6ghdkReq8LaJnx"
"root","uEJyOd7qgV78D4FwldxY_0325080035_president","0325080035","uEJyOd7qgV78D4FwldxY","President","2026-07-30T19:01:18.615Z","iBVD33zsTPFrVf2W4NPZ"
"root","uEJyOd7qgV78D4FwldxY_0325080035_wocom","0325080035","uEJyOd7qgV78D4FwldxY","WOCOM","2026-07-30T19:01:18.559Z","3kSyyJcXc5NPQPmZQ7jf"
"root","uEJyOd7qgV78D4FwldxY_0325080037__general_secretary","0325080037","uEJyOd7qgV78D4FwldxY"," General Secretary","2026-07-30T18:20:54.895Z","k4nvlM7njfJr3x44bVYS"
"root","uEJyOd7qgV78D4FwldxY_0325080037_financial_secretary","0325080037","uEJyOd7qgV78D4FwldxY","Financial Secretary","2026-07-30T18:20:54.901Z","vlHiRVWJ6OdyHz9LPEYJ"
"root","uEJyOd7qgV78D4FwldxY_0325080037_organizing_secretary","0325080037","uEJyOd7qgV78D4FwldxY","Organizing Secretary","2026-07-30T18:20:54.890Z","QJ01jDz5saQlQgwWO0IR"
"root","uEJyOd7qgV78D4FwldxY_0325080037_president","0325080037","uEJyOd7qgV78D4FwldxY","President","2026-07-30T18:20:54.839Z","B0KEk8X6OJqW0ySo1F2R"
"root","uEJyOd7qgV78D4FwldxY_0325080037_wocom","0325080037","uEJyOd7qgV78D4FwldxY","WOCOM","2026-07-30T18:20:55.095Z","rw7fnvkeKGGLJQNxgtTe"
"root","uEJyOd7qgV78D4FwldxY_0325080039_president","0325080039","uEJyOd7qgV78D4FwldxY","President","2026-07-30T11:25:46.308Z","H9taslaJYUpwpdNhgmZG"
"root","uEJyOd7qgV78D4FwldxY_0325080040__general_secretary","0325080040","uEJyOd7qgV78D4FwldxY"," General Secretary","2026-07-30T18:08:37.895Z","MKiOYThkXutIioFHtv7i"
"root","uEJyOd7qgV78D4FwldxY_0325080040_financial_secretary","0325080040","uEJyOd7qgV78D4FwldxY","Financial Secretary","2026-07-30T18:08:37.944Z","KCzoL9PrYtqt10oHds9S"
"root","uEJyOd7qgV78D4FwldxY_0325080040_organizing_secretary","0325080040","uEJyOd7qgV78D4FwldxY","Organizing Secretary","2026-07-30T18:08:37.892Z","PVZ1AqhGB5rTl3tQw8Io"
"root","uEJyOd7qgV78D4FwldxY_0325080040_president","0325080040","uEJyOd7qgV78D4FwldxY","President","2026-07-30T18:08:37.960Z","MZMlpBSnskax8ZT7Ac7p"
"root","uEJyOd7qgV78D4FwldxY_0325080040_public_relations_officer__pro_","0325080040","uEJyOd7qgV78D4FwldxY","Public Relations Officer (PRO)","2026-07-30T18:08:37.881Z","J03pVBBVzx3fZLbjLBky"
"root","uEJyOd7qgV78D4FwldxY_0325080040_wocom","0325080040","uEJyOd7qgV78D4FwldxY","WOCOM","2026-07-30T18:08:37.873Z","fCvL3daUCxyUMcQL0ll8"
"root","uEJyOd7qgV78D4FwldxY_0325080057__general_secretary","0325080057","uEJyOd7qgV78D4FwldxY"," General Secretary","2026-07-30T19:33:49.070Z","akX4RKcSqQ4MZjza12i9"
"root","uEJyOd7qgV78D4FwldxY_0325080057_financial_secretary","0325080057","uEJyOd7qgV78D4FwldxY","Financial Secretary","2026-07-30T19:33:48.917Z","STLkr6XlROCS5sAvAaIe"
"root","uEJyOd7qgV78D4FwldxY_0325080057_organizing_secretary","0325080057","uEJyOd7qgV78D4FwldxY","Organizing Secretary","2026-07-30T19:33:48.936Z","uqEuBVdyxvtuINzsUcau"
"root","uEJyOd7qgV78D4FwldxY_0325080057_president","0325080057","uEJyOd7qgV78D4FwldxY","President","2026-07-30T19:33:49.013Z","bXovgcg7ifqqy5UnyudP"
"root","uEJyOd7qgV78D4FwldxY_0325080057_public_relations_officer__pro_","0325080057","uEJyOd7qgV78D4FwldxY","Public Relations Officer (PRO)","2026-07-30T19:33:48.980Z","QaP1t2zlA4zY3Ygq10dt"
"root","uEJyOd7qgV78D4FwldxY_0325080057_wocom","0325080057","uEJyOd7qgV78D4FwldxY","WOCOM","2026-07-30T19:33:49.196Z","0C2OVFYxXx4oEgr7doK0"
"root","uEJyOd7qgV78D4FwldxY_0325080059__general_secretary","0325080059","uEJyOd7qgV78D4FwldxY"," General Secretary","2026-07-30T19:09:14.473Z","VdvFGsoeaiijxvQ3bX4b"
"root","uEJyOd7qgV78D4FwldxY_0325080059_financial_secretary","0325080059","uEJyOd7qgV78D4FwldxY","Financial Secretary","2026-07-30T19:09:14.525Z","vd8ixOR306D3ckE0PZNr"
"root","uEJyOd7qgV78D4FwldxY_0325080059_organizing_secretary","0325080059","uEJyOd7qgV78D4FwldxY","Organizing Secretary","2026-07-30T19:09:14.447Z","WX9fpt0srEhSSHkRmrzZ"
"root","uEJyOd7qgV78D4FwldxY_0325080059_president","0325080059","uEJyOd7qgV78D4FwldxY","President","2026-07-30T19:09:14.574Z","8HMLNRr9oPas7a4WqfPJ"
"root","uEJyOd7qgV78D4FwldxY_0325080059_public_relations_officer__pro_","0325080059","uEJyOd7qgV78D4FwldxY","Public Relations Officer (PRO)","2026-07-30T19:09:14.436Z","s80iWE3HgRUStvdrvDT7"
"root","uEJyOd7qgV78D4FwldxY_0325080059_wocom","0325080059","uEJyOd7qgV78D4FwldxY","WOCOM","2026-07-30T19:09:14.558Z","rEKHh1WHZ1WcR1o61iLa"
"root","uEJyOd7qgV78D4FwldxY_0325080070__general_secretary","0325080070","uEJyOd7qgV78D4FwldxY"," General Secretary","2026-07-30T09:11:48.703Z","445dWz9kP5o3nz3Swaw9"
"root","uEJyOd7qgV78D4FwldxY_0325080070_financial_secretary","0325080070","uEJyOd7qgV78D4FwldxY","Financial Secretary","2026-07-30T09:11:48.736Z","bdGVE1ylOD7AGD1aRTBB"
"root","uEJyOd7qgV78D4FwldxY_0325080070_organizing_secretary","0325080070","uEJyOd7qgV78D4FwldxY","Organizing Secretary","2026-07-30T09:11:48.934Z","SpgHssadVq53pDTlZaxt"
"root","uEJyOd7qgV78D4FwldxY_0325080070_president","0325080070","uEJyOd7qgV78D4FwldxY","President","2026-07-30T09:11:48.800Z","cppOlbb6ZNyTc7gqI9mN"
"root","uEJyOd7qgV78D4FwldxY_0325080070_public_relations_officer__pro_","0325080070","uEJyOd7qgV78D4FwldxY","Public Relations Officer (PRO)","2026-07-30T09:11:48.744Z","30QzdBzY3BLFnL2X2Aqw"
"root","uEJyOd7qgV78D4FwldxY_0325080070_wocom","0325080070","uEJyOd7qgV78D4FwldxY","WOCOM","2026-07-30T09:11:48.738Z","cTppbSO2j467zeGaq8Uq"
"root","uEJyOd7qgV78D4FwldxY_0325080074__general_secretary","0325080074","uEJyOd7qgV78D4FwldxY"," General Secretary","2026-07-30T18:11:25.763Z","L83Z2n15DHnI4xpK0NBS"
"root","uEJyOd7qgV78D4FwldxY_0325080074_financial_secretary","0325080074","uEJyOd7qgV78D4FwldxY","Financial Secretary","2026-07-30T18:11:25.821Z","52TNC5xG92pMCoZUCyS7"
"root","uEJyOd7qgV78D4FwldxY_0325080074_organizing_secretary","0325080074","uEJyOd7qgV78D4FwldxY","Organizing Secretary","2026-07-30T18:11:25.750Z","6RB98G9Iaq5SAfAChLpQ"
"root","uEJyOd7qgV78D4FwldxY_0325080074_president","0325080074","uEJyOd7qgV78D4FwldxY","President","2026-07-30T18:11:25.784Z","eqYKRQdVo8bnAJQtlKhr"
"root","uEJyOd7qgV78D4FwldxY_0325080074_public_relations_officer__pro_","0325080074","uEJyOd7qgV78D4FwldxY","Public Relations Officer (PRO)","2026-07-30T18:11:25.899Z","JX1LXbbKtZqbk0ISBoKD"
"root","uEJyOd7qgV78D4FwldxY_0325080074_wocom","0325080074","uEJyOd7qgV78D4FwldxY","WOCOM","2026-07-30T18:11:25.866Z","htfrDUJ5MXwnGrDJVcRF"
"root","uEJyOd7qgV78D4FwldxY_0325080089__general_secretary","0325080089","uEJyOd7qgV78D4FwldxY"," General Secretary","2026-07-30T11:08:37.797Z","zC8l77GQhBEcjkA9U6et"
"root","uEJyOd7qgV78D4FwldxY_0325080089_financial_secretary","0325080089","uEJyOd7qgV78D4FwldxY","Financial Secretary","2026-07-30T11:08:37.741Z","Lxv32YXdBjR7kGTriDax"
"root","uEJyOd7qgV78D4FwldxY_0325080089_organizing_secretary","0325080089","uEJyOd7qgV78D4FwldxY","Organizing Secretary","2026-07-30T11:08:37.785Z","DmARNg1lZKROkVPOLnJo"
"root","uEJyOd7qgV78D4FwldxY_0325080089_president","0325080089","uEJyOd7qgV78D4FwldxY","President","2026-07-30T11:08:37.816Z","oowvZLgy5Y7gKeT0tJJh"
"root","uEJyOd7qgV78D4FwldxY_0325080089_public_relations_officer__pro_","0325080089","uEJyOd7qgV78D4FwldxY","Public Relations Officer (PRO)","2026-07-30T11:08:37.701Z","TK7NjGHbXZAOGjWi4Nb6"
"root","uEJyOd7qgV78D4FwldxY_0325080089_wocom","0325080089","uEJyOd7qgV78D4FwldxY","WOCOM","2026-07-30T11:08:38.197Z","Jitn4xvny7OCoe7rzTsm"
"root","uEJyOd7qgV78D4FwldxY_0325080094_president","0325080094","uEJyOd7qgV78D4FwldxY","President","2026-07-30T11:33:58.007Z","LFJLixqKXJAQA7T8IR8Y"
"root","uEJyOd7qgV78D4FwldxY_0325080094_public_relations_officer__pro_","0325080094","uEJyOd7qgV78D4FwldxY","Public Relations Officer (PRO)","2026-07-30T11:33:57.915Z","vBeoy8BrqAc3XXwXiWfD"
"root","uEJyOd7qgV78D4FwldxY_0325080094_wocom","0325080094","uEJyOd7qgV78D4FwldxY","WOCOM","2026-07-30T11:33:58.084Z","QPdLhUBZVLusY1hQgu7v"
"root","uEJyOd7qgV78D4FwldxY_0325080099__general_secretary","0325080099","uEJyOd7qgV78D4FwldxY"," General Secretary","2026-07-30T20:30:11.875Z","j0D5ppKWXL6VmBcawrKh"
"root","uEJyOd7qgV78D4FwldxY_0325080099_financial_secretary","0325080099","uEJyOd7qgV78D4FwldxY","Financial Secretary","2026-07-30T20:30:12.113Z","Ds7UkZpahWiCPHcHkWIs"
"root","uEJyOd7qgV78D4FwldxY_0325080099_organizing_secretary","0325080099","uEJyOd7qgV78D4FwldxY","Organizing Secretary","2026-07-30T20:30:11.879Z","DELEjYRtgfoGmfuOPV1C"
"root","uEJyOd7qgV78D4FwldxY_0325080099_president","0325080099","uEJyOd7qgV78D4FwldxY","President","2026-07-30T20:30:11.807Z","HGDKfoIlsNcRSDirWpqj"
"root","uEJyOd7qgV78D4FwldxY_0325080099_public_relations_officer__pro_","0325080099","uEJyOd7qgV78D4FwldxY","Public Relations Officer (PRO)","2026-07-30T20:30:11.837Z","e6lNULKxW2lVHSznpV0q"
"root","uEJyOd7qgV78D4FwldxY_0325080099_wocom","0325080099","uEJyOd7qgV78D4FwldxY","WOCOM","2026-07-30T20:30:11.920Z","FuL7v4NuVuxS8hXLgTRS"
"root","uEJyOd7qgV78D4FwldxY_0325080100__general_secretary","0325080100","uEJyOd7qgV78D4FwldxY"," General Secretary","2026-07-30T09:20:02.358Z","KvHwKJwH0YSUhLqca5vM"
"root","uEJyOd7qgV78D4FwldxY_0325080100_organizing_secretary","0325080100","uEJyOd7qgV78D4FwldxY","Organizing Secretary","2026-07-30T09:20:02.090Z","pTcKlvYFc3oAqI0FVZCk"
"root","uEJyOd7qgV78D4FwldxY_0325080100_president","0325080100","uEJyOd7qgV78D4FwldxY","President","2026-07-30T09:20:02.259Z","14amSRTme5TBD2YSdpcB"
"root","uEJyOd7qgV78D4FwldxY_0325080100_wocom","0325080100","uEJyOd7qgV78D4FwldxY","WOCOM","2026-07-30T09:20:02.069Z","ErRN7I0cTfDGu7sVkgEl"
"root","uEJyOd7qgV78D4FwldxY_0325080106__general_secretary","0325080106","uEJyOd7qgV78D4FwldxY"," General Secretary","2026-07-30T11:23:29.111Z","TvpYJl2F7Yt7emBeRIHB"
"root","uEJyOd7qgV78D4FwldxY_0325080106_financial_secretary","0325080106","uEJyOd7qgV78D4FwldxY","Financial Secretary","2026-07-30T11:23:29.096Z","lBEjaoX5nLlqIHT7TtEB"
"root","uEJyOd7qgV78D4FwldxY_0325080106_organizing_secretary","0325080106","uEJyOd7qgV78D4FwldxY","Organizing Secretary","2026-07-30T11:23:29.150Z","E4umZO7w7UcMDmqbMafi"
"root","uEJyOd7qgV78D4FwldxY_0325080106_president","0325080106","uEJyOd7qgV78D4FwldxY","President","2026-07-30T11:23:28.990Z","zSX7FQE31jRDiI71bQ2Y"
"root","uEJyOd7qgV78D4FwldxY_0325080106_public_relations_officer__pro_","0325080106","uEJyOd7qgV78D4FwldxY","Public Relations Officer (PRO)","2026-07-30T11:23:29.171Z","kQDwDlHci3g0dyK5XOzj"
"root","uEJyOd7qgV78D4FwldxY_0325080106_wocom","0325080106","uEJyOd7qgV78D4FwldxY","WOCOM","2026-07-30T11:23:29.056Z","I4Bv9YAtbMfzhSDhgrDf"
"root","uEJyOd7qgV78D4FwldxY_0325080107_president","0325080107","uEJyOd7qgV78D4FwldxY","President","2026-07-30T18:39:08.640Z","m995dHHLssT1oOrSkKsb"
"root","uEJyOd7qgV78D4FwldxY_0325080108__general_secretary","0325080108","uEJyOd7qgV78D4FwldxY"," General Secretary","2026-07-30T11:14:08.596Z","si5ss1HPiAU0V3OUgJS0"
"root","uEJyOd7qgV78D4FwldxY_0325080108_financial_secretary","0325080108","uEJyOd7qgV78D4FwldxY","Financial Secretary","2026-07-30T11:14:08.620Z","AQjj05uVpiQ4zRHj7wQn"
"root","uEJyOd7qgV78D4FwldxY_0325080108_organizing_secretary","0325080108","uEJyOd7qgV78D4FwldxY","Organizing Secretary","2026-07-30T11:14:08.608Z","hybB1uEXVE2UF9HJQH3z"
"root","uEJyOd7qgV78D4FwldxY_0325080108_president","0325080108","uEJyOd7qgV78D4FwldxY","President","2026-07-30T11:14:08.613Z","1qSwNPfkc9kfkX0Nc9Ig"
"root","uEJyOd7qgV78D4FwldxY_0325080108_public_relations_officer__pro_","0325080108","uEJyOd7qgV78D4FwldxY","Public Relations Officer (PRO)","2026-07-30T11:14:08.658Z","1W7p031PKG1hfbhavbV9"
"root","uEJyOd7qgV78D4FwldxY_0325080108_wocom","0325080108","uEJyOd7qgV78D4FwldxY","WOCOM","2026-07-30T11:14:08.694Z","qXlVWpgB8qRxoBMVBGXM"
"root","uEJyOd7qgV78D4FwldxY_0325080109__general_secretary","0325080109","uEJyOd7qgV78D4FwldxY"," General Secretary","2026-07-30T09:23:46.195Z","PPPRqYqbzHr1x1teOgrN"
"root","uEJyOd7qgV78D4FwldxY_0325080109_financial_secretary","0325080109","uEJyOd7qgV78D4FwldxY","Financial Secretary","2026-07-30T09:23:46.197Z","zQgWxQHRVlIyjjwtwLQM"
"root","uEJyOd7qgV78D4FwldxY_0325080109_organizing_secretary","0325080109","uEJyOd7qgV78D4FwldxY","Organizing Secretary","2026-07-30T09:23:46.196Z","st4qNw2sD9ff0L915o9E"
"root","uEJyOd7qgV78D4FwldxY_0325080109_president","0325080109","uEJyOd7qgV78D4FwldxY","President","2026-07-30T09:23:46.194Z","MCJdQdoLxMLQFRPU1X7Y"
"root","uEJyOd7qgV78D4FwldxY_0325080109_public_relations_officer__pro_","0325080109","uEJyOd7qgV78D4FwldxY","Public Relations Officer (PRO)","2026-07-30T09:23:46.245Z","xD9M87eU2Vjt1GmvEZJW"
"root","uEJyOd7qgV78D4FwldxY_0325080109_wocom","0325080109","uEJyOd7qgV78D4FwldxY","WOCOM","2026-07-30T09:23:46.173Z","Ma75bhUaSwGWxjcCMmmR"
"root","uEJyOd7qgV78D4FwldxY_0325080110__general_secretary","0325080110","uEJyOd7qgV78D4FwldxY"," General Secretary","2026-07-30T18:51:06.272Z","Oi4G1z4X0yqAcV0lkEwb"
"root","uEJyOd7qgV78D4FwldxY_0325080110_organizing_secretary","0325080110","uEJyOd7qgV78D4FwldxY","Organizing Secretary","2026-07-30T18:51:06.293Z","2HjVM5XvP09PwMM7MpbO"
"root","uEJyOd7qgV78D4FwldxY_0325080110_president","0325080110","uEJyOd7qgV78D4FwldxY","President","2026-07-30T18:51:06.391Z","mqpyS7l2SBCy7pIAPejN"
"root","uEJyOd7qgV78D4FwldxY_0325080110_wocom","0325080110","uEJyOd7qgV78D4FwldxY","WOCOM","2026-07-30T18:51:06.188Z","6TItPhV0j2sxUPjDUg5e"
"root","uEJyOd7qgV78D4FwldxY_0325080115__general_secretary","0325080115","uEJyOd7qgV78D4FwldxY"," General Secretary","2026-07-30T20:16:17.935Z","Xto4pQ8M5q5Zyf4YKQdt"
"root","uEJyOd7qgV78D4FwldxY_0325080115_financial_secretary","0325080115","uEJyOd7qgV78D4FwldxY","Financial Secretary","2026-07-30T20:16:19.529Z","Dt0hfV6hlz6MES7M6r6p"
"root","uEJyOd7qgV78D4FwldxY_0325080115_organizing_secretary","0325080115","uEJyOd7qgV78D4FwldxY","Organizing Secretary","2026-07-30T20:16:18.059Z","acayxz5u1clPbjDodS48"
"root","uEJyOd7qgV78D4FwldxY_0325080115_president","0325080115","uEJyOd7qgV78D4FwldxY","President","2026-07-30T20:16:17.842Z","SG6ap1SB5ARGXM4qbMAc"
"root","uEJyOd7qgV78D4FwldxY_0325080115_public_relations_officer__pro_","0325080115","uEJyOd7qgV78D4FwldxY","Public Relations Officer (PRO)","2026-07-30T20:16:17.842Z","eQwxan9AxJXnBYJfwxOx"
"root","uEJyOd7qgV78D4FwldxY_0325080115_wocom","0325080115","uEJyOd7qgV78D4FwldxY","WOCOM","2026-07-30T20:16:17.905Z","tAuR12235F25aAOXajn6"
"root","uEJyOd7qgV78D4FwldxY_0325080120__general_secretary","0325080120","uEJyOd7qgV78D4FwldxY"," General Secretary","2026-07-30T20:52:52.294Z","mzg0CfTrAmNJEdVH2sX0"
"root","uEJyOd7qgV78D4FwldxY_0325080120_financial_secretary","0325080120","uEJyOd7qgV78D4FwldxY","Financial Secretary","2026-07-30T20:52:52.224Z","cAUHUYDVr6YRwiAgANli"
"root","uEJyOd7qgV78D4FwldxY_0325080120_organizing_secretary","0325080120","uEJyOd7qgV78D4FwldxY","Organizing Secretary","2026-07-30T20:52:52.295Z","E7lqhq0Edzf71JzA6lp9"
"root","uEJyOd7qgV78D4FwldxY_0325080120_president","0325080120","uEJyOd7qgV78D4FwldxY","President","2026-07-30T20:52:52.327Z","z4f3hwVbD3eFuwvV9fJv"
"root","uEJyOd7qgV78D4FwldxY_0325080120_wocom","0325080120","uEJyOd7qgV78D4FwldxY","WOCOM","2026-07-30T20:52:52.380Z","aOOtE4Lca5xZ1VfTjuwV"
"root","uEJyOd7qgV78D4FwldxY_0325080121__general_secretary","0325080121","uEJyOd7qgV78D4FwldxY"," General Secretary","2026-07-30T18:11:40.757Z","7SHwsu3PZJTTm26biUS6"
"root","uEJyOd7qgV78D4FwldxY_0325080121_financial_secretary","0325080121","uEJyOd7qgV78D4FwldxY","Financial Secretary","2026-07-30T18:11:40.758Z","rPuodbJnRpcQlMWXd3AG"
"root","uEJyOd7qgV78D4FwldxY_0325080121_organizing_secretary","0325080121","uEJyOd7qgV78D4FwldxY","Organizing Secretary","2026-07-30T18:11:40.759Z","w0iqcVgvFLMLVJEmqtZL"
"root","uEJyOd7qgV78D4FwldxY_0325080121_president","0325080121","uEJyOd7qgV78D4FwldxY","President","2026-07-30T18:11:40.664Z","57kVonFxmhez7NWcslma"
"root","uEJyOd7qgV78D4FwldxY_0325080121_public_relations_officer__pro_","0325080121","uEJyOd7qgV78D4FwldxY","Public Relations Officer (PRO)","2026-07-30T18:11:40.858Z","bGxGRUjmBnaXqOtAGdiO"
"root","uEJyOd7qgV78D4FwldxY_0325080121_wocom","0325080121","uEJyOd7qgV78D4FwldxY","WOCOM","2026-07-30T18:11:40.737Z","fVdZFlI1gTjOzlGDsDwJ"
"root","uEJyOd7qgV78D4FwldxY_0325080124__general_secretary","0325080124","uEJyOd7qgV78D4FwldxY"," General Secretary","2026-07-30T09:23:51.059Z","ec7NDn6ie0ulf5SvZ9qp"
"root","uEJyOd7qgV78D4FwldxY_0325080124_financial_secretary","0325080124","uEJyOd7qgV78D4FwldxY","Financial Secretary","2026-07-30T09:23:51.117Z","uVoutIEeXlUfYfnZaQRk"
"root","uEJyOd7qgV78D4FwldxY_0325080124_organizing_secretary","0325080124","uEJyOd7qgV78D4FwldxY","Organizing Secretary","2026-07-30T09:23:51.093Z","T8SVNa2ZqYTOaoVY3U8H"
"root","uEJyOd7qgV78D4FwldxY_0325080124_president","0325080124","uEJyOd7qgV78D4FwldxY","President","2026-07-30T09:23:51.114Z","oaSQweY5x0jGvSrAd62y"
"root","uEJyOd7qgV78D4FwldxY_0325080124_public_relations_officer__pro_","0325080124","uEJyOd7qgV78D4FwldxY","Public Relations Officer (PRO)","2026-07-30T09:23:51.086Z","g2noqSwIBaZ1pPJndLZs"
"root","uEJyOd7qgV78D4FwldxY_0325080124_wocom","0325080124","uEJyOd7qgV78D4FwldxY","WOCOM","2026-07-30T09:23:51.152Z","MswSnuHxmJvt2PalfZgf"
"root","uEJyOd7qgV78D4FwldxY_0325080129__general_secretary","0325080129","uEJyOd7qgV78D4FwldxY"," General Secretary","2026-07-30T19:15:43.313Z","2nJP60Dgeu45FZkRIFy1"
"root","uEJyOd7qgV78D4FwldxY_0325080129_financial_secretary","0325080129","uEJyOd7qgV78D4FwldxY","Financial Secretary","2026-07-30T19:15:43.221Z","Z3EzfmQo3EuD61k3IPTM"
"root","uEJyOd7qgV78D4FwldxY_0325080129_organizing_secretary","0325080129","uEJyOd7qgV78D4FwldxY","Organizing Secretary","2026-07-30T19:15:43.352Z","UDnDZhQbeXM9VPWjmbWx"
"root","uEJyOd7qgV78D4FwldxY_0325080129_president","0325080129","uEJyOd7qgV78D4FwldxY","President","2026-07-30T19:15:43.338Z","3ApVm4FLCRxnimBVQtg0"
"root","uEJyOd7qgV78D4FwldxY_0325080129_public_relations_officer__pro_","0325080129","uEJyOd7qgV78D4FwldxY","Public Relations Officer (PRO)","2026-07-30T19:15:43.628Z","M0k5yCTHyf8OCvQb7yRE"
"root","uEJyOd7qgV78D4FwldxY_0325080129_wocom","0325080129","uEJyOd7qgV78D4FwldxY","WOCOM","2026-07-30T19:15:43.227Z","gJsPisrGCEahfel6oB7b"
"root","uEJyOd7qgV78D4FwldxY_0325080130__general_secretary","0325080130","uEJyOd7qgV78D4FwldxY"," General Secretary","2026-07-30T20:21:32.914Z","nXPvhQYcerXiL0jPvsYN"
"root","uEJyOd7qgV78D4FwldxY_0325080130_financial_secretary","0325080130","uEJyOd7qgV78D4FwldxY","Financial Secretary","2026-07-30T20:21:32.992Z","CBP2n6y9dlElNETRGsRW"
"root","uEJyOd7qgV78D4FwldxY_0325080130_organizing_secretary","0325080130","uEJyOd7qgV78D4FwldxY","Organizing Secretary","2026-07-30T20:21:33.047Z","GAM667KWiXZufP6ZpgmK"
"root","uEJyOd7qgV78D4FwldxY_0325080130_president","0325080130","uEJyOd7qgV78D4FwldxY","President","2026-07-30T20:21:33.052Z","FjycIbSZfNrkhI90vvOY"
"root","uEJyOd7qgV78D4FwldxY_0325080130_public_relations_officer__pro_","0325080130","uEJyOd7qgV78D4FwldxY","Public Relations Officer (PRO)","2026-07-30T20:21:32.848Z","HdOVlQ6zgTeRdH1wXRjG"
"root","uEJyOd7qgV78D4FwldxY_0325080130_wocom","0325080130","uEJyOd7qgV78D4FwldxY","WOCOM","2026-07-30T20:21:32.951Z","jdGczqvOZ6dY3ByQa2qe"
"root","uEJyOd7qgV78D4FwldxY_0325080138__general_secretary","0325080138","uEJyOd7qgV78D4FwldxY"," General Secretary","2026-07-30T19:41:26.099Z","Fyx3egDeVCfqAD2uVDTz"
"root","uEJyOd7qgV78D4FwldxY_0325080138_financial_secretary","0325080138","uEJyOd7qgV78D4FwldxY","Financial Secretary","2026-07-30T19:41:26.427Z","saYEnisq0ip1qaE8wm9z"
"root","uEJyOd7qgV78D4FwldxY_0325080138_organizing_secretary","0325080138","uEJyOd7qgV78D4FwldxY","Organizing Secretary","2026-07-30T19:41:26.180Z","N11L4nsP5EdSDw7PTcaP"
"root","uEJyOd7qgV78D4FwldxY_0325080138_president","0325080138","uEJyOd7qgV78D4FwldxY","President","2026-07-30T19:41:26.242Z","E1PqD2zJCOhdaGhQ4CXI"
"root","uEJyOd7qgV78D4FwldxY_0325080138_public_relations_officer__pro_","0325080138","uEJyOd7qgV78D4FwldxY","Public Relations Officer (PRO)","2026-07-30T19:41:26.347Z","Fa52HxLGIE9fUrkEH5hM"
"root","uEJyOd7qgV78D4FwldxY_0325080138_wocom","0325080138","uEJyOd7qgV78D4FwldxY","WOCOM","2026-07-30T19:41:26.050Z","kgfnqBoAAt3nPdNtF77i"
"root","uEJyOd7qgV78D4FwldxY_0325080139__general_secretary","0325080139","uEJyOd7qgV78D4FwldxY"," General Secretary","2026-07-30T18:01:10.239Z","t6aPtkTTl9MYTFbj0iTF"
"root","uEJyOd7qgV78D4FwldxY_0325080139_financial_secretary","0325080139","uEJyOd7qgV78D4FwldxY","Financial Secretary","2026-07-30T18:01:10.210Z","Nsgvqui2kiebV6WvcaPT"
"root","uEJyOd7qgV78D4FwldxY_0325080139_organizing_secretary","0325080139","uEJyOd7qgV78D4FwldxY","Organizing Secretary","2026-07-30T18:01:10.329Z","EgO2OtXFOUji5k9x0nY8"
"root","uEJyOd7qgV78D4FwldxY_0325080139_president","0325080139","uEJyOd7qgV78D4FwldxY","President","2026-07-30T18:01:10.224Z","kqZW9gbD8dfcPRd2ycrZ"
"root","uEJyOd7qgV78D4FwldxY_0325080139_public_relations_officer__pro_","0325080139","uEJyOd7qgV78D4FwldxY","Public Relations Officer (PRO)","2026-07-30T18:01:10.413Z","k9EZETZAZW6fUGHJDpBE"
"root","uEJyOd7qgV78D4FwldxY_0325080139_wocom","0325080139","uEJyOd7qgV78D4FwldxY","WOCOM","2026-07-30T18:01:10.206Z","bqZncIKquLUDtYeiKGcn"
"root","uEJyOd7qgV78D4FwldxY_0325080146__general_secretary","0325080146","uEJyOd7qgV78D4FwldxY"," General Secretary","2026-07-30T09:12:32.793Z","8TvH8bWSQpF3BmfdymmI"
"root","uEJyOd7qgV78D4FwldxY_0325080146_financial_secretary","0325080146","uEJyOd7qgV78D4FwldxY","Financial Secretary","2026-07-30T09:12:32.819Z","CgIh8htmUOixfQ9IBDuW"
"root","uEJyOd7qgV78D4FwldxY_0325080146_organizing_secretary","0325080146","uEJyOd7qgV78D4FwldxY","Organizing Secretary","2026-07-30T09:12:32.878Z","XqpCu6qDCdl2POa4Mymm"
"root","uEJyOd7qgV78D4FwldxY_0325080146_president","0325080146","uEJyOd7qgV78D4FwldxY","President","2026-07-30T09:12:32.876Z","7LzoFkXN0X33Z7DEBnCm"
"root","uEJyOd7qgV78D4FwldxY_0325080146_public_relations_officer__pro_","0325080146","uEJyOd7qgV78D4FwldxY","Public Relations Officer (PRO)","2026-07-30T09:12:32.764Z","3P9xmgZQGaQBHuApREsd"
"root","uEJyOd7qgV78D4FwldxY_0325080146_wocom","0325080146","uEJyOd7qgV78D4FwldxY","WOCOM","2026-07-30T09:12:32.852Z","qqruyYiC5LqnDkTb6un7"
"root","uEJyOd7qgV78D4FwldxY_0325080152__general_secretary","0325080152","uEJyOd7qgV78D4FwldxY"," General Secretary","2026-07-30T11:21:32.308Z","wprFkBNViLDVsByVYZnL"
"root","uEJyOd7qgV78D4FwldxY_0325080152_financial_secretary","0325080152","uEJyOd7qgV78D4FwldxY","Financial Secretary","2026-07-30T11:21:32.041Z","9TDXBDxbpZhWe55AmeJk"
"root","uEJyOd7qgV78D4FwldxY_0325080152_organizing_secretary","0325080152","uEJyOd7qgV78D4FwldxY","Organizing Secretary","2026-07-30T11:21:31.871Z","gSzLn8kYBrCFBNkjr3Kh"
"root","uEJyOd7qgV78D4FwldxY_0325080152_president","0325080152","uEJyOd7qgV78D4FwldxY","President","2026-07-30T11:21:32.058Z","Nf9W3p9vZaWpF8BM1M5h"
"root","uEJyOd7qgV78D4FwldxY_0325080152_public_relations_officer__pro_","0325080152","uEJyOd7qgV78D4FwldxY","Public Relations Officer (PRO)","2026-07-30T11:21:32.136Z","gjoy1IE342J6dpLY60rY"
"root","uEJyOd7qgV78D4FwldxY_0325080152_wocom","0325080152","uEJyOd7qgV78D4FwldxY","WOCOM","2026-07-30T11:21:32.031Z","PJGmLk9DC1bUHb0ks5Zg"
"root","uEJyOd7qgV78D4FwldxY_0325080155__general_secretary","0325080155","uEJyOd7qgV78D4FwldxY"," General Secretary","2026-07-30T19:44:38.337Z","xbIYLYx0NFo1ryEL7I1i"
"root","uEJyOd7qgV78D4FwldxY_0325080155_financial_secretary","0325080155","uEJyOd7qgV78D4FwldxY","Financial Secretary","2026-07-30T19:44:38.440Z","CswNPoWjziARWqmJjdLZ"
"root","uEJyOd7qgV78D4FwldxY_0325080155_organizing_secretary","0325080155","uEJyOd7qgV78D4FwldxY","Organizing Secretary","2026-07-30T19:44:38.287Z","6Px45tAQyQDDE6hwKK9m"
"root","uEJyOd7qgV78D4FwldxY_0325080155_president","0325080155","uEJyOd7qgV78D4FwldxY","President","2026-07-30T19:44:38.313Z","b0pSVnJ8vGKpNyboTmmC"
"root","uEJyOd7qgV78D4FwldxY_0325080155_public_relations_officer__pro_","0325080155","uEJyOd7qgV78D4FwldxY","Public Relations Officer (PRO)","2026-07-30T19:44:38.275Z","ECeDGJJgdKnmYQiGXO9V"
"root","uEJyOd7qgV78D4FwldxY_0325080155_wocom","0325080155","uEJyOd7qgV78D4FwldxY","WOCOM","2026-07-30T19:44:38.125Z","g7Bu2GnrRXjiAjCLwfdv"
"root","uEJyOd7qgV78D4FwldxY_0325080180__general_secretary","0325080180","uEJyOd7qgV78D4FwldxY"," General Secretary","2026-07-30T20:32:47.974Z","U5OqtrKWvl1UyQKKPKg2"
"root","uEJyOd7qgV78D4FwldxY_0325080180_financial_secretary","0325080180","uEJyOd7qgV78D4FwldxY","Financial Secretary","2026-07-30T20:32:47.877Z","tOZGtOCeTyOSaoeg6cXs"
"root","uEJyOd7qgV78D4FwldxY_0325080180_organizing_secretary","0325080180","uEJyOd7qgV78D4FwldxY","Organizing Secretary","2026-07-30T20:32:47.928Z","wRNCLPHkWYPZ0RcAMPrG"
"root","uEJyOd7qgV78D4FwldxY_0325080180_president","0325080180","uEJyOd7qgV78D4FwldxY","President","2026-07-30T20:32:47.906Z","El466o6tH8QjH4JBT5EL"
"root","uEJyOd7qgV78D4FwldxY_0325080180_public_relations_officer__pro_","0325080180","uEJyOd7qgV78D4FwldxY","Public Relations Officer (PRO)","2026-07-30T20:32:47.883Z","wudZXzO9P8tGEYbOoKmi"
"root","uEJyOd7qgV78D4FwldxY_0325080180_wocom","0325080180","uEJyOd7qgV78D4FwldxY","WOCOM","2026-07-30T20:32:48.022Z","qs9Pu0lAOmsIcyqmxg08"
"root","uEJyOd7qgV78D4FwldxY_0325080186__general_secretary","0325080186","uEJyOd7qgV78D4FwldxY"," General Secretary","2026-07-30T19:03:02.350Z","3uRCj7IVxil6UXYUodV0"
"root","uEJyOd7qgV78D4FwldxY_0325080186_financial_secretary","0325080186","uEJyOd7qgV78D4FwldxY","Financial Secretary","2026-07-30T19:03:02.267Z","Xq2Anv83hlHakF1bDmYS"
"root","uEJyOd7qgV78D4FwldxY_0325080186_organizing_secretary","0325080186","uEJyOd7qgV78D4FwldxY","Organizing Secretary","2026-07-30T19:03:02.309Z","e2mB1uVLPQxKZ1j1OasU"
"root","uEJyOd7qgV78D4FwldxY_0325080186_president","0325080186","uEJyOd7qgV78D4FwldxY","President","2026-07-30T19:03:02.261Z","gWBxfI98Gk7TDi9pRqnV"
"root","uEJyOd7qgV78D4FwldxY_0325080186_public_relations_officer__pro_","0325080186","uEJyOd7qgV78D4FwldxY","Public Relations Officer (PRO)","2026-07-30T19:03:02.552Z","LNf91NiNTFqKY60uksG8"
"root","uEJyOd7qgV78D4FwldxY_0325080186_wocom","0325080186","uEJyOd7qgV78D4FwldxY","WOCOM","2026-07-30T19:03:02.557Z","NDG3ZBy7ibjCbGNTn1mG"
"root","uEJyOd7qgV78D4FwldxY_0325080188__general_secretary","0325080188","uEJyOd7qgV78D4FwldxY"," General Secretary","2026-07-30T20:30:43.029Z","GNyqBgQj9pCqNx2eyOrC"
"root","uEJyOd7qgV78D4FwldxY_0325080188_financial_secretary","0325080188","uEJyOd7qgV78D4FwldxY","Financial Secretary","2026-07-30T20:30:42.918Z","ba9L0MRxhWO5oMT9haon"
"root","uEJyOd7qgV78D4FwldxY_0325080188_organizing_secretary","0325080188","uEJyOd7qgV78D4FwldxY","Organizing Secretary","2026-07-30T20:30:43.199Z","SfupRP1yvn0pIeS8J2by"
"root","uEJyOd7qgV78D4FwldxY_0325080188_president","0325080188","uEJyOd7qgV78D4FwldxY","President","2026-07-30T20:30:43.041Z","MOE352gUzHCS0B6Qw0Nc"
"root","uEJyOd7qgV78D4FwldxY_0325080188_public_relations_officer__pro_","0325080188","uEJyOd7qgV78D4FwldxY","Public Relations Officer (PRO)","2026-07-30T20:30:43.018Z","BUSXVyFnXPOrEIpJIuhP"
"root","uEJyOd7qgV78D4FwldxY_0325080188_wocom","0325080188","uEJyOd7qgV78D4FwldxY","WOCOM","2026-07-30T20:30:42.908Z","ouvpQgubeMxeR22wqQFW"
"root","uEJyOd7qgV78D4FwldxY_0325080191__general_secretary","0325080191","uEJyOd7qgV78D4FwldxY"," General Secretary","2026-07-30T18:23:15.754Z","u95q5BCdY4aOzw3Y6mzf"
"root","uEJyOd7qgV78D4FwldxY_0325080191_financial_secretary","0325080191","uEJyOd7qgV78D4FwldxY","Financial Secretary","2026-07-30T18:23:15.782Z","d9YOInSofPX20QQHyGEb"
"root","uEJyOd7qgV78D4FwldxY_0325080191_organizing_secretary","0325080191","uEJyOd7qgV78D4FwldxY","Organizing Secretary","2026-07-30T18:23:15.589Z","1MzEtdG87riD3e4ljUfk"
"root","uEJyOd7qgV78D4FwldxY_0325080191_president","0325080191","uEJyOd7qgV78D4FwldxY","President","2026-07-30T18:23:15.579Z","rHorDFei1x9GQaXK6AIe"
"root","uEJyOd7qgV78D4FwldxY_0325080191_public_relations_officer__pro_","0325080191","uEJyOd7qgV78D4FwldxY","Public Relations Officer (PRO)","2026-07-30T18:23:15.573Z","aA92bWTGAzQuodq6VbWy"
"root","uEJyOd7qgV78D4FwldxY_0325080191_wocom","0325080191","uEJyOd7qgV78D4FwldxY","WOCOM","2026-07-30T18:23:15.584Z","IgA1lj4d2ZH9dJ0lPWTD"
"root","uEJyOd7qgV78D4FwldxY_0325080193__general_secretary","0325080193","uEJyOd7qgV78D4FwldxY"," General Secretary","2026-07-30T18:57:25.043Z","GJsixmbCjnRzyOkXAJD0"
"root","uEJyOd7qgV78D4FwldxY_0325080193_financial_secretary","0325080193","uEJyOd7qgV78D4FwldxY","Financial Secretary","2026-07-30T18:57:25.092Z","N6J6ZaqCFrXQ658ni6Iq"
"root","uEJyOd7qgV78D4FwldxY_0325080193_organizing_secretary","0325080193","uEJyOd7qgV78D4FwldxY","Organizing Secretary","2026-07-30T18:57:24.974Z","U3bUrjdsL4xGez91UUqA"
"root","uEJyOd7qgV78D4FwldxY_0325080193_president","0325080193","uEJyOd7qgV78D4FwldxY","President","2026-07-30T18:57:25.028Z","57j3WfrNm6JOegAa7OwN"
"root","uEJyOd7qgV78D4FwldxY_0325080193_public_relations_officer__pro_","0325080193","uEJyOd7qgV78D4FwldxY","Public Relations Officer (PRO)","2026-07-30T18:57:25.056Z","mIG1hTOlXOUplB0sGU95"
"root","uEJyOd7qgV78D4FwldxY_0325080193_wocom","0325080193","uEJyOd7qgV78D4FwldxY","WOCOM","2026-07-30T18:57:25.007Z","sZkeA06AAdXOmxcfKnhJ"
"root","uEJyOd7qgV78D4FwldxY_0325080194__general_secretary","0325080194","uEJyOd7qgV78D4FwldxY"," General Secretary","2026-07-30T19:01:18.616Z","w6zy0pKMKQOJBHkgurru"
"root","uEJyOd7qgV78D4FwldxY_0325080194_financial_secretary","0325080194","uEJyOd7qgV78D4FwldxY","Financial Secretary","2026-07-30T19:01:18.769Z","AVnLw7kJWtl9e7KyFR60"
"root","uEJyOd7qgV78D4FwldxY_0325080194_organizing_secretary","0325080194","uEJyOd7qgV78D4FwldxY","Organizing Secretary","2026-07-30T19:01:18.691Z","OdPsUHNDZiQImuPFkuIz"
"root","uEJyOd7qgV78D4FwldxY_0325080194_president","0325080194","uEJyOd7qgV78D4FwldxY","President","2026-07-30T19:01:18.755Z","TvMGKK9yArDOQNGO7hn1"
"root","uEJyOd7qgV78D4FwldxY_0325080194_public_relations_officer__pro_","0325080194","uEJyOd7qgV78D4FwldxY","Public Relations Officer (PRO)","2026-07-30T19:01:19.063Z","IfXNsb0xcTKuXRlZzcv4"
"root","uEJyOd7qgV78D4FwldxY_0325080194_wocom","0325080194","uEJyOd7qgV78D4FwldxY","WOCOM","2026-07-30T19:01:18.739Z","7UvQQpivx4X8WVBnED1W"
"root","uEJyOd7qgV78D4FwldxY_0325080196__general_secretary","0325080196","uEJyOd7qgV78D4FwldxY"," General Secretary","2026-07-30T19:47:54.004Z","DaHiVShzyEqfF7ybVNss"
"root","uEJyOd7qgV78D4FwldxY_0325080196_financial_secretary","0325080196","uEJyOd7qgV78D4FwldxY","Financial Secretary","2026-07-30T19:47:53.863Z","na1UgrRVae8C4VzSOw8d"
"root","uEJyOd7qgV78D4FwldxY_0325080196_organizing_secretary","0325080196","uEJyOd7qgV78D4FwldxY","Organizing Secretary","2026-07-30T19:47:53.886Z","VmwhUkPASc2tamTljUeC"
"root","uEJyOd7qgV78D4FwldxY_0325080196_president","0325080196","uEJyOd7qgV78D4FwldxY","President","2026-07-30T19:47:53.876Z","nG9v4ivt4dFVdt1dlJk0"
"root","uEJyOd7qgV78D4FwldxY_0325080196_public_relations_officer__pro_","0325080196","uEJyOd7qgV78D4FwldxY","Public Relations Officer (PRO)","2026-07-30T19:47:53.917Z","qQCgL90P5gDqVCl61HQK"
"root","uEJyOd7qgV78D4FwldxY_0325080196_wocom","0325080196","uEJyOd7qgV78D4FwldxY","WOCOM","2026-07-30T19:47:53.889Z","l5MaDdMKbLAHLqMyJbmK"
"root","uEJyOd7qgV78D4FwldxY_0325080198__general_secretary","0325080198","uEJyOd7qgV78D4FwldxY"," General Secretary","2026-07-30T20:32:06.501Z","xfgqbgCzVtEc6zqDxkmM"
"root","uEJyOd7qgV78D4FwldxY_0325080198_financial_secretary","0325080198","uEJyOd7qgV78D4FwldxY","Financial Secretary","2026-07-30T20:32:06.630Z","jf9xr1s9RO0R19hvMVMQ"
"root","uEJyOd7qgV78D4FwldxY_0325080198_organizing_secretary","0325080198","uEJyOd7qgV78D4FwldxY","Organizing Secretary","2026-07-30T20:32:06.626Z","i7LoRmYIJ6QFke95zjEB"
"root","uEJyOd7qgV78D4FwldxY_0325080198_president","0325080198","uEJyOd7qgV78D4FwldxY","President","2026-07-30T20:32:06.557Z","f7lhVeQTnuCO1qFtFsUq"
"root","uEJyOd7qgV78D4FwldxY_0325080202__general_secretary","0325080202","uEJyOd7qgV78D4FwldxY"," General Secretary","2026-07-30T19:32:14.176Z","Y7Z5J8pg1BJ9xrDlNQYM"
"root","uEJyOd7qgV78D4FwldxY_0325080202_financial_secretary","0325080202","uEJyOd7qgV78D4FwldxY","Financial Secretary","2026-07-30T19:32:14.418Z","Dkgg8jWdxz7QnfWaLvRp"
"root","uEJyOd7qgV78D4FwldxY_0325080202_organizing_secretary","0325080202","uEJyOd7qgV78D4FwldxY","Organizing Secretary","2026-07-30T19:32:14.081Z","qNIBldsWa7GBbmGqBOU3"
"root","uEJyOd7qgV78D4FwldxY_0325080202_president","0325080202","uEJyOd7qgV78D4FwldxY","President","2026-07-30T19:32:14.137Z","odZV8AedjdY3Dq2NczSy"
"root","uEJyOd7qgV78D4FwldxY_0325080202_public_relations_officer__pro_","0325080202","uEJyOd7qgV78D4FwldxY","Public Relations Officer (PRO)","2026-07-30T19:32:14.071Z","e8OeeKgHIafzy8ej4xgo"
"root","uEJyOd7qgV78D4FwldxY_0325080202_wocom","0325080202","uEJyOd7qgV78D4FwldxY","WOCOM","2026-07-30T19:32:14.103Z","L0jd0lydEdaxR9jtmo2E"
"root","uEJyOd7qgV78D4FwldxY_0325080205__general_secretary","0325080205","uEJyOd7qgV78D4FwldxY"," General Secretary","2026-07-30T19:04:18.043Z","AN0OAhBYtZwA4N6l63wC"
"root","uEJyOd7qgV78D4FwldxY_0325080205_financial_secretary","0325080205","uEJyOd7qgV78D4FwldxY","Financial Secretary","2026-07-30T19:04:18.012Z","mbvqkEyfOaAOAwmXQIqJ"
"root","uEJyOd7qgV78D4FwldxY_0325080205_organizing_secretary","0325080205","uEJyOd7qgV78D4FwldxY","Organizing Secretary","2026-07-30T19:04:18.074Z","HByfkN6wBtN73WGbuzUg"
"root","uEJyOd7qgV78D4FwldxY_0325080205_president","0325080205","uEJyOd7qgV78D4FwldxY","President","2026-07-30T19:04:17.958Z","KUv2p7wkVnRYxr6mUGYT"
"root","uEJyOd7qgV78D4FwldxY_0325080205_public_relations_officer__pro_","0325080205","uEJyOd7qgV78D4FwldxY","Public Relations Officer (PRO)","2026-07-30T19:04:18.114Z","oz6Ky6LpQdtKVgCAbon3"
"root","uEJyOd7qgV78D4FwldxY_0325080205_wocom","0325080205","uEJyOd7qgV78D4FwldxY","WOCOM","2026-07-30T19:04:18.162Z","scs7qbQgRv7BQZ5cBoRW"
"root","uEJyOd7qgV78D4FwldxY_0325080209__general_secretary","0325080209","uEJyOd7qgV78D4FwldxY"," General Secretary","2026-07-30T17:58:13.257Z","hOaNSyBJIqoHC5bOogVt"
"root","uEJyOd7qgV78D4FwldxY_0325080209_financial_secretary","0325080209","uEJyOd7qgV78D4FwldxY","Financial Secretary","2026-07-30T17:58:13.363Z","Fv1K7J3I29KcKF7wtahw"
"root","uEJyOd7qgV78D4FwldxY_0325080209_organizing_secretary","0325080209","uEJyOd7qgV78D4FwldxY","Organizing Secretary","2026-07-30T17:58:13.282Z","gMfojPY7IPxZ658pvu18"
"root","uEJyOd7qgV78D4FwldxY_0325080209_president","0325080209","uEJyOd7qgV78D4FwldxY","President","2026-07-30T17:58:13.182Z","0xrfIhLd4IUMG3G7uljO"
"root","uEJyOd7qgV78D4FwldxY_0325080209_public_relations_officer__pro_","0325080209","uEJyOd7qgV78D4FwldxY","Public Relations Officer (PRO)","2026-07-30T17:58:13.295Z","JSahembUvaqWjXCjgY0E"
"root","uEJyOd7qgV78D4FwldxY_0325080209_wocom","0325080209","uEJyOd7qgV78D4FwldxY","WOCOM","2026-07-30T17:58:13.286Z","daqTKhaHmKuT3NKTIBxJ"
"root","uEJyOd7qgV78D4FwldxY_0325080223__general_secretary","0325080223","uEJyOd7qgV78D4FwldxY"," General Secretary","2026-07-30T19:55:08.810Z","KLluad4pi7dSDqcFC8Rz"
"root","uEJyOd7qgV78D4FwldxY_0325080223_financial_secretary","0325080223","uEJyOd7qgV78D4FwldxY","Financial Secretary","2026-07-30T19:55:08.826Z","pD6TPiK7SngAjf5KD3RC"
"root","uEJyOd7qgV78D4FwldxY_0325080223_organizing_secretary","0325080223","uEJyOd7qgV78D4FwldxY","Organizing Secretary","2026-07-30T19:55:08.850Z","D9v5qxJv1Q9sJeC3GjwE"
"root","uEJyOd7qgV78D4FwldxY_0325080223_president","0325080223","uEJyOd7qgV78D4FwldxY","President","2026-07-30T19:55:08.791Z","DEDNWt5ZZ6WH3RIfuxGC"
"root","uEJyOd7qgV78D4FwldxY_0325080223_public_relations_officer__pro_","0325080223","uEJyOd7qgV78D4FwldxY","Public Relations Officer (PRO)","2026-07-30T19:55:08.921Z","ZYEwD2H3YGzOlFgVBkqk"
"root","uEJyOd7qgV78D4FwldxY_0325080223_wocom","0325080223","uEJyOd7qgV78D4FwldxY","WOCOM","2026-07-30T19:55:08.972Z","6USp51bmJRF8zhmt9DI2"
"root","uEJyOd7qgV78D4FwldxY_0325080228__general_secretary","0325080228","uEJyOd7qgV78D4FwldxY"," General Secretary","2026-07-30T11:20:25.182Z","TuidCzNejyaMo9h9p8Qf"
"root","uEJyOd7qgV78D4FwldxY_0325080228_financial_secretary","0325080228","uEJyOd7qgV78D4FwldxY","Financial Secretary","2026-07-30T11:20:25.134Z","4mMr8aOOWwYhtjdTZ1v7"
"root","uEJyOd7qgV78D4FwldxY_0325080228_organizing_secretary","0325080228","uEJyOd7qgV78D4FwldxY","Organizing Secretary","2026-07-30T11:20:25.085Z","boB2s698yFC8xqfMjxnm"
"root","uEJyOd7qgV78D4FwldxY_0325080228_president","0325080228","uEJyOd7qgV78D4FwldxY","President","2026-07-30T11:20:25.091Z","bBaePiCvOYLRNrTeenWP"
"root","uEJyOd7qgV78D4FwldxY_0325080228_public_relations_officer__pro_","0325080228","uEJyOd7qgV78D4FwldxY","Public Relations Officer (PRO)","2026-07-30T11:20:25.108Z","1WH7uMNBJpJj5i2n37Fm"
"root","uEJyOd7qgV78D4FwldxY_0325080228_wocom","0325080228","uEJyOd7qgV78D4FwldxY","WOCOM","2026-07-30T11:20:25.238Z","FIXfxyOYX778pTrfLUUP"
"root","uEJyOd7qgV78D4FwldxY_0325080233__general_secretary","0325080233","uEJyOd7qgV78D4FwldxY"," General Secretary","2026-07-30T18:39:53.395Z","aTd6F7p0mSrEDuLuAMqu"
"root","uEJyOd7qgV78D4FwldxY_0325080233_financial_secretary","0325080233","uEJyOd7qgV78D4FwldxY","Financial Secretary","2026-07-30T18:39:53.240Z","k97YvREf5DKoV3nbsbV5"
"root","uEJyOd7qgV78D4FwldxY_0325080233_organizing_secretary","0325080233","uEJyOd7qgV78D4FwldxY","Organizing Secretary","2026-07-30T18:39:53.336Z","C4qCFIUgbTr8Mk7wRjta"
"root","uEJyOd7qgV78D4FwldxY_0325080233_president","0325080233","uEJyOd7qgV78D4FwldxY","President","2026-07-30T18:39:53.214Z","xf8GXATZQPenuF9iO4lJ"
"root","uEJyOd7qgV78D4FwldxY_0325080233_public_relations_officer__pro_","0325080233","uEJyOd7qgV78D4FwldxY","Public Relations Officer (PRO)","2026-07-30T18:39:53.358Z","OL9FDgtV3xMkj5vvQBZs"
"root","uEJyOd7qgV78D4FwldxY_0325080233_wocom","0325080233","uEJyOd7qgV78D4FwldxY","WOCOM","2026-07-30T18:39:53.293Z","m81GhivzuUToH7fBHDJZ"
"root","uEJyOd7qgV78D4FwldxY_0325080243__general_secretary","0325080243","uEJyOd7qgV78D4FwldxY"," General Secretary","2026-07-30T20:08:18.106Z","p5ybguP8xX890Ff1tUli"
"root","uEJyOd7qgV78D4FwldxY_0325080243_financial_secretary","0325080243","uEJyOd7qgV78D4FwldxY","Financial Secretary","2026-07-30T20:08:17.943Z","EuiOk8bKHUgFrlwAPaaq"
"root","uEJyOd7qgV78D4FwldxY_0325080243_organizing_secretary","0325080243","uEJyOd7qgV78D4FwldxY","Organizing Secretary","2026-07-30T20:08:17.827Z","lIKBB0mD3HNI1CqNx1Gn"
"root","uEJyOd7qgV78D4FwldxY_0325080243_president","0325080243","uEJyOd7qgV78D4FwldxY","President","2026-07-30T20:08:17.730Z","9KckVBDvYFeffbEW2NkO"
"root","uEJyOd7qgV78D4FwldxY_0325080243_public_relations_officer__pro_","0325080243","uEJyOd7qgV78D4FwldxY","Public Relations Officer (PRO)","2026-07-30T20:08:17.702Z","YbBL3BHHXYNZFll7khgr"
"root","uEJyOd7qgV78D4FwldxY_0325080243_wocom","0325080243","uEJyOd7qgV78D4FwldxY","WOCOM","2026-07-30T20:08:17.795Z","stJsMnmWByX8Apb6KpwK"
"root","uEJyOd7qgV78D4FwldxY_0325080254__general_secretary","0325080254","uEJyOd7qgV78D4FwldxY"," General Secretary","2026-07-30T21:04:37.454Z","HDAQEkmauE9Oolu0prlG"
"root","uEJyOd7qgV78D4FwldxY_0325080254_financial_secretary","0325080254","uEJyOd7qgV78D4FwldxY","Financial Secretary","2026-07-30T21:04:37.458Z","uaDw0QoGzIPWMRg4pcPt"
"root","uEJyOd7qgV78D4FwldxY_0325080254_organizing_secretary","0325080254","uEJyOd7qgV78D4FwldxY","Organizing Secretary","2026-07-30T21:04:37.387Z","47zpstOmd7g4TRYyRJOE"
"root","uEJyOd7qgV78D4FwldxY_0325080254_president","0325080254","uEJyOd7qgV78D4FwldxY","President","2026-07-30T21:04:37.399Z","k1hNejoI6Ez6ZFCr889y"
"root","uEJyOd7qgV78D4FwldxY_0325080254_public_relations_officer__pro_","0325080254","uEJyOd7qgV78D4FwldxY","Public Relations Officer (PRO)","2026-07-30T21:04:37.478Z","bx3Xhi2M2e7ySUVDaakO"
"root","uEJyOd7qgV78D4FwldxY_0325080254_wocom","0325080254","uEJyOd7qgV78D4FwldxY","WOCOM","2026-07-30T21:04:37.673Z","DMi9i1TgE0U5gvWdniwE"
"root","uEJyOd7qgV78D4FwldxY_0325080256__general_secretary","0325080256","uEJyOd7qgV78D4FwldxY"," General Secretary","2026-07-30T09:21:46.397Z","xEILJGXXSHfwgXBS9cTG"
"root","uEJyOd7qgV78D4FwldxY_0325080256_financial_secretary","0325080256","uEJyOd7qgV78D4FwldxY","Financial Secretary","2026-07-30T09:21:46.576Z","AQuuM6ZWNcCLgPbBJOhQ"
"root","uEJyOd7qgV78D4FwldxY_0325080256_organizing_secretary","0325080256","uEJyOd7qgV78D4FwldxY","Organizing Secretary","2026-07-30T09:21:46.473Z","le1ckvZT4IPXHaMmp6Ys"
"root","uEJyOd7qgV78D4FwldxY_0325080256_president","0325080256","uEJyOd7qgV78D4FwldxY","President","2026-07-30T09:21:46.630Z","zMX7fQJr3QZj7RJwX16x"
"root","uEJyOd7qgV78D4FwldxY_0325080256_wocom","0325080256","uEJyOd7qgV78D4FwldxY","WOCOM","2026-07-30T09:21:46.388Z","Jgi2IN36eWvyRP3Gv0yK"
"root","uEJyOd7qgV78D4FwldxY_0325080264__general_secretary","0325080264","uEJyOd7qgV78D4FwldxY"," General Secretary","2026-07-30T19:39:04.588Z","pXbBnqdS6sisv9Vz5p0h"
"root","uEJyOd7qgV78D4FwldxY_0325080264_financial_secretary","0325080264","uEJyOd7qgV78D4FwldxY","Financial Secretary","2026-07-30T19:39:04.759Z","Re4pOsnkFUSKDR2Vz7S7"
"root","uEJyOd7qgV78D4FwldxY_0325080264_organizing_secretary","0325080264","uEJyOd7qgV78D4FwldxY","Organizing Secretary","2026-07-30T19:39:04.507Z","PuaXacRLcYhG8zegmAy2"
"root","uEJyOd7qgV78D4FwldxY_0325080264_president","0325080264","uEJyOd7qgV78D4FwldxY","President","2026-07-30T19:39:04.424Z","1XvX1stCg6FmvAdMIxXh"
"root","uEJyOd7qgV78D4FwldxY_0325080264_public_relations_officer__pro_","0325080264","uEJyOd7qgV78D4FwldxY","Public Relations Officer (PRO)","2026-07-30T19:39:04.478Z","uHsK5IDaLZyoHE4OV7q0"
"root","uEJyOd7qgV78D4FwldxY_0325080264_wocom","0325080264","uEJyOd7qgV78D4FwldxY","WOCOM","2026-07-30T19:39:04.629Z","qDgdr4rln9lY6WopFGuP"
"root","uEJyOd7qgV78D4FwldxY_0325080265__general_secretary","0325080265","uEJyOd7qgV78D4FwldxY"," General Secretary","2026-07-30T18:07:51.178Z","r0Pdb38mzOQjDsrD41mM"
"root","uEJyOd7qgV78D4FwldxY_0325080265_financial_secretary","0325080265","uEJyOd7qgV78D4FwldxY","Financial Secretary","2026-07-30T18:07:50.975Z","0x3E7ga0wpCE56TVgE1f"
"root","uEJyOd7qgV78D4FwldxY_0325080265_organizing_secretary","0325080265","uEJyOd7qgV78D4FwldxY","Organizing Secretary","2026-07-30T18:07:51.075Z","DfQgCmC5NTnTuREqe9XQ"
"root","uEJyOd7qgV78D4FwldxY_0325080265_president","0325080265","uEJyOd7qgV78D4FwldxY","President","2026-07-30T18:07:50.941Z","Beofs2D43wT4fEYyft92"
"root","uEJyOd7qgV78D4FwldxY_0325080265_public_relations_officer__pro_","0325080265","uEJyOd7qgV78D4FwldxY","Public Relations Officer (PRO)","2026-07-30T18:07:50.927Z","EqsypDOMNXYE2dH3Hcaj"
"root","uEJyOd7qgV78D4FwldxY_0325080265_wocom","0325080265","uEJyOd7qgV78D4FwldxY","WOCOM","2026-07-30T18:07:51.035Z","PHRQHTsKi0BRTHuMB0vO"
"root","uEJyOd7qgV78D4FwldxY_0325080268__general_secretary","0325080268","uEJyOd7qgV78D4FwldxY"," General Secretary","2026-07-30T19:43:19.765Z","EAuKn4wF5ybcCredoTAA"
"root","uEJyOd7qgV78D4FwldxY_0325080268_financial_secretary","0325080268","uEJyOd7qgV78D4FwldxY","Financial Secretary","2026-07-30T19:43:19.653Z","4iim5lQfWtACZNMccsXO"
"root","uEJyOd7qgV78D4FwldxY_0325080268_organizing_secretary","0325080268","uEJyOd7qgV78D4FwldxY","Organizing Secretary","2026-07-30T19:43:20.045Z","EBKg64ylbyqtV89A93l8"
"root","uEJyOd7qgV78D4FwldxY_0325080268_president","0325080268","uEJyOd7qgV78D4FwldxY","President","2026-07-30T19:43:19.991Z","QoryagDJe9HwmygmcjZL"
"root","uEJyOd7qgV78D4FwldxY_0325080268_public_relations_officer__pro_","0325080268","uEJyOd7qgV78D4FwldxY","Public Relations Officer (PRO)","2026-07-30T19:43:19.745Z","Gj2TtwrjmXHkWec3M9GN"
"root","uEJyOd7qgV78D4FwldxY_0325080268_wocom","0325080268","uEJyOd7qgV78D4FwldxY","WOCOM","2026-07-30T19:43:20.009Z","0Ve9aXOkCtQvNy6oVEG3"
"root","uEJyOd7qgV78D4FwldxY_0325080271__general_secretary","0325080271","uEJyOd7qgV78D4FwldxY"," General Secretary","2026-07-30T11:35:59.867Z","BndeNTVjy4SMKBF5G73A"
"root","uEJyOd7qgV78D4FwldxY_0325080271_financial_secretary","0325080271","uEJyOd7qgV78D4FwldxY","Financial Secretary","2026-07-30T11:36:00.014Z","RPUpDCRWcuCQpkqNdyNT"
"root","uEJyOd7qgV78D4FwldxY_0325080271_organizing_secretary","0325080271","uEJyOd7qgV78D4FwldxY","Organizing Secretary","2026-07-30T11:36:00.039Z","PVMSaGzoirgZexC3s8cY"
"root","uEJyOd7qgV78D4FwldxY_0325080271_president","0325080271","uEJyOd7qgV78D4FwldxY","President","2026-07-30T11:35:59.872Z","T4KkLOAhSphrgqsY8mm7"
"root","uEJyOd7qgV78D4FwldxY_0325080271_public_relations_officer__pro_","0325080271","uEJyOd7qgV78D4FwldxY","Public Relations Officer (PRO)","2026-07-30T11:35:59.852Z","Y1Pe22c5BsoWByER2oo8"
"root","uEJyOd7qgV78D4FwldxY_0325080271_wocom","0325080271","uEJyOd7qgV78D4FwldxY","WOCOM","2026-07-30T11:35:59.873Z","pMWEFWL2XPxV1o6XQ8Cp"
"root","uEJyOd7qgV78D4FwldxY_0325080274__general_secretary","0325080274","uEJyOd7qgV78D4FwldxY"," General Secretary","2026-07-30T18:04:51.114Z","HZZ9NNLCUQsp3j3VY2Ar"
"root","uEJyOd7qgV78D4FwldxY_0325080274_financial_secretary","0325080274","uEJyOd7qgV78D4FwldxY","Financial Secretary","2026-07-30T18:04:50.611Z","4ZpNj1MFww9OY3layK9K"
"root","uEJyOd7qgV78D4FwldxY_0325080274_organizing_secretary","0325080274","uEJyOd7qgV78D4FwldxY","Organizing Secretary","2026-07-30T18:04:50.563Z","RWwxlSIY6JsfaF57BSVx"
"root","uEJyOd7qgV78D4FwldxY_0325080274_president","0325080274","uEJyOd7qgV78D4FwldxY","President","2026-07-30T18:04:50.641Z","cmuvZu6tcByJwC6Nyu3D"
"root","uEJyOd7qgV78D4FwldxY_0325080274_public_relations_officer__pro_","0325080274","uEJyOd7qgV78D4FwldxY","Public Relations Officer (PRO)","2026-07-30T18:04:50.618Z","ny7FJ5viA74lcmYw5KBF"
"root","uEJyOd7qgV78D4FwldxY_0325080274_wocom","0325080274","uEJyOd7qgV78D4FwldxY","WOCOM","2026-07-30T18:04:50.594Z","CIVBrUXaLsadDiMiDuO8"
"root","uEJyOd7qgV78D4FwldxY_0325080277__general_secretary","0325080277","uEJyOd7qgV78D4FwldxY"," General Secretary","2026-07-30T20:14:17.481Z","5FqYfCJrHdf3LEM2VSQh"
"root","uEJyOd7qgV78D4FwldxY_0325080277_financial_secretary","0325080277","uEJyOd7qgV78D4FwldxY","Financial Secretary","2026-07-30T20:14:17.575Z","fPWBxNZ0ZkKXotoUZYGg"
"root","uEJyOd7qgV78D4FwldxY_0325080277_organizing_secretary","0325080277","uEJyOd7qgV78D4FwldxY","Organizing Secretary","2026-07-30T20:14:17.849Z","yWqz9UMGW0ViBfdPcnYA"
"root","uEJyOd7qgV78D4FwldxY_0325080277_president","0325080277","uEJyOd7qgV78D4FwldxY","President","2026-07-30T20:14:17.765Z","ftZsarEYXK78Kntbc0ic"
"root","uEJyOd7qgV78D4FwldxY_0325080277_public_relations_officer__pro_","0325080277","uEJyOd7qgV78D4FwldxY","Public Relations Officer (PRO)","2026-07-30T20:14:17.592Z","ygtAeTd2NLJS9Rn14yl8"
"root","uEJyOd7qgV78D4FwldxY_0325080277_wocom","0325080277","uEJyOd7qgV78D4FwldxY","WOCOM","2026-07-30T20:14:17.639Z","Lf2OOjnTi9ONGUx5vbYA"
"root","uEJyOd7qgV78D4FwldxY_0325080281__general_secretary","0325080281","uEJyOd7qgV78D4FwldxY"," General Secretary","2026-07-30T09:16:51.666Z","EzMWFa42aZrfbItma0Fn"
"root","uEJyOd7qgV78D4FwldxY_0325080281_financial_secretary","0325080281","uEJyOd7qgV78D4FwldxY","Financial Secretary","2026-07-30T09:16:51.924Z","ZXjvtoJhVKOORBtp2eJJ"
"root","uEJyOd7qgV78D4FwldxY_0325080281_organizing_secretary","0325080281","uEJyOd7qgV78D4FwldxY","Organizing Secretary","2026-07-30T09:16:51.676Z","xUCCw99soKpFeLk0Dvdh"
"root","uEJyOd7qgV78D4FwldxY_0325080281_president","0325080281","uEJyOd7qgV78D4FwldxY","President","2026-07-30T09:16:51.687Z","rcREqIoQxAgAUOFeFjp8"
"root","uEJyOd7qgV78D4FwldxY_0325080281_public_relations_officer__pro_","0325080281","uEJyOd7qgV78D4FwldxY","Public Relations Officer (PRO)","2026-07-30T09:16:51.660Z","BlCdNaEvSzP4dBHPKSs4"
"root","uEJyOd7qgV78D4FwldxY_0325080281_wocom","0325080281","uEJyOd7qgV78D4FwldxY","WOCOM","2026-07-30T09:16:51.767Z","rjb91pq0RWM0Pp8J9vC8"
"root","uEJyOd7qgV78D4FwldxY_0325080284__general_secretary","0325080284","uEJyOd7qgV78D4FwldxY"," General Secretary","2026-07-30T09:12:06.486Z","qMgNZvUoVdtjUtoCWJbU"
"root","uEJyOd7qgV78D4FwldxY_0325080284_financial_secretary","0325080284","uEJyOd7qgV78D4FwldxY","Financial Secretary","2026-07-30T09:12:06.562Z","METCCixM19dlqR6Ea06O"
"root","uEJyOd7qgV78D4FwldxY_0325080284_organizing_secretary","0325080284","uEJyOd7qgV78D4FwldxY","Organizing Secretary","2026-07-30T09:12:06.492Z","cFtnVqCF2z83fQsaP5kD"
"root","uEJyOd7qgV78D4FwldxY_0325080284_president","0325080284","uEJyOd7qgV78D4FwldxY","President","2026-07-30T09:12:06.508Z","Ot8nhHW7pHar9aaa7NV3"
"root","uEJyOd7qgV78D4FwldxY_0325080284_public_relations_officer__pro_","0325080284","uEJyOd7qgV78D4FwldxY","Public Relations Officer (PRO)","2026-07-30T09:12:06.521Z","Tk8Zdd8kuOqOPrTUHQVm"
"root","uEJyOd7qgV78D4FwldxY_0325080284_wocom","0325080284","uEJyOd7qgV78D4FwldxY","WOCOM","2026-07-30T09:12:06.532Z","puOPK94x1uNZK5ng7Xxg"
"root","uEJyOd7qgV78D4FwldxY_0325080290__general_secretary","0325080290","uEJyOd7qgV78D4FwldxY"," General Secretary","2026-07-30T09:17:12.842Z","lttew241kXtpu966O1hU"
"root","uEJyOd7qgV78D4FwldxY_0325080290_financial_secretary","0325080290","uEJyOd7qgV78D4FwldxY","Financial Secretary","2026-07-30T09:17:12.751Z","RGZDRu370Wy4lEtUcY1o"
"root","uEJyOd7qgV78D4FwldxY_0325080290_organizing_secretary","0325080290","uEJyOd7qgV78D4FwldxY","Organizing Secretary","2026-07-30T09:17:12.860Z","nbMU2ZE6I2aXMGEZgwVa"
"root","uEJyOd7qgV78D4FwldxY_0325080290_president","0325080290","uEJyOd7qgV78D4FwldxY","President","2026-07-30T09:17:12.707Z","hbBY5r70IQDWeWDFWLvy"
"root","uEJyOd7qgV78D4FwldxY_0325080290_public_relations_officer__pro_","0325080290","uEJyOd7qgV78D4FwldxY","Public Relations Officer (PRO)","2026-07-30T09:17:12.760Z","kFV2JDD8xj7kdLrNJSm6"
"root","uEJyOd7qgV78D4FwldxY_0325080290_wocom","0325080290","uEJyOd7qgV78D4FwldxY","WOCOM","2026-07-30T09:17:12.724Z","n7tJP8iEEYLC806cFu0r"
"root","uEJyOd7qgV78D4FwldxY_0325080298__general_secretary","0325080298","uEJyOd7qgV78D4FwldxY"," General Secretary","2026-07-30T19:25:26.236Z","AipWrrLcUgxf97ds6SXE"
"root","uEJyOd7qgV78D4FwldxY_0325080298_financial_secretary","0325080298","uEJyOd7qgV78D4FwldxY","Financial Secretary","2026-07-30T19:25:26.255Z","NT4heUP17Pr3GsN1w4e2"
"root","uEJyOd7qgV78D4FwldxY_0325080298_organizing_secretary","0325080298","uEJyOd7qgV78D4FwldxY","Organizing Secretary","2026-07-30T19:25:26.164Z","sJ0AwGGxlc7RX5sVDhNm"
"root","uEJyOd7qgV78D4FwldxY_0325080298_president","0325080298","uEJyOd7qgV78D4FwldxY","President","2026-07-30T19:25:26.357Z","YfHvCBzmJbHSdXq8L1YL"
"root","uEJyOd7qgV78D4FwldxY_0325080298_public_relations_officer__pro_","0325080298","uEJyOd7qgV78D4FwldxY","Public Relations Officer (PRO)","2026-07-30T19:25:26.116Z","EuZStGeymxv5bOOfAS8w"
"root","uEJyOd7qgV78D4FwldxY_0325080298_wocom","0325080298","uEJyOd7qgV78D4FwldxY","WOCOM","2026-07-30T19:25:26.150Z","QmYFOBdgYXt80t7GzNCD"
"root","uEJyOd7qgV78D4FwldxY_0325080307__general_secretary","0325080307","uEJyOd7qgV78D4FwldxY"," General Secretary","2026-07-30T18:59:49.250Z","n8uTu10WggWEQxjAdvHZ"
"root","uEJyOd7qgV78D4FwldxY_0325080307_financial_secretary","0325080307","uEJyOd7qgV78D4FwldxY","Financial Secretary","2026-07-30T18:59:49.158Z","u8g6BDdYKuzhMtWN2m6Q"
"root","uEJyOd7qgV78D4FwldxY_0325080307_organizing_secretary","0325080307","uEJyOd7qgV78D4FwldxY","Organizing Secretary","2026-07-30T18:59:49.152Z","yMyR6KBn0wJ2074BzQ9j"
"root","uEJyOd7qgV78D4FwldxY_0325080307_president","0325080307","uEJyOd7qgV78D4FwldxY","President","2026-07-30T18:59:49.150Z","1qeuJ0GaaMkJdQUMUXtf"
"root","uEJyOd7qgV78D4FwldxY_0325080307_public_relations_officer__pro_","0325080307","uEJyOd7qgV78D4FwldxY","Public Relations Officer (PRO)","2026-07-30T18:59:48.428Z","WUDtiz8ck5IoNkJ4tNr9"
"root","uEJyOd7qgV78D4FwldxY_0325080307_wocom","0325080307","uEJyOd7qgV78D4FwldxY","WOCOM","2026-07-30T18:59:49.163Z","wUhyItU1Suz7anXPG6Hj"
"root","uEJyOd7qgV78D4FwldxY_0325080310__general_secretary","0325080310","uEJyOd7qgV78D4FwldxY"," General Secretary","2026-07-30T20:49:24.944Z","yNN2ELpFN5PqX8N2u7nC"
"root","uEJyOd7qgV78D4FwldxY_0325080310_financial_secretary","0325080310","uEJyOd7qgV78D4FwldxY","Financial Secretary","2026-07-30T20:49:25.193Z","ou6mI5xLSCPfAgGqTTJO"
"root","uEJyOd7qgV78D4FwldxY_0325080310_organizing_secretary","0325080310","uEJyOd7qgV78D4FwldxY","Organizing Secretary","2026-07-30T20:49:24.808Z","PPgdk7dWC7eaM1vfNmnE"
"root","uEJyOd7qgV78D4FwldxY_0325080310_president","0325080310","uEJyOd7qgV78D4FwldxY","President","2026-07-30T20:49:25.028Z","lsTnjdRNoIHIsNtjer0V"
"root","uEJyOd7qgV78D4FwldxY_0325080310_public_relations_officer__pro_","0325080310","uEJyOd7qgV78D4FwldxY","Public Relations Officer (PRO)","2026-07-30T20:49:24.972Z","POQozj1eoSLMFJ0VrvAA"
"root","uEJyOd7qgV78D4FwldxY_0325080310_wocom","0325080310","uEJyOd7qgV78D4FwldxY","WOCOM","2026-07-30T20:49:25.123Z","Yc2gmYJodlOjPiyoeCL5"
"root","uEJyOd7qgV78D4FwldxY_0325080311__general_secretary","0325080311","uEJyOd7qgV78D4FwldxY"," General Secretary","2026-07-30T18:44:34.814Z","DTn2cTMUCGDxklYs5dAL"
"root","uEJyOd7qgV78D4FwldxY_0325080311_financial_secretary","0325080311","uEJyOd7qgV78D4FwldxY","Financial Secretary","2026-07-30T18:44:34.823Z","kQmWgIkBpoE4LQTzRwrk"
"root","uEJyOd7qgV78D4FwldxY_0325080311_organizing_secretary","0325080311","uEJyOd7qgV78D4FwldxY","Organizing Secretary","2026-07-30T18:44:34.943Z","h7jm8Hfs0bPpxwTxoQCB"
"root","uEJyOd7qgV78D4FwldxY_0325080311_president","0325080311","uEJyOd7qgV78D4FwldxY","President","2026-07-30T18:44:34.746Z","BRJEE2PeDTsOnJRPHnRr"
"root","uEJyOd7qgV78D4FwldxY_0325080311_wocom","0325080311","uEJyOd7qgV78D4FwldxY","WOCOM","2026-07-30T18:44:34.853Z","4nXAbfjbhuOnxJfsCo37"
"root","uEJyOd7qgV78D4FwldxY_0325080312__general_secretary","0325080312","uEJyOd7qgV78D4FwldxY"," General Secretary","2026-07-30T18:57:57.311Z","HpF0WBQnnRjwApNFRYX2"
"root","uEJyOd7qgV78D4FwldxY_0325080312_financial_secretary","0325080312","uEJyOd7qgV78D4FwldxY","Financial Secretary","2026-07-30T18:57:57.411Z","GCYtNsKdhyLgRA2WUnlf"
"root","uEJyOd7qgV78D4FwldxY_0325080312_organizing_secretary","0325080312","uEJyOd7qgV78D4FwldxY","Organizing Secretary","2026-07-30T18:57:57.383Z","PhLgvQfpYdKHTza9s3OZ"
"root","uEJyOd7qgV78D4FwldxY_0325080312_president","0325080312","uEJyOd7qgV78D4FwldxY","President","2026-07-30T18:57:57.319Z","nA9qnMIb2xAuWpgR2wX8"
"root","uEJyOd7qgV78D4FwldxY_0325080312_public_relations_officer__pro_","0325080312","uEJyOd7qgV78D4FwldxY","Public Relations Officer (PRO)","2026-07-30T18:57:57.537Z","2fGvZ6Mv4DoRjbYPCmgx"
"root","uEJyOd7qgV78D4FwldxY_0325080312_wocom","0325080312","uEJyOd7qgV78D4FwldxY","WOCOM","2026-07-30T18:57:57.586Z","sjnFv99ZmI80BbcdnScp"
"root","uEJyOd7qgV78D4FwldxY_0325080313__general_secretary","0325080313","uEJyOd7qgV78D4FwldxY"," General Secretary","2026-07-30T09:14:08.191Z","lsTXKmVsK2YxX8TNHEwd"
"root","uEJyOd7qgV78D4FwldxY_0325080313_financial_secretary","0325080313","uEJyOd7qgV78D4FwldxY","Financial Secretary","2026-07-30T09:14:08.344Z","FeEtuJfrrl9a58YfdDYA"
"root","uEJyOd7qgV78D4FwldxY_0325080313_organizing_secretary","0325080313","uEJyOd7qgV78D4FwldxY","Organizing Secretary","2026-07-30T09:14:08.188Z","oNbVWEUweTEus3c40QsC"
"root","uEJyOd7qgV78D4FwldxY_0325080313_president","0325080313","uEJyOd7qgV78D4FwldxY","President","2026-07-30T09:14:08.129Z","Y68SRf2MTvwtj5XKGh5L"
"root","uEJyOd7qgV78D4FwldxY_0325080313_public_relations_officer__pro_","0325080313","uEJyOd7qgV78D4FwldxY","Public Relations Officer (PRO)","2026-07-30T09:14:08.190Z","fqQGSTZtMzmaSJdvPylX"
"root","uEJyOd7qgV78D4FwldxY_0325080313_wocom","0325080313","uEJyOd7qgV78D4FwldxY","WOCOM","2026-07-30T09:14:08.275Z","5GaDhsJCq46jywVd138Q"
"root","uEJyOd7qgV78D4FwldxY_0325080317__general_secretary","0325080317","uEJyOd7qgV78D4FwldxY"," General Secretary","2026-07-30T19:28:12.639Z","yVmzfPhPK0R8iuUdAfLv"
"root","uEJyOd7qgV78D4FwldxY_0325080317_financial_secretary","0325080317","uEJyOd7qgV78D4FwldxY","Financial Secretary","2026-07-30T19:28:12.438Z","bR59kvQ3a1K14CzqcWxR"
"root","uEJyOd7qgV78D4FwldxY_0325080317_organizing_secretary","0325080317","uEJyOd7qgV78D4FwldxY","Organizing Secretary","2026-07-30T19:28:12.630Z","6hatd3r8gkpPPZZ9M2mG"
"root","uEJyOd7qgV78D4FwldxY_0325080317_president","0325080317","uEJyOd7qgV78D4FwldxY","President","2026-07-30T19:28:12.521Z","aIZ4XiNcLRLT0Xw0IA2F"
"root","uEJyOd7qgV78D4FwldxY_0325080317_public_relations_officer__pro_","0325080317","uEJyOd7qgV78D4FwldxY","Public Relations Officer (PRO)","2026-07-30T19:28:12.721Z","PnWJmaau69rvfiCHrIpe"
"root","uEJyOd7qgV78D4FwldxY_0325080317_wocom","0325080317","uEJyOd7qgV78D4FwldxY","WOCOM","2026-07-30T19:28:12.833Z","qSFM34FW8UQtoRq32uXs"
"root","uEJyOd7qgV78D4FwldxY_0325080318__general_secretary","0325080318","uEJyOd7qgV78D4FwldxY"," General Secretary","2026-07-30T19:53:45.992Z","rrUut5rr2YPth7JeSpbQ"
"root","uEJyOd7qgV78D4FwldxY_0325080318_financial_secretary","0325080318","uEJyOd7qgV78D4FwldxY","Financial Secretary","2026-07-30T19:53:46.158Z","A9enhC8OWeJ6zKpONzLM"
"root","uEJyOd7qgV78D4FwldxY_0325080318_organizing_secretary","0325080318","uEJyOd7qgV78D4FwldxY","Organizing Secretary","2026-07-30T19:53:45.948Z","oLYpsu3KMDa2aGXiRCVm"
"root","uEJyOd7qgV78D4FwldxY_0325080318_president","0325080318","uEJyOd7qgV78D4FwldxY","President","2026-07-30T19:53:45.889Z","sk0gN7gkVqnLPzxIRYk1"
"root","uEJyOd7qgV78D4FwldxY_0325080318_public_relations_officer__pro_","0325080318","uEJyOd7qgV78D4FwldxY","Public Relations Officer (PRO)","2026-07-30T19:53:45.834Z","3rB75vagx5aGke6DgSOD"
"root","uEJyOd7qgV78D4FwldxY_0325080318_wocom","0325080318","uEJyOd7qgV78D4FwldxY","WOCOM","2026-07-30T19:53:45.888Z","0sPYVvUgjWmsoPe6k0u6"
"root","uEJyOd7qgV78D4FwldxY_0325080325__general_secretary","0325080325","uEJyOd7qgV78D4FwldxY"," General Secretary","2026-07-30T11:33:37.194Z","2yaHoXy9N9aHM3wfSLfT"
"root","uEJyOd7qgV78D4FwldxY_0325080325_financial_secretary","0325080325","uEJyOd7qgV78D4FwldxY","Financial Secretary","2026-07-30T11:33:37.476Z","MODcFw7X7XnsqJprhtiO"
"root","uEJyOd7qgV78D4FwldxY_0325080325_organizing_secretary","0325080325","uEJyOd7qgV78D4FwldxY","Organizing Secretary","2026-07-30T11:33:37.222Z","TTv76ZxxsRVLrAxYyZ6G"
"root","uEJyOd7qgV78D4FwldxY_0325080325_president","0325080325","uEJyOd7qgV78D4FwldxY","President","2026-07-30T11:33:37.620Z","YHVmDkMXeCAhx4USeq6u"
"root","uEJyOd7qgV78D4FwldxY_0325080325_public_relations_officer__pro_","0325080325","uEJyOd7qgV78D4FwldxY","Public Relations Officer (PRO)","2026-07-30T11:33:37.234Z","LwUgRh80UJUZ1W4X91EO"
"root","uEJyOd7qgV78D4FwldxY_0325080325_wocom","0325080325","uEJyOd7qgV78D4FwldxY","WOCOM","2026-07-30T11:33:37.471Z","YnkIQop244xo3DDz50nv"
"root","uEJyOd7qgV78D4FwldxY_0325080330__general_secretary","0325080330","uEJyOd7qgV78D4FwldxY"," General Secretary","2026-07-30T18:32:00.224Z","jnfgfHAKemIlKSt8IZIG"
"root","uEJyOd7qgV78D4FwldxY_0325080330_financial_secretary","0325080330","uEJyOd7qgV78D4FwldxY","Financial Secretary","2026-07-30T18:32:00.357Z","FcCv7gqPnkwKh7xnF8jb"
"root","uEJyOd7qgV78D4FwldxY_0325080330_organizing_secretary","0325080330","uEJyOd7qgV78D4FwldxY","Organizing Secretary","2026-07-30T18:32:01.532Z","KmJBQvkWgWNoeFqxevf8"
"root","uEJyOd7qgV78D4FwldxY_0325080330_president","0325080330","uEJyOd7qgV78D4FwldxY","President","2026-07-30T18:32:00.404Z","1LQ6UoFOYfz5CfcBVbll"
"root","uEJyOd7qgV78D4FwldxY_0325080330_public_relations_officer__pro_","0325080330","uEJyOd7qgV78D4FwldxY","Public Relations Officer (PRO)","2026-07-30T18:32:00.243Z","1PKsFRczKs8zjLe2BMh0"
"root","uEJyOd7qgV78D4FwldxY_0325080330_wocom","0325080330","uEJyOd7qgV78D4FwldxY","WOCOM","2026-07-30T18:32:00.084Z","MF4W0pVzN3jhTlnAp2QK"
"root","uEJyOd7qgV78D4FwldxY_0325080333__general_secretary","0325080333","uEJyOd7qgV78D4FwldxY"," General Secretary","2026-07-30T18:30:07.173Z","mK9h1funcFIqQgyGtCQY"
"root","uEJyOd7qgV78D4FwldxY_0325080333_financial_secretary","0325080333","uEJyOd7qgV78D4FwldxY","Financial Secretary","2026-07-30T18:30:07.383Z","PvPTLIoyFWnNmRd6QXwW"
"root","uEJyOd7qgV78D4FwldxY_0325080333_organizing_secretary","0325080333","uEJyOd7qgV78D4FwldxY","Organizing Secretary","2026-07-30T18:30:07.131Z","U3OgjLkhEi0dXWOJFZTa"
"root","uEJyOd7qgV78D4FwldxY_0325080333_president","0325080333","uEJyOd7qgV78D4FwldxY","President","2026-07-30T18:30:07.186Z","KKy9xkZhKv1FLR0xba0b"
"root","uEJyOd7qgV78D4FwldxY_0325080333_wocom","0325080333","uEJyOd7qgV78D4FwldxY","WOCOM","2026-07-30T18:30:07.189Z","TZkurcnS2LY4WFiczf1J"
"root","uEJyOd7qgV78D4FwldxY_0325080338__general_secretary","0325080338","uEJyOd7qgV78D4FwldxY"," General Secretary","2026-07-30T19:26:52.516Z","Phy6U0TaPX3BhDfE5s2R"
"root","uEJyOd7qgV78D4FwldxY_0325080338_financial_secretary","0325080338","uEJyOd7qgV78D4FwldxY","Financial Secretary","2026-07-30T19:26:52.124Z","TcFMJae9oBe4aFfnEdrR"
"root","uEJyOd7qgV78D4FwldxY_0325080338_organizing_secretary","0325080338","uEJyOd7qgV78D4FwldxY","Organizing Secretary","2026-07-30T19:26:52.268Z","Aqsml4oYZpBfdspidT6q"
"root","uEJyOd7qgV78D4FwldxY_0325080338_president","0325080338","uEJyOd7qgV78D4FwldxY","President","2026-07-30T19:26:52.064Z","BWPjvB0Ezu2TgxZsKVK4"
"root","uEJyOd7qgV78D4FwldxY_0325080338_public_relations_officer__pro_","0325080338","uEJyOd7qgV78D4FwldxY","Public Relations Officer (PRO)","2026-07-30T19:26:51.964Z","JXj0XGgaojCzyQSMMslI"
"root","uEJyOd7qgV78D4FwldxY_0325080338_wocom","0325080338","uEJyOd7qgV78D4FwldxY","WOCOM","2026-07-30T19:26:52.176Z","1umDHRMH9jBCOMoLQKsv"
"root","uEJyOd7qgV78D4FwldxY_0325080343__general_secretary","0325080343","uEJyOd7qgV78D4FwldxY"," General Secretary","2026-07-30T18:45:29.544Z","Wlc5ECZHKBDQI29mbVCC"
"root","uEJyOd7qgV78D4FwldxY_0325080343_financial_secretary","0325080343","uEJyOd7qgV78D4FwldxY","Financial Secretary","2026-07-30T18:45:29.622Z","ClXsCNnuU7qaPGJsgDaU"
"root","uEJyOd7qgV78D4FwldxY_0325080343_organizing_secretary","0325080343","uEJyOd7qgV78D4FwldxY","Organizing Secretary","2026-07-30T18:45:29.768Z","MBAfb199klfBTunndEjX"
"root","uEJyOd7qgV78D4FwldxY_0325080343_president","0325080343","uEJyOd7qgV78D4FwldxY","President","2026-07-30T18:45:29.614Z","Mn2kNvr4niZ2qZdA1nk6"
"root","uEJyOd7qgV78D4FwldxY_0325080343_public_relations_officer__pro_","0325080343","uEJyOd7qgV78D4FwldxY","Public Relations Officer (PRO)","2026-07-30T18:45:29.607Z","adEQmeyX9wxodfX5FzLD"
"root","uEJyOd7qgV78D4FwldxY_0325080343_wocom","0325080343","uEJyOd7qgV78D4FwldxY","WOCOM","2026-07-30T18:45:29.639Z","nq8YS8j37J6NIOqoqphK"
"root","uEJyOd7qgV78D4FwldxY_0325080345__general_secretary","0325080345","uEJyOd7qgV78D4FwldxY"," General Secretary","2026-07-30T19:46:58.229Z","OgwU7FKfU50pwFxjdpLn"
"root","uEJyOd7qgV78D4FwldxY_0325080345_financial_secretary","0325080345","uEJyOd7qgV78D4FwldxY","Financial Secretary","2026-07-30T19:46:58.171Z","6QvC4RMVlJNtx5M0jBnK"
"root","uEJyOd7qgV78D4FwldxY_0325080345_organizing_secretary","0325080345","uEJyOd7qgV78D4FwldxY","Organizing Secretary","2026-07-30T19:46:58.138Z","bB2NpuglcGePY3fPmNDF"
"root","uEJyOd7qgV78D4FwldxY_0325080345_president","0325080345","uEJyOd7qgV78D4FwldxY","President","2026-07-30T19:46:58.268Z","E0GTM9hFDDuaaMp8ulqh"
"root","uEJyOd7qgV78D4FwldxY_0325080345_public_relations_officer__pro_","0325080345","uEJyOd7qgV78D4FwldxY","Public Relations Officer (PRO)","2026-07-30T19:46:58.103Z","h9Z37u92uj8OJMKZnunF"
"root","uEJyOd7qgV78D4FwldxY_0325080345_wocom","0325080345","uEJyOd7qgV78D4FwldxY","WOCOM","2026-07-30T19:46:58.163Z","m7NNAAXK5uGt82HnD1lk"
"root","uEJyOd7qgV78D4FwldxY_0325080346__general_secretary","0325080346","uEJyOd7qgV78D4FwldxY"," General Secretary","2026-07-30T20:05:59.754Z","ei4AZ1hq1aqROtcSbdto"
"root","uEJyOd7qgV78D4FwldxY_0325080346_financial_secretary","0325080346","uEJyOd7qgV78D4FwldxY","Financial Secretary","2026-07-30T20:06:00.018Z","6DjsvvKBifWBWxzTUG2X"
"root","uEJyOd7qgV78D4FwldxY_0325080346_organizing_secretary","0325080346","uEJyOd7qgV78D4FwldxY","Organizing Secretary","2026-07-30T20:05:59.871Z","jgHLtTGI3MAaEoknsc4i"
"root","uEJyOd7qgV78D4FwldxY_0325080346_president","0325080346","uEJyOd7qgV78D4FwldxY","President","2026-07-30T20:06:00.012Z","uFelEHye9jCU8waLwqzY"
"root","uEJyOd7qgV78D4FwldxY_0325080346_public_relations_officer__pro_","0325080346","uEJyOd7qgV78D4FwldxY","Public Relations Officer (PRO)","2026-07-30T20:05:59.978Z","tT7JCnpOK7LYtJGLZmJT"
"root","uEJyOd7qgV78D4FwldxY_0325080346_wocom","0325080346","uEJyOd7qgV78D4FwldxY","WOCOM","2026-07-30T20:05:59.897Z","43QHZALxhLVEToNSukR5"
"root","uEJyOd7qgV78D4FwldxY_0325080351__general_secretary","0325080351","uEJyOd7qgV78D4FwldxY"," General Secretary","2026-07-30T20:12:50.473Z","pXFF52xfKwCHWT28nhJW"
"root","uEJyOd7qgV78D4FwldxY_0325080351_financial_secretary","0325080351","uEJyOd7qgV78D4FwldxY","Financial Secretary","2026-07-30T20:12:50.597Z","qSAJA6sAawlsdIOLDGna"
"root","uEJyOd7qgV78D4FwldxY_0325080351_organizing_secretary","0325080351","uEJyOd7qgV78D4FwldxY","Organizing Secretary","2026-07-30T20:12:50.407Z","A8OlNaBxUNFRjttqWmxD"
"root","uEJyOd7qgV78D4FwldxY_0325080351_president","0325080351","uEJyOd7qgV78D4FwldxY","President","2026-07-30T20:12:50.644Z","eypcw9JpISrJrvxiAu1s"
"root","uEJyOd7qgV78D4FwldxY_0325080351_public_relations_officer__pro_","0325080351","uEJyOd7qgV78D4FwldxY","Public Relations Officer (PRO)","2026-07-30T20:12:50.405Z","bpTcPoypdedeWBdSfqsC"
"root","uEJyOd7qgV78D4FwldxY_0325080351_wocom","0325080351","uEJyOd7qgV78D4FwldxY","WOCOM","2026-07-30T20:12:50.527Z","HKEscpmrccEACavMAFMC"
"root","uEJyOd7qgV78D4FwldxY_0325080357__general_secretary","0325080357","uEJyOd7qgV78D4FwldxY"," General Secretary","2026-07-30T19:07:28.959Z","iUwWPFbJC60AW3VpWzxY"
"root","uEJyOd7qgV78D4FwldxY_0325080357_financial_secretary","0325080357","uEJyOd7qgV78D4FwldxY","Financial Secretary","2026-07-30T19:07:28.774Z","2N8dbfxQJxunZ1sfNpIi"
"root","uEJyOd7qgV78D4FwldxY_0325080357_organizing_secretary","0325080357","uEJyOd7qgV78D4FwldxY","Organizing Secretary","2026-07-30T19:07:28.522Z","1vobRnqjB9vtKQm9uJcl"
"root","uEJyOd7qgV78D4FwldxY_0325080357_president","0325080357","uEJyOd7qgV78D4FwldxY","President","2026-07-30T19:07:28.504Z","O5vmpht8gQunvnS3Tp9R"
"root","uEJyOd7qgV78D4FwldxY_0325080357_public_relations_officer__pro_","0325080357","uEJyOd7qgV78D4FwldxY","Public Relations Officer (PRO)","2026-07-30T19:07:28.471Z","Jf82Ky0r94Tm6Grzvqhl"
"root","uEJyOd7qgV78D4FwldxY_0325080357_wocom","0325080357","uEJyOd7qgV78D4FwldxY","WOCOM","2026-07-30T19:07:28.710Z","pCEsPMi2ecSmJQp6cV5e"
"root","uEJyOd7qgV78D4FwldxY_0325080358__general_secretary","0325080358","uEJyOd7qgV78D4FwldxY"," General Secretary","2026-07-30T20:38:39.067Z","WXZKqwURkcEoDZVFxWuw"
"root","uEJyOd7qgV78D4FwldxY_0325080358_financial_secretary","0325080358","uEJyOd7qgV78D4FwldxY","Financial Secretary","2026-07-30T20:38:39.151Z","bZL2i1Iwv7LgRACymHhr"
"root","uEJyOd7qgV78D4FwldxY_0325080358_organizing_secretary","0325080358","uEJyOd7qgV78D4FwldxY","Organizing Secretary","2026-07-30T20:38:39.537Z","qpOuKWw6rxRqizUeW2eY"
"root","uEJyOd7qgV78D4FwldxY_0325080358_president","0325080358","uEJyOd7qgV78D4FwldxY","President","2026-07-30T20:38:39.170Z","PELAwNtFxuJWrDDslwfF"
"root","uEJyOd7qgV78D4FwldxY_0325080358_public_relations_officer__pro_","0325080358","uEJyOd7qgV78D4FwldxY","Public Relations Officer (PRO)","2026-07-30T20:38:39.399Z","Gmg2AvnWtpoFjjTwOE4v"
"root","uEJyOd7qgV78D4FwldxY_0325080358_wocom","0325080358","uEJyOd7qgV78D4FwldxY","WOCOM","2026-07-30T20:38:39.143Z","4EcyFA0pCHI5LlNk1zK5"
"root","uEJyOd7qgV78D4FwldxY_0325080361__general_secretary","0325080361","uEJyOd7qgV78D4FwldxY"," General Secretary","2026-07-30T18:32:13.958Z","lT1Zk5DNuY2hWFm3qvBo"
"root","uEJyOd7qgV78D4FwldxY_0325080361_financial_secretary","0325080361","uEJyOd7qgV78D4FwldxY","Financial Secretary","2026-07-30T18:32:13.677Z","ZWcne2g8bTOzbPLU10W6"
"root","uEJyOd7qgV78D4FwldxY_0325080361_organizing_secretary","0325080361","uEJyOd7qgV78D4FwldxY","Organizing Secretary","2026-07-30T18:32:14.342Z","mell52PiL4jK1SIGH2g9"
"root","uEJyOd7qgV78D4FwldxY_0325080361_president","0325080361","uEJyOd7qgV78D4FwldxY","President","2026-07-30T18:32:13.692Z","3uoveZRIM5vHCOIofsqV"
"root","uEJyOd7qgV78D4FwldxY_0325080361_public_relations_officer__pro_","0325080361","uEJyOd7qgV78D4FwldxY","Public Relations Officer (PRO)","2026-07-30T18:32:13.840Z","4olnHu2ygjVtXr8RjxEU"
"root","uEJyOd7qgV78D4FwldxY_0325080361_wocom","0325080361","uEJyOd7qgV78D4FwldxY","WOCOM","2026-07-30T18:32:13.902Z","BbKZcCSy9btOTag12OZw"
"root","uEJyOd7qgV78D4FwldxY_0325080362__general_secretary","0325080362","uEJyOd7qgV78D4FwldxY"," General Secretary","2026-07-30T11:22:43.647Z","hDq18whzJ2ecfCa5KEbY"
"root","uEJyOd7qgV78D4FwldxY_0325080362_financial_secretary","0325080362","uEJyOd7qgV78D4FwldxY","Financial Secretary","2026-07-30T11:22:43.724Z","HVLkD60QGTNekHChNHs3"
"root","uEJyOd7qgV78D4FwldxY_0325080362_organizing_secretary","0325080362","uEJyOd7qgV78D4FwldxY","Organizing Secretary","2026-07-30T11:22:43.625Z","uZfPl7YbSSVi3HusTG6e"
"root","uEJyOd7qgV78D4FwldxY_0325080362_president","0325080362","uEJyOd7qgV78D4FwldxY","President","2026-07-30T11:22:43.753Z","vVB8AbMwUrDDmhwd4QOo"
"root","uEJyOd7qgV78D4FwldxY_0325080362_public_relations_officer__pro_","0325080362","uEJyOd7qgV78D4FwldxY","Public Relations Officer (PRO)","2026-07-30T11:22:43.795Z","2kdOmqddEfGaWTfJpakX"
"root","uEJyOd7qgV78D4FwldxY_0325080362_wocom","0325080362","uEJyOd7qgV78D4FwldxY","WOCOM","2026-07-30T11:22:43.715Z","TIMSMyCMTmBJkM3oVVgT"
"root","uEJyOd7qgV78D4FwldxY_0325080364__general_secretary","0325080364","uEJyOd7qgV78D4FwldxY"," General Secretary","2026-07-30T19:14:04.928Z","jfbP5lPYrHlAxBKAk5Ha"
"root","uEJyOd7qgV78D4FwldxY_0325080364_financial_secretary","0325080364","uEJyOd7qgV78D4FwldxY","Financial Secretary","2026-07-30T19:14:04.978Z","X3GdpmQZHLNBI1NC8DVE"
"root","uEJyOd7qgV78D4FwldxY_0325080364_organizing_secretary","0325080364","uEJyOd7qgV78D4FwldxY","Organizing Secretary","2026-07-30T19:14:05.105Z","ATM56zAL60ed4ai1q7aW"
"root","uEJyOd7qgV78D4FwldxY_0325080364_president","0325080364","uEJyOd7qgV78D4FwldxY","President","2026-07-30T19:14:04.901Z","aS3rNzOa5PZe49GlD3fB"
"root","uEJyOd7qgV78D4FwldxY_0325080364_public_relations_officer__pro_","0325080364","uEJyOd7qgV78D4FwldxY","Public Relations Officer (PRO)","2026-07-30T19:14:04.993Z","FpZ5uGeA4xX4KRmxMmNp"
"root","uEJyOd7qgV78D4FwldxY_0325080364_wocom","0325080364","uEJyOd7qgV78D4FwldxY","WOCOM","2026-07-30T19:14:04.962Z","0i4Cx7LA7ZpoEdcM6TeF"
"root","uEJyOd7qgV78D4FwldxY_0325080365__general_secretary","0325080365","uEJyOd7qgV78D4FwldxY"," General Secretary","2026-07-30T20:54:43.014Z","wtxHUXVC3dwJOdfHbBIO"
"root","uEJyOd7qgV78D4FwldxY_0325080365_financial_secretary","0325080365","uEJyOd7qgV78D4FwldxY","Financial Secretary","2026-07-30T20:54:42.833Z","eE4T0E3XUCuvv0xVEo2r"
"root","uEJyOd7qgV78D4FwldxY_0325080365_organizing_secretary","0325080365","uEJyOd7qgV78D4FwldxY","Organizing Secretary","2026-07-30T20:54:42.731Z","cPhpgfcLLPRDGz6lXY7f"
"root","uEJyOd7qgV78D4FwldxY_0325080365_president","0325080365","uEJyOd7qgV78D4FwldxY","President","2026-07-30T20:54:42.843Z","94nI29xvfv0vL7yIcpoN"
"root","uEJyOd7qgV78D4FwldxY_0325080365_public_relations_officer__pro_","0325080365","uEJyOd7qgV78D4FwldxY","Public Relations Officer (PRO)","2026-07-30T20:54:42.677Z","mG8tw4NIY4HjIOSpslDe"
"root","uEJyOd7qgV78D4FwldxY_0325080365_wocom","0325080365","uEJyOd7qgV78D4FwldxY","WOCOM","2026-07-30T20:54:42.808Z","IE1JjoBgxhPIxknajG9a"
"root","uEJyOd7qgV78D4FwldxY_0325080373__general_secretary","0325080373","uEJyOd7qgV78D4FwldxY"," General Secretary","2026-07-30T11:22:27.484Z","cfwEdd3PoiLmMQwTIqVa"
"root","uEJyOd7qgV78D4FwldxY_0325080373_financial_secretary","0325080373","uEJyOd7qgV78D4FwldxY","Financial Secretary","2026-07-30T11:22:27.325Z","n2qh8niZ7Jvk9X1dDAvf"
"root","uEJyOd7qgV78D4FwldxY_0325080373_organizing_secretary","0325080373","uEJyOd7qgV78D4FwldxY","Organizing Secretary","2026-07-30T11:22:27.539Z","GAKw1eW6NN3Z9GZuPVA9"
"root","uEJyOd7qgV78D4FwldxY_0325080373_president","0325080373","uEJyOd7qgV78D4FwldxY","President","2026-07-30T11:22:27.372Z","LRdpOM9diK0D0VOiML4m"
"root","uEJyOd7qgV78D4FwldxY_0325080373_public_relations_officer__pro_","0325080373","uEJyOd7qgV78D4FwldxY","Public Relations Officer (PRO)","2026-07-30T11:22:27.508Z","vukY87mYQMu0FqFMjUOB"
"root","uEJyOd7qgV78D4FwldxY_0325080373_wocom","0325080373","uEJyOd7qgV78D4FwldxY","WOCOM","2026-07-30T11:22:27.363Z","a8P4cObmHze8C4TD66tv"
"root","uEJyOd7qgV78D4FwldxY_0325080380__general_secretary","0325080380","uEJyOd7qgV78D4FwldxY"," General Secretary","2026-07-30T20:02:11.874Z","ZKIaZT16eQXGTUXK95kG"
"root","uEJyOd7qgV78D4FwldxY_0325080380_financial_secretary","0325080380","uEJyOd7qgV78D4FwldxY","Financial Secretary","2026-07-30T20:02:12.242Z","XayPBD9AIstfN578AOFu"
"root","uEJyOd7qgV78D4FwldxY_0325080380_organizing_secretary","0325080380","uEJyOd7qgV78D4FwldxY","Organizing Secretary","2026-07-30T20:02:11.891Z","tv8F4U1lJ2RddA76SNzV"
"root","uEJyOd7qgV78D4FwldxY_0325080380_president","0325080380","uEJyOd7qgV78D4FwldxY","President","2026-07-30T20:02:11.898Z","bA2H8TT2Ybf5QQ5flEc7"
"root","uEJyOd7qgV78D4FwldxY_0325080380_public_relations_officer__pro_","0325080380","uEJyOd7qgV78D4FwldxY","Public Relations Officer (PRO)","2026-07-30T20:02:11.921Z","gp0BjiV44hGSLnkh2Tyi"
"root","uEJyOd7qgV78D4FwldxY_0325080380_wocom","0325080380","uEJyOd7qgV78D4FwldxY","WOCOM","2026-07-30T20:02:11.864Z","O2T1BnLCVBvfi58laMFG"
"root","uEJyOd7qgV78D4FwldxY_0325080385__general_secretary","0325080385","uEJyOd7qgV78D4FwldxY"," General Secretary","2026-07-30T11:11:28.830Z","14BUTKy1EBxAmYXeBxmc"
"root","uEJyOd7qgV78D4FwldxY_0325080385_financial_secretary","0325080385","uEJyOd7qgV78D4FwldxY","Financial Secretary","2026-07-30T11:11:28.856Z","2DF6FDAHdDsPrDHBKmpj"
"root","uEJyOd7qgV78D4FwldxY_0325080385_organizing_secretary","0325080385","uEJyOd7qgV78D4FwldxY","Organizing Secretary","2026-07-30T11:11:28.882Z","lXbN5S982JibiW4cB4K3"
"root","uEJyOd7qgV78D4FwldxY_0325080385_president","0325080385","uEJyOd7qgV78D4FwldxY","President","2026-07-30T11:11:28.931Z","tg0duNSCrXyu6vWGIKfR"
"root","uEJyOd7qgV78D4FwldxY_0325080385_public_relations_officer__pro_","0325080385","uEJyOd7qgV78D4FwldxY","Public Relations Officer (PRO)","2026-07-30T11:11:28.809Z","3bFMIx7GkMGq4APxNs7z"
"root","uEJyOd7qgV78D4FwldxY_0325080385_wocom","0325080385","uEJyOd7qgV78D4FwldxY","WOCOM","2026-07-30T11:11:28.836Z","GpXswz7G3uwBEYNm7LX1"
"root","uEJyOd7qgV78D4FwldxY_0325080390_president","0325080390","uEJyOd7qgV78D4FwldxY","President","2026-07-30T18:56:01.256Z","twJTD7SNZS4MZ5OvlDYn"
"root","uEJyOd7qgV78D4FwldxY_0325080392__general_secretary","0325080392","uEJyOd7qgV78D4FwldxY"," General Secretary","2026-07-30T11:33:38.645Z","8MLTFumSxWoXEQHaLYvE"
"root","uEJyOd7qgV78D4FwldxY_0325080392_financial_secretary","0325080392","uEJyOd7qgV78D4FwldxY","Financial Secretary","2026-07-30T11:33:38.835Z","9t5JEDCqlHDWb9YDHqBm"
"root","uEJyOd7qgV78D4FwldxY_0325080392_organizing_secretary","0325080392","uEJyOd7qgV78D4FwldxY","Organizing Secretary","2026-07-30T11:33:38.662Z","oW0M1CbO0EFPHZ4YUems"
"root","uEJyOd7qgV78D4FwldxY_0325080392_president","0325080392","uEJyOd7qgV78D4FwldxY","President","2026-07-30T11:33:38.661Z","zyVhUIfUJdlcUYp67mvg"
"root","uEJyOd7qgV78D4FwldxY_0325080392_public_relations_officer__pro_","0325080392","uEJyOd7qgV78D4FwldxY","Public Relations Officer (PRO)","2026-07-30T11:33:38.803Z","DC6uUQ21D08A0AM0Dy0c"
"root","uEJyOd7qgV78D4FwldxY_0325080392_wocom","0325080392","uEJyOd7qgV78D4FwldxY","WOCOM","2026-07-30T11:33:38.948Z","A3KXYc2vFSCLu28rQVpD"
"root","uEJyOd7qgV78D4FwldxY_0325080395__general_secretary","0325080395","uEJyOd7qgV78D4FwldxY"," General Secretary","2026-07-30T19:59:40.572Z","Gu8DLmHPh3bHsp0ggr0F"
"root","uEJyOd7qgV78D4FwldxY_0325080395_financial_secretary","0325080395","uEJyOd7qgV78D4FwldxY","Financial Secretary","2026-07-30T19:59:40.778Z","mmjmya8DhrDtYwXrJQQB"
"root","uEJyOd7qgV78D4FwldxY_0325080395_organizing_secretary","0325080395","uEJyOd7qgV78D4FwldxY","Organizing Secretary","2026-07-30T19:59:40.562Z","gQ2a9CWUy8P9Pq4MHsUr"
"root","uEJyOd7qgV78D4FwldxY_0325080395_president","0325080395","uEJyOd7qgV78D4FwldxY","President","2026-07-30T19:59:40.641Z","Z1j2uGN44qRnG5XGEYKU"
"root","uEJyOd7qgV78D4FwldxY_0325080395_public_relations_officer__pro_","0325080395","uEJyOd7qgV78D4FwldxY","Public Relations Officer (PRO)","2026-07-30T19:59:40.491Z","yUJo68wXimcab6djZDMk"
"root","uEJyOd7qgV78D4FwldxY_0325080395_wocom","0325080395","uEJyOd7qgV78D4FwldxY","WOCOM","2026-07-30T19:59:40.651Z","YZbkDITun10R9kOeP2s1"
"root","uEJyOd7qgV78D4FwldxY_0325080396__general_secretary","0325080396","uEJyOd7qgV78D4FwldxY"," General Secretary","2026-07-30T18:54:32.859Z","yrzC97CV1M7YXQq82Txf"
"root","uEJyOd7qgV78D4FwldxY_0325080396_financial_secretary","0325080396","uEJyOd7qgV78D4FwldxY","Financial Secretary","2026-07-30T18:54:32.969Z","n9js4PUOXLrxkA7ulqVN"
"root","uEJyOd7qgV78D4FwldxY_0325080396_organizing_secretary","0325080396","uEJyOd7qgV78D4FwldxY","Organizing Secretary","2026-07-30T18:54:33.048Z","XB7OjV7SMM6XWagXj0PE"
"root","uEJyOd7qgV78D4FwldxY_0325080396_president","0325080396","uEJyOd7qgV78D4FwldxY","President","2026-07-30T18:54:32.822Z","rTFcDCIUJjytDqc0OAuh"
"root","uEJyOd7qgV78D4FwldxY_0325080396_public_relations_officer__pro_","0325080396","uEJyOd7qgV78D4FwldxY","Public Relations Officer (PRO)","2026-07-30T18:54:32.704Z","PX9mFz25eU5EWSCixwCl"
"root","uEJyOd7qgV78D4FwldxY_0325080396_wocom","0325080396","uEJyOd7qgV78D4FwldxY","WOCOM","2026-07-30T18:54:32.844Z","EPZaLCS9tZlLi5p9cWcN"
"root","uEJyOd7qgV78D4FwldxY_0325080397_president","0325080397","uEJyOd7qgV78D4FwldxY","President","2026-07-30T21:18:37.967Z","oOFGdUVksX4xVP3dV1NJ"
"root","uEJyOd7qgV78D4FwldxY_0325080400__general_secretary","0325080400","uEJyOd7qgV78D4FwldxY"," General Secretary","2026-07-30T18:06:31.746Z","mYAVvuzYogjOwqoS2CHi"
"root","uEJyOd7qgV78D4FwldxY_0325080400_financial_secretary","0325080400","uEJyOd7qgV78D4FwldxY","Financial Secretary","2026-07-30T18:06:31.858Z","dkPnXpEe4oc1lRY068vf"
"root","uEJyOd7qgV78D4FwldxY_0325080400_organizing_secretary","0325080400","uEJyOd7qgV78D4FwldxY","Organizing Secretary","2026-07-30T18:06:31.711Z","IpE3GJG62hedS7xQPyFD"
"root","uEJyOd7qgV78D4FwldxY_0325080400_president","0325080400","uEJyOd7qgV78D4FwldxY","President","2026-07-30T18:06:31.696Z","NSGtFjsdVaQeQ94HMCBc"
"root","uEJyOd7qgV78D4FwldxY_0325080400_public_relations_officer__pro_","0325080400","uEJyOd7qgV78D4FwldxY","Public Relations Officer (PRO)","2026-07-30T18:06:31.599Z","poQyUzAvgHRmeIcU77Ym"
"root","uEJyOd7qgV78D4FwldxY_0325080400_wocom","0325080400","uEJyOd7qgV78D4FwldxY","WOCOM","2026-07-30T18:06:31.744Z","HlFMc3ixDR3r5MLlxTlH"
"root","uEJyOd7qgV78D4FwldxY_0325080407__general_secretary","0325080407","uEJyOd7qgV78D4FwldxY"," General Secretary","2026-07-30T19:02:48.578Z","VOH1Doxm4eGAXjZnBGuc"
"root","uEJyOd7qgV78D4FwldxY_0325080407_financial_secretary","0325080407","uEJyOd7qgV78D4FwldxY","Financial Secretary","2026-07-30T19:02:48.768Z","JgAgiU15B3qP9jHkJol5"
"root","uEJyOd7qgV78D4FwldxY_0325080407_organizing_secretary","0325080407","uEJyOd7qgV78D4FwldxY","Organizing Secretary","2026-07-30T19:02:48.642Z","PFU2P7BgSFwlP6vlnHBN"
"root","uEJyOd7qgV78D4FwldxY_0325080407_president","0325080407","uEJyOd7qgV78D4FwldxY","President","2026-07-30T19:02:48.687Z","873Di1smhrNAZm7HlB9H"
"root","uEJyOd7qgV78D4FwldxY_0325080407_public_relations_officer__pro_","0325080407","uEJyOd7qgV78D4FwldxY","Public Relations Officer (PRO)","2026-07-30T19:02:48.774Z","kD1NR5YOSP5FE9JrdG7y"
"root","uEJyOd7qgV78D4FwldxY_0325080407_wocom","0325080407","uEJyOd7qgV78D4FwldxY","WOCOM","2026-07-30T19:02:48.826Z","m37UPsLJ0dBU48cpZHTJ"
"root","uEJyOd7qgV78D4FwldxY_0325080409__general_secretary","0325080409","uEJyOd7qgV78D4FwldxY"," General Secretary","2026-07-30T19:50:40.942Z","MYsj1aBCqngk9SKf4r3J"
"root","uEJyOd7qgV78D4FwldxY_0325080409_financial_secretary","0325080409","uEJyOd7qgV78D4FwldxY","Financial Secretary","2026-07-30T19:50:41.035Z","FhhjVGdcHd8tg08mHCQj"
"root","uEJyOd7qgV78D4FwldxY_0325080409_organizing_secretary","0325080409","uEJyOd7qgV78D4FwldxY","Organizing Secretary","2026-07-30T19:50:41.243Z","ZJuadoBP5pbOD13BSz54"
"root","uEJyOd7qgV78D4FwldxY_0325080409_president","0325080409","uEJyOd7qgV78D4FwldxY","President","2026-07-30T19:50:41.041Z","4ghLjCJJgnLop3pgFc4A"
"root","uEJyOd7qgV78D4FwldxY_0325080409_public_relations_officer__pro_","0325080409","uEJyOd7qgV78D4FwldxY","Public Relations Officer (PRO)","2026-07-30T19:50:40.995Z","Vkbx6pXrpixYt5Q3Jkyb"
"root","uEJyOd7qgV78D4FwldxY_0325080409_wocom","0325080409","uEJyOd7qgV78D4FwldxY","WOCOM","2026-07-30T19:50:41.026Z","1WQgaJVnCAxR9Ue5aEDj"
"root","uEJyOd7qgV78D4FwldxY_0325080417__general_secretary","0325080417","uEJyOd7qgV78D4FwldxY"," General Secretary","2026-07-30T09:26:12.899Z","FS6vSefyySOaJtMys8c7"
"root","uEJyOd7qgV78D4FwldxY_0325080417_financial_secretary","0325080417","uEJyOd7qgV78D4FwldxY","Financial Secretary","2026-07-30T09:26:12.922Z","RyaNS4qLMGh1HbtADU7l"
"root","uEJyOd7qgV78D4FwldxY_0325080417_organizing_secretary","0325080417","uEJyOd7qgV78D4FwldxY","Organizing Secretary","2026-07-30T09:26:12.939Z","SzQ0BCoOKnOSGf6xXtD2"
"root","uEJyOd7qgV78D4FwldxY_0325080417_president","0325080417","uEJyOd7qgV78D4FwldxY","President","2026-07-30T09:26:12.901Z","OpNmydOhCKjlLs1hSmaS"
"root","uEJyOd7qgV78D4FwldxY_0325080417_public_relations_officer__pro_","0325080417","uEJyOd7qgV78D4FwldxY","Public Relations Officer (PRO)","2026-07-30T09:26:13.006Z","n6Gn9lCnxnJMIJGCplQh"
"root","uEJyOd7qgV78D4FwldxY_0325080417_wocom","0325080417","uEJyOd7qgV78D4FwldxY","WOCOM","2026-07-30T09:26:13.002Z","oYynTyEIt9TqZpq2pVF8"
"root","uEJyOd7qgV78D4FwldxY_0325080423__general_secretary","0325080423","uEJyOd7qgV78D4FwldxY"," General Secretary","2026-07-30T18:02:39.440Z","zc7471cYrkspn4rL9QOs"
"root","uEJyOd7qgV78D4FwldxY_0325080423_financial_secretary","0325080423","uEJyOd7qgV78D4FwldxY","Financial Secretary","2026-07-30T18:02:39.436Z","wYEt2uQ9GgCDhbdtu9zQ"
"root","uEJyOd7qgV78D4FwldxY_0325080423_organizing_secretary","0325080423","uEJyOd7qgV78D4FwldxY","Organizing Secretary","2026-07-30T18:02:39.498Z","KKTDCuGB0hMLIOYcwyXQ"
"root","uEJyOd7qgV78D4FwldxY_0325080423_president","0325080423","uEJyOd7qgV78D4FwldxY","President","2026-07-30T18:02:39.497Z","KJ9nPjpXnie3sYKQLQ2i"
"root","uEJyOd7qgV78D4FwldxY_0325080423_public_relations_officer__pro_","0325080423","uEJyOd7qgV78D4FwldxY","Public Relations Officer (PRO)","2026-07-30T18:02:39.524Z","nykfK52UbicJlk5F8KbY"
"root","uEJyOd7qgV78D4FwldxY_0325080423_wocom","0325080423","uEJyOd7qgV78D4FwldxY","WOCOM","2026-07-30T18:02:39.601Z","YjIPyQ8OONqGHzwlDiHU"
"root","uEJyOd7qgV78D4FwldxY_0325080426__general_secretary","0325080426","uEJyOd7qgV78D4FwldxY"," General Secretary","2026-07-30T19:57:14.643Z","9ymemCkM6Ibh7kPFPAor"
"root","uEJyOd7qgV78D4FwldxY_0325080426_financial_secretary","0325080426","uEJyOd7qgV78D4FwldxY","Financial Secretary","2026-07-30T19:57:14.574Z","klrfiJ4vCTkd7bAnic5R"
"root","uEJyOd7qgV78D4FwldxY_0325080426_organizing_secretary","0325080426","uEJyOd7qgV78D4FwldxY","Organizing Secretary","2026-07-30T19:57:14.543Z","44IcXIDK6Ik25Hu4wzYC"
"root","uEJyOd7qgV78D4FwldxY_0325080426_president","0325080426","uEJyOd7qgV78D4FwldxY","President","2026-07-30T19:57:14.952Z","tACG87QLjVJLlUEaLvW4"
"root","uEJyOd7qgV78D4FwldxY_0325080426_public_relations_officer__pro_","0325080426","uEJyOd7qgV78D4FwldxY","Public Relations Officer (PRO)","2026-07-30T19:57:14.692Z","beHQJuqMyANFqIDnKrWy"
"root","uEJyOd7qgV78D4FwldxY_0325080426_wocom","0325080426","uEJyOd7qgV78D4FwldxY","WOCOM","2026-07-30T19:57:14.616Z","zSomXFeN5vJtzACB3I7u"
"root","uEJyOd7qgV78D4FwldxY_0325080432_financial_secretary","0325080432","uEJyOd7qgV78D4FwldxY","Financial Secretary","2026-07-30T19:46:34.737Z","YkBfAhvhenEMGyyqGPMl"
"root","uEJyOd7qgV78D4FwldxY_0325080432_organizing_secretary","0325080432","uEJyOd7qgV78D4FwldxY","Organizing Secretary","2026-07-30T19:46:34.684Z","FjpIL4d8orR4I2bzE0wL"
"root","uEJyOd7qgV78D4FwldxY_0325080432_president","0325080432","uEJyOd7qgV78D4FwldxY","President","2026-07-30T19:46:34.576Z","GGfmr8Yifa9MIlxLTJ7R"
"root","uEJyOd7qgV78D4FwldxY_0325080432_public_relations_officer__pro_","0325080432","uEJyOd7qgV78D4FwldxY","Public Relations Officer (PRO)","2026-07-30T19:46:34.625Z","alKX04aLKkecEe6jGW30"
"root","uEJyOd7qgV78D4FwldxY_0325080432_wocom","0325080432","uEJyOd7qgV78D4FwldxY","WOCOM","2026-07-30T19:46:34.769Z","UZtPdzT4V9mVvy9Pr90b"
"root","uEJyOd7qgV78D4FwldxY_0325080435__general_secretary","0325080435","uEJyOd7qgV78D4FwldxY"," General Secretary","2026-07-30T09:30:16.425Z","D29Q9IbLzrX4Xex3W36v"
"root","uEJyOd7qgV78D4FwldxY_0325080435_financial_secretary","0325080435","uEJyOd7qgV78D4FwldxY","Financial Secretary","2026-07-30T09:30:16.474Z","qOGFRwWOqyaDXlF7B1mx"
"root","uEJyOd7qgV78D4FwldxY_0325080435_organizing_secretary","0325080435","uEJyOd7qgV78D4FwldxY","Organizing Secretary","2026-07-30T09:30:16.463Z","oWyadhaTp4HnnDsfRUPq"
"root","uEJyOd7qgV78D4FwldxY_0325080435_president","0325080435","uEJyOd7qgV78D4FwldxY","President","2026-07-30T09:30:16.477Z","eLR73xpLsgBgEzVV2SuV"
"root","uEJyOd7qgV78D4FwldxY_0325080435_public_relations_officer__pro_","0325080435","uEJyOd7qgV78D4FwldxY","Public Relations Officer (PRO)","2026-07-30T09:30:16.374Z","6bg9yeRDFqG7Glp07wYb"
"root","uEJyOd7qgV78D4FwldxY_0325080435_wocom","0325080435","uEJyOd7qgV78D4FwldxY","WOCOM","2026-07-30T09:30:16.754Z","MhKQxQfH5CitZmeZDM2b"
"root","uEJyOd7qgV78D4FwldxY_0325080439__general_secretary","0325080439","uEJyOd7qgV78D4FwldxY"," General Secretary","2026-07-30T09:08:20.151Z","mxoqg77PCgXWge8WQP3q"
"root","uEJyOd7qgV78D4FwldxY_0325080439_financial_secretary","0325080439","uEJyOd7qgV78D4FwldxY","Financial Secretary","2026-07-30T09:08:20.028Z","m9lFSmv3YRhlGJ8yWbQ2"
"root","uEJyOd7qgV78D4FwldxY_0325080439_organizing_secretary","0325080439","uEJyOd7qgV78D4FwldxY","Organizing Secretary","2026-07-30T09:08:20.041Z","c3VpEZRI6xCCvx5M9fQd"
"root","uEJyOd7qgV78D4FwldxY_0325080439_president","0325080439","uEJyOd7qgV78D4FwldxY","President","2026-07-30T09:08:20.124Z","1zr6j7rQFs3heGYJgYYd"
"root","uEJyOd7qgV78D4FwldxY_0325080439_public_relations_officer__pro_","0325080439","uEJyOd7qgV78D4FwldxY","Public Relations Officer (PRO)","2026-07-30T09:08:19.967Z","GEweMncI44RzBJQGGNMC"
"root","uEJyOd7qgV78D4FwldxY_0325080439_wocom","0325080439","uEJyOd7qgV78D4FwldxY","WOCOM","2026-07-30T09:08:20.125Z","PcQYbhKIQX48kNcn1w5g"
"root","uEJyOd7qgV78D4FwldxY_0325080441__general_secretary","0325080441","uEJyOd7qgV78D4FwldxY"," General Secretary","2026-07-30T09:06:19.761Z","DDgaPGdWfSn2w1cna0TV"
"root","uEJyOd7qgV78D4FwldxY_0325080441_financial_secretary","0325080441","uEJyOd7qgV78D4FwldxY","Financial Secretary","2026-07-30T09:06:19.675Z","WcJ60ewQxntUlfVUBM68"
"root","uEJyOd7qgV78D4FwldxY_0325080441_organizing_secretary","0325080441","uEJyOd7qgV78D4FwldxY","Organizing Secretary","2026-07-30T09:06:19.827Z","QZUwB9uSX63I6MPUIZhj"
"root","uEJyOd7qgV78D4FwldxY_0325080441_president","0325080441","uEJyOd7qgV78D4FwldxY","President","2026-07-30T09:06:19.640Z","1kJrbROHWWa6KC2y6u3m"
"root","uEJyOd7qgV78D4FwldxY_0325080441_public_relations_officer__pro_","0325080441","uEJyOd7qgV78D4FwldxY","Public Relations Officer (PRO)","2026-07-30T09:06:19.793Z","tBC8B9Wv1QdkbJ3Xqj6j"
"root","uEJyOd7qgV78D4FwldxY_0325080441_wocom","0325080441","uEJyOd7qgV78D4FwldxY","WOCOM","2026-07-30T09:06:19.772Z","GBGjxbMQpsvzplaJ3nou"
"root","uEJyOd7qgV78D4FwldxY_0325080446__general_secretary","0325080446","uEJyOd7qgV78D4FwldxY"," General Secretary","2026-07-30T20:22:18.101Z","yNlIvON03cMDJatC0bsX"
"root","uEJyOd7qgV78D4FwldxY_0325080446_financial_secretary","0325080446","uEJyOd7qgV78D4FwldxY","Financial Secretary","2026-07-30T20:22:18.042Z","nL4syKTJVPKmf2yMYAD4"
"root","uEJyOd7qgV78D4FwldxY_0325080446_organizing_secretary","0325080446","uEJyOd7qgV78D4FwldxY","Organizing Secretary","2026-07-30T20:22:18.238Z","3f2mBCxRJ2sx9xxdn5qX"
"root","uEJyOd7qgV78D4FwldxY_0325080446_president","0325080446","uEJyOd7qgV78D4FwldxY","President","2026-07-30T20:22:18.115Z","SdAU36sCMDO7zpC7w2Wf"
"root","uEJyOd7qgV78D4FwldxY_0325080446_public_relations_officer__pro_","0325080446","uEJyOd7qgV78D4FwldxY","Public Relations Officer (PRO)","2026-07-30T20:22:17.984Z","ldV375G41ui5OWNiBYQh"
"root","uEJyOd7qgV78D4FwldxY_0325080446_wocom","0325080446","uEJyOd7qgV78D4FwldxY","WOCOM","2026-07-30T20:22:18.157Z","EAG4uL1m0m1CupcqIF6j"
"root","uEJyOd7qgV78D4FwldxY_0325080449__general_secretary","0325080449","uEJyOd7qgV78D4FwldxY"," General Secretary","2026-07-30T20:50:39.160Z","wyNDrkmCQUuaOWyveYsR"
"root","uEJyOd7qgV78D4FwldxY_0325080449_financial_secretary","0325080449","uEJyOd7qgV78D4FwldxY","Financial Secretary","2026-07-30T20:50:38.963Z","zyfYmuYBshc4u1uTyEws"
"root","uEJyOd7qgV78D4FwldxY_0325080449_organizing_secretary","0325080449","uEJyOd7qgV78D4FwldxY","Organizing Secretary","2026-07-30T20:50:39.058Z","XKlCHKA3Uj56pymrd6S1"
"root","uEJyOd7qgV78D4FwldxY_0325080449_president","0325080449","uEJyOd7qgV78D4FwldxY","President","2026-07-30T20:50:38.903Z","3YgweIynWbdbKg8hoIuz"
"root","uEJyOd7qgV78D4FwldxY_0325080449_public_relations_officer__pro_","0325080449","uEJyOd7qgV78D4FwldxY","Public Relations Officer (PRO)","2026-07-30T20:50:38.904Z","G76j0bco7MOn0PYtQj8n"
"root","uEJyOd7qgV78D4FwldxY_0325080449_wocom","0325080449","uEJyOd7qgV78D4FwldxY","WOCOM","2026-07-30T20:50:38.949Z","RPEEjc24MKRpZNdbQ9gk"
"root","uEJyOd7qgV78D4FwldxY_0325080450__general_secretary","0325080450","uEJyOd7qgV78D4FwldxY"," General Secretary","2026-07-30T09:27:13.360Z","glgyXoJEXSbTh3MDrDfA"
"root","uEJyOd7qgV78D4FwldxY_0325080450_financial_secretary","0325080450","uEJyOd7qgV78D4FwldxY","Financial Secretary","2026-07-30T09:27:13.264Z","soKTonMOY3r4vZ2uj8ud"
"root","uEJyOd7qgV78D4FwldxY_0325080450_organizing_secretary","0325080450","uEJyOd7qgV78D4FwldxY","Organizing Secretary","2026-07-30T09:27:13.492Z","Kxaj8BwQORQRbuFZ6lVd"
"root","uEJyOd7qgV78D4FwldxY_0325080450_president","0325080450","uEJyOd7qgV78D4FwldxY","President","2026-07-30T09:27:13.317Z","6Jxr7fgGTu5pmrNDAEhi"
"root","uEJyOd7qgV78D4FwldxY_0325080450_public_relations_officer__pro_","0325080450","uEJyOd7qgV78D4FwldxY","Public Relations Officer (PRO)","2026-07-30T09:27:13.371Z","IWrJsaEpsNH4lfa9Ijqt"
"root","uEJyOd7qgV78D4FwldxY_0325080450_wocom","0325080450","uEJyOd7qgV78D4FwldxY","WOCOM","2026-07-30T09:27:13.395Z","7r9HR7TFydQUC10cjBB9"
"root","uEJyOd7qgV78D4FwldxY_0325080455__general_secretary","0325080455","uEJyOd7qgV78D4FwldxY"," General Secretary","2026-07-30T18:49:58.321Z","OPFQQJK90gwzFYKhkxvi"
"root","uEJyOd7qgV78D4FwldxY_0325080455_financial_secretary","0325080455","uEJyOd7qgV78D4FwldxY","Financial Secretary","2026-07-30T18:49:58.330Z","3vz5L0jHPR3wilOm6Ro8"
"root","uEJyOd7qgV78D4FwldxY_0325080455_organizing_secretary","0325080455","uEJyOd7qgV78D4FwldxY","Organizing Secretary","2026-07-30T18:49:59.184Z","HygVWr7ImygV2woa4DBt"
"root","uEJyOd7qgV78D4FwldxY_0325080455_president","0325080455","uEJyOd7qgV78D4FwldxY","President","2026-07-30T18:49:58.219Z","4pRAu5PoWks3xzjfwUKd"
"root","uEJyOd7qgV78D4FwldxY_0325080455_public_relations_officer__pro_","0325080455","uEJyOd7qgV78D4FwldxY","Public Relations Officer (PRO)","2026-07-30T18:49:58.070Z","0bX39iuEGYTqIPzhtBqC"
"root","uEJyOd7qgV78D4FwldxY_0325080455_wocom","0325080455","uEJyOd7qgV78D4FwldxY","WOCOM","2026-07-30T18:49:59.139Z","MQ09M7SA9CDIMjHpwWVg"
"root","uEJyOd7qgV78D4FwldxY_0325080456__general_secretary","0325080456","uEJyOd7qgV78D4FwldxY"," General Secretary","2026-07-30T19:31:36.018Z","srUPh44G0WBU3AmCQ67P"
"root","uEJyOd7qgV78D4FwldxY_0325080456_financial_secretary","0325080456","uEJyOd7qgV78D4FwldxY","Financial Secretary","2026-07-30T19:31:36.081Z","yMleAeWCWbbU7hXEHqfo"
"root","uEJyOd7qgV78D4FwldxY_0325080456_organizing_secretary","0325080456","uEJyOd7qgV78D4FwldxY","Organizing Secretary","2026-07-30T19:31:36.061Z","0oBCXrrEKulRc9T2fXob"
"root","uEJyOd7qgV78D4FwldxY_0325080456_president","0325080456","uEJyOd7qgV78D4FwldxY","President","2026-07-30T19:31:36.371Z","YkEGfeZMVkIOvcC8oN58"
"root","uEJyOd7qgV78D4FwldxY_0325080456_public_relations_officer__pro_","0325080456","uEJyOd7qgV78D4FwldxY","Public Relations Officer (PRO)","2026-07-30T19:31:36.227Z","46zSgC7nX4PJ9oqxxFaB"
"root","uEJyOd7qgV78D4FwldxY_0325080456_wocom","0325080456","uEJyOd7qgV78D4FwldxY","WOCOM","2026-07-30T19:31:36.111Z","g6ctVDNy4aPbZe1HtAvF"
"root","uEJyOd7qgV78D4FwldxY_0325080464__general_secretary","0325080464","uEJyOd7qgV78D4FwldxY"," General Secretary","2026-07-30T09:27:38.014Z","FNvYigx7paMkNobNWAWu"
"root","uEJyOd7qgV78D4FwldxY_0325080464_financial_secretary","0325080464","uEJyOd7qgV78D4FwldxY","Financial Secretary","2026-07-30T09:27:38.054Z","s4FV38kRcYPdG2zsX5Wf"
"root","uEJyOd7qgV78D4FwldxY_0325080464_organizing_secretary","0325080464","uEJyOd7qgV78D4FwldxY","Organizing Secretary","2026-07-30T09:27:38.034Z","TMdqSKNFjHTybcsJBoVf"
"root","uEJyOd7qgV78D4FwldxY_0325080464_president","0325080464","uEJyOd7qgV78D4FwldxY","President","2026-07-30T09:27:38.079Z","v1FPLDmoajntxslMPYcg"
"root","uEJyOd7qgV78D4FwldxY_0325080464_public_relations_officer__pro_","0325080464","uEJyOd7qgV78D4FwldxY","Public Relations Officer (PRO)","2026-07-30T09:27:38.047Z","VCzXa1hIXEJe4D5xi1Uy"
"root","uEJyOd7qgV78D4FwldxY_0325080464_wocom","0325080464","uEJyOd7qgV78D4FwldxY","WOCOM","2026-07-30T09:27:38.151Z","PzSA3S2vAFBbWUz0W8S7"
"root","uEJyOd7qgV78D4FwldxY_0325080466__general_secretary","0325080466","uEJyOd7qgV78D4FwldxY"," General Secretary","2026-07-30T11:35:16.690Z","txAaOPM5MF2nJvN4AH4n"
"root","uEJyOd7qgV78D4FwldxY_0325080466_financial_secretary","0325080466","uEJyOd7qgV78D4FwldxY","Financial Secretary","2026-07-30T11:35:16.695Z","KtUM39VC22WTDLyfo68c"
"root","uEJyOd7qgV78D4FwldxY_0325080466_organizing_secretary","0325080466","uEJyOd7qgV78D4FwldxY","Organizing Secretary","2026-07-30T11:35:16.442Z","mqHes0G5FwtZvZYx2mSw"
"root","uEJyOd7qgV78D4FwldxY_0325080466_president","0325080466","uEJyOd7qgV78D4FwldxY","President","2026-07-30T11:35:16.403Z","6xiMWRZ4Bg0stEYp8lD8"
"root","uEJyOd7qgV78D4FwldxY_0325080466_public_relations_officer__pro_","0325080466","uEJyOd7qgV78D4FwldxY","Public Relations Officer (PRO)","2026-07-30T11:35:16.746Z","ptKt6sgSWpNKqbmZnSv7"
"root","uEJyOd7qgV78D4FwldxY_0325080466_wocom","0325080466","uEJyOd7qgV78D4FwldxY","WOCOM","2026-07-30T11:35:16.871Z","TKz7y6gH04ZQaZwiVKgE"
"root","uEJyOd7qgV78D4FwldxY_0325080469__general_secretary","0325080469","uEJyOd7qgV78D4FwldxY"," General Secretary","2026-07-30T20:11:59.423Z","GTFuU5sXZ3NvdevZgDBd"
"root","uEJyOd7qgV78D4FwldxY_0325080469_financial_secretary","0325080469","uEJyOd7qgV78D4FwldxY","Financial Secretary","2026-07-30T20:11:59.565Z","mHYFRixDctJZzIvKFLYl"
"root","uEJyOd7qgV78D4FwldxY_0325080469_organizing_secretary","0325080469","uEJyOd7qgV78D4FwldxY","Organizing Secretary","2026-07-30T20:11:59.507Z","Aa05cb0WmygOh4I5kJc5"
"root","uEJyOd7qgV78D4FwldxY_0325080469_president","0325080469","uEJyOd7qgV78D4FwldxY","President","2026-07-30T20:11:59.463Z","Gt1d7PG4GDF3y5x9DE1J"
"root","uEJyOd7qgV78D4FwldxY_0325080469_public_relations_officer__pro_","0325080469","uEJyOd7qgV78D4FwldxY","Public Relations Officer (PRO)","2026-07-30T20:11:59.420Z","LEg9gHTPMhofYrVmieYn"
"root","uEJyOd7qgV78D4FwldxY_0325080469_wocom","0325080469","uEJyOd7qgV78D4FwldxY","WOCOM","2026-07-30T20:11:59.499Z","lqTHUmTIizZoTjc1BK5f"
"root","uEJyOd7qgV78D4FwldxY_0325080472__general_secretary","0325080472","uEJyOd7qgV78D4FwldxY"," General Secretary","2026-07-30T09:22:33.789Z","HwYwRexwUPhQb99bIvu4"
"root","uEJyOd7qgV78D4FwldxY_0325080472_financial_secretary","0325080472","uEJyOd7qgV78D4FwldxY","Financial Secretary","2026-07-30T09:22:33.902Z","PnuTtlysOjhbFsfRCwiS"
"root","uEJyOd7qgV78D4FwldxY_0325080472_organizing_secretary","0325080472","uEJyOd7qgV78D4FwldxY","Organizing Secretary","2026-07-30T09:22:33.783Z","kGduYlhh04L70am9zYKl"
"root","uEJyOd7qgV78D4FwldxY_0325080472_president","0325080472","uEJyOd7qgV78D4FwldxY","President","2026-07-30T09:22:33.859Z","bp2tJKDQtko4eAwoo22v"
"root","uEJyOd7qgV78D4FwldxY_0325080472_public_relations_officer__pro_","0325080472","uEJyOd7qgV78D4FwldxY","Public Relations Officer (PRO)","2026-07-30T09:22:33.797Z","eqPj3VBGVuEG2Rspv0Fw"
"root","uEJyOd7qgV78D4FwldxY_0325080472_wocom","0325080472","uEJyOd7qgV78D4FwldxY","WOCOM","2026-07-30T09:22:33.848Z","5xZ5cRwTG3wDJWkHelhp"
"root","uEJyOd7qgV78D4FwldxY_0325080482_financial_secretary","0325080482","uEJyOd7qgV78D4FwldxY","Financial Secretary","2026-07-30T19:37:31.358Z","Dslk5iX5briXD3xF9dVh"
"root","uEJyOd7qgV78D4FwldxY_0325080482_president","0325080482","uEJyOd7qgV78D4FwldxY","President","2026-07-30T19:37:31.412Z","rJtZeOo0lkxsqsOp9Nde"
"root","uEJyOd7qgV78D4FwldxY_0325080488__general_secretary","0325080488","uEJyOd7qgV78D4FwldxY"," General Secretary","2026-07-30T19:46:52.190Z","of46muBmf9kmwfy0UvUE"
"root","uEJyOd7qgV78D4FwldxY_0325080488_financial_secretary","0325080488","uEJyOd7qgV78D4FwldxY","Financial Secretary","2026-07-30T19:46:52.165Z","KF0XihUQNcg1yIL3FgMm"
"root","uEJyOd7qgV78D4FwldxY_0325080488_organizing_secretary","0325080488","uEJyOd7qgV78D4FwldxY","Organizing Secretary","2026-07-30T19:46:52.218Z","rdWAEeZSAtlXWsKfAPyo"
"root","uEJyOd7qgV78D4FwldxY_0325080488_president","0325080488","uEJyOd7qgV78D4FwldxY","President","2026-07-30T19:46:52.249Z","VTwPgGOTTlhHqLlPniI3"
"root","uEJyOd7qgV78D4FwldxY_0325080488_public_relations_officer__pro_","0325080488","uEJyOd7qgV78D4FwldxY","Public Relations Officer (PRO)","2026-07-30T19:46:52.140Z","4OyBQ9fEq13cVy4dCQYy"
"root","uEJyOd7qgV78D4FwldxY_0325080488_wocom","0325080488","uEJyOd7qgV78D4FwldxY","WOCOM","2026-07-30T19:46:52.405Z","JlIFIYkyKkP42WsmNUMy"
"root","uEJyOd7qgV78D4FwldxY_0325080494__general_secretary","0325080494","uEJyOd7qgV78D4FwldxY"," General Secretary","2026-07-30T18:42:39.880Z","MDMcCESYAvskLN503VG8"
"root","uEJyOd7qgV78D4FwldxY_0325080494_financial_secretary","0325080494","uEJyOd7qgV78D4FwldxY","Financial Secretary","2026-07-30T18:42:40.196Z","PYnwhZCnOEfuhTOOUd3q"
"root","uEJyOd7qgV78D4FwldxY_0325080494_organizing_secretary","0325080494","uEJyOd7qgV78D4FwldxY","Organizing Secretary","2026-07-30T18:42:40.031Z","dAotGbMbKgpLLxoTb7qT"
"root","uEJyOd7qgV78D4FwldxY_0325080494_president","0325080494","uEJyOd7qgV78D4FwldxY","President","2026-07-30T18:42:39.915Z","bP692oXIwXfbtr6J8AeF"
"root","uEJyOd7qgV78D4FwldxY_0325080494_public_relations_officer__pro_","0325080494","uEJyOd7qgV78D4FwldxY","Public Relations Officer (PRO)","2026-07-30T18:42:39.956Z","PGzwl6skiliGryT9kVig"
"root","uEJyOd7qgV78D4FwldxY_0325080494_wocom","0325080494","uEJyOd7qgV78D4FwldxY","WOCOM","2026-07-30T18:42:39.932Z","HL6R7ozktKJJnuL5ogvC"
"root","uEJyOd7qgV78D4FwldxY_0325080500__general_secretary","0325080500","uEJyOd7qgV78D4FwldxY"," General Secretary","2026-07-30T17:59:43.787Z","aMAS1sbwdmOcI5l2tzJN"
"root","uEJyOd7qgV78D4FwldxY_0325080500_financial_secretary","0325080500","uEJyOd7qgV78D4FwldxY","Financial Secretary","2026-07-30T17:59:43.723Z","9gprQuLTx1S62R6B3TLx"
"root","uEJyOd7qgV78D4FwldxY_0325080500_organizing_secretary","0325080500","uEJyOd7qgV78D4FwldxY","Organizing Secretary","2026-07-30T17:59:43.726Z","zU11kOM5kJTBeJveY93T"
"root","uEJyOd7qgV78D4FwldxY_0325080500_president","0325080500","uEJyOd7qgV78D4FwldxY","President","2026-07-30T17:59:43.712Z","KC5a5TWmaT5Ilo6mY9IG"
"root","uEJyOd7qgV78D4FwldxY_0325080500_public_relations_officer__pro_","0325080500","uEJyOd7qgV78D4FwldxY","Public Relations Officer (PRO)","2026-07-30T17:59:43.611Z","742zhgH8f7gcCzWsRWHp"
"root","uEJyOd7qgV78D4FwldxY_0325080500_wocom","0325080500","uEJyOd7qgV78D4FwldxY","WOCOM","2026-07-30T17:59:43.654Z","PTUVudqyi0WgwvuA8z2U"
"root","uEJyOd7qgV78D4FwldxY_0325080506__general_secretary","0325080506","uEJyOd7qgV78D4FwldxY"," General Secretary","2026-07-30T17:52:41.405Z","HUxZFMyl9mLc9jJG8iK3"
"root","uEJyOd7qgV78D4FwldxY_0325080506_financial_secretary","0325080506","uEJyOd7qgV78D4FwldxY","Financial Secretary","2026-07-30T17:52:41.363Z","lcI8cuQ4hXKwHuBhVHlH"
"root","uEJyOd7qgV78D4FwldxY_0325080506_organizing_secretary","0325080506","uEJyOd7qgV78D4FwldxY","Organizing Secretary","2026-07-30T17:52:41.348Z","Fh3cMx968Dukfu7BjFQ0"
"root","uEJyOd7qgV78D4FwldxY_0325080506_president","0325080506","uEJyOd7qgV78D4FwldxY","President","2026-07-30T17:52:41.397Z","fxh8WxnZYkpR1sBj4pAK"
"root","uEJyOd7qgV78D4FwldxY_0325080506_public_relations_officer__pro_","0325080506","uEJyOd7qgV78D4FwldxY","Public Relations Officer (PRO)","2026-07-30T17:52:41.444Z","ER9iFMCr2nBG20QTqG40"
"root","uEJyOd7qgV78D4FwldxY_0325080506_wocom","0325080506","uEJyOd7qgV78D4FwldxY","WOCOM","2026-07-30T17:52:41.358Z","cdhDeUSZGXqXFwyJdNfp"
"root","uEJyOd7qgV78D4FwldxY_0325080517__general_secretary","0325080517","uEJyOd7qgV78D4FwldxY"," General Secretary","2026-07-30T20:41:20.819Z","fP50rvCpnfs8lViaa34r"
"root","uEJyOd7qgV78D4FwldxY_0325080517_financial_secretary","0325080517","uEJyOd7qgV78D4FwldxY","Financial Secretary","2026-07-30T20:41:21.128Z","0mrladDoE9XhHJ1W2Ufr"
"root","uEJyOd7qgV78D4FwldxY_0325080517_organizing_secretary","0325080517","uEJyOd7qgV78D4FwldxY","Organizing Secretary","2026-07-30T20:41:20.786Z","vAiIAQJPKo0IPxxMdCkl"
"root","uEJyOd7qgV78D4FwldxY_0325080517_president","0325080517","uEJyOd7qgV78D4FwldxY","President","2026-07-30T20:41:20.768Z","mUCMN4NeDdIy06UHTo0o"
"root","uEJyOd7qgV78D4FwldxY_0325080517_public_relations_officer__pro_","0325080517","uEJyOd7qgV78D4FwldxY","Public Relations Officer (PRO)","2026-07-30T20:41:21.138Z","Szf1D8dhhizrAP6TlBbw"
"root","uEJyOd7qgV78D4FwldxY_0325080517_wocom","0325080517","uEJyOd7qgV78D4FwldxY","WOCOM","2026-07-30T20:41:20.892Z","8X5Malcl9SVIhO7kCV4n"
"root","uEJyOd7qgV78D4FwldxY_0325080519__general_secretary","0325080519","uEJyOd7qgV78D4FwldxY"," General Secretary","2026-07-30T19:19:08.449Z","OOU5bd3nq98xoe426ZUz"
"root","uEJyOd7qgV78D4FwldxY_0325080519_financial_secretary","0325080519","uEJyOd7qgV78D4FwldxY","Financial Secretary","2026-07-30T19:19:08.251Z","oGXGDpzcAGnYIEJahVer"
"root","uEJyOd7qgV78D4FwldxY_0325080519_organizing_secretary","0325080519","uEJyOd7qgV78D4FwldxY","Organizing Secretary","2026-07-30T19:19:08.560Z","rNsV3jilmWc7uAYswkzM"
"root","uEJyOd7qgV78D4FwldxY_0325080519_president","0325080519","uEJyOd7qgV78D4FwldxY","President","2026-07-30T19:19:08.596Z","VhprWKzEmPFr0VQy9utL"
"root","uEJyOd7qgV78D4FwldxY_0325080519_wocom","0325080519","uEJyOd7qgV78D4FwldxY","WOCOM","2026-07-30T19:19:08.596Z","XaOZ5rTAkORLCPBLoiZL"
"root","uEJyOd7qgV78D4FwldxY_0325080520__general_secretary","0325080520","uEJyOd7qgV78D4FwldxY"," General Secretary","2026-07-30T20:17:40.426Z","qFNi4T26oTu3FAlVn0MP"
"root","uEJyOd7qgV78D4FwldxY_0325080520_financial_secretary","0325080520","uEJyOd7qgV78D4FwldxY","Financial Secretary","2026-07-30T20:17:40.272Z","E299ACoMijdZnmIBmrvs"
"root","uEJyOd7qgV78D4FwldxY_0325080520_organizing_secretary","0325080520","uEJyOd7qgV78D4FwldxY","Organizing Secretary","2026-07-30T20:17:40.225Z","KLZtivUHHV1L7B6fgGMF"
"root","uEJyOd7qgV78D4FwldxY_0325080520_president","0325080520","uEJyOd7qgV78D4FwldxY","President","2026-07-30T20:17:40.341Z","g8uXUGrCblcmtU1zex7h"
"root","uEJyOd7qgV78D4FwldxY_0325080520_public_relations_officer__pro_","0325080520","uEJyOd7qgV78D4FwldxY","Public Relations Officer (PRO)","2026-07-30T20:17:40.439Z","f2VWL7DZsBT0FUczZveb"
"root","uEJyOd7qgV78D4FwldxY_0325080520_wocom","0325080520","uEJyOd7qgV78D4FwldxY","WOCOM","2026-07-30T20:17:40.263Z","G1PCB6MhsiyB5rHlTXNZ"
"root","uEJyOd7qgV78D4FwldxY_0325080521__general_secretary","0325080521","uEJyOd7qgV78D4FwldxY"," General Secretary","2026-07-30T19:12:16.154Z","u0uoDlpjp4tWASUw2RaX"
"root","uEJyOd7qgV78D4FwldxY_0325080521_financial_secretary","0325080521","uEJyOd7qgV78D4FwldxY","Financial Secretary","2026-07-30T19:12:16.127Z","DgwEhPBbyNusVhFiTzts"
"root","uEJyOd7qgV78D4FwldxY_0325080521_organizing_secretary","0325080521","uEJyOd7qgV78D4FwldxY","Organizing Secretary","2026-07-30T19:12:16.252Z","B1N37jph5hRgf7lLIsnz"
"root","uEJyOd7qgV78D4FwldxY_0325080521_president","0325080521","uEJyOd7qgV78D4FwldxY","President","2026-07-30T19:12:16.089Z","8DO8kD9WLP3j4dYJhNLR"
"root","uEJyOd7qgV78D4FwldxY_0325080521_public_relations_officer__pro_","0325080521","uEJyOd7qgV78D4FwldxY","Public Relations Officer (PRO)","2026-07-30T19:12:16.078Z","tItocObD1TgyVgvskdYN"
"root","uEJyOd7qgV78D4FwldxY_0325080521_wocom","0325080521","uEJyOd7qgV78D4FwldxY","WOCOM","2026-07-30T19:12:15.690Z","EGzsUEUNAcFRmXsdVSBm"
"root","uEJyOd7qgV78D4FwldxY_0325080525__general_secretary","0325080525","uEJyOd7qgV78D4FwldxY"," General Secretary","2026-07-30T19:30:51.916Z","FLNSospHk66Em374ZtNR"
"root","uEJyOd7qgV78D4FwldxY_0325080525_financial_secretary","0325080525","uEJyOd7qgV78D4FwldxY","Financial Secretary","2026-07-30T19:30:52.074Z","WMOby5baakycGv4GshmG"
"root","uEJyOd7qgV78D4FwldxY_0325080525_organizing_secretary","0325080525","uEJyOd7qgV78D4FwldxY","Organizing Secretary","2026-07-30T19:30:51.858Z","WRghYGDtP2nikSXMOWpu"
"root","uEJyOd7qgV78D4FwldxY_0325080525_president","0325080525","uEJyOd7qgV78D4FwldxY","President","2026-07-30T19:30:51.990Z","FCCGQpRCmOdbpCtOl16q"
"root","uEJyOd7qgV78D4FwldxY_0325080525_public_relations_officer__pro_","0325080525","uEJyOd7qgV78D4FwldxY","Public Relations Officer (PRO)","2026-07-30T19:30:51.945Z","VVnAEKRYMkpDMqume95S"
"root","uEJyOd7qgV78D4FwldxY_0325080525_wocom","0325080525","uEJyOd7qgV78D4FwldxY","WOCOM","2026-07-30T19:30:52.398Z","H65ejyoyBWD5KWxDb3jA"
"root","uEJyOd7qgV78D4FwldxY_0325080526__general_secretary","0325080526","uEJyOd7qgV78D4FwldxY"," General Secretary","2026-07-30T19:23:06.482Z","JcX9sTlXpxN6fd76VY7S"
"root","uEJyOd7qgV78D4FwldxY_0325080526_financial_secretary","0325080526","uEJyOd7qgV78D4FwldxY","Financial Secretary","2026-07-30T19:23:06.835Z","G55Xu5QRjZJ0Nib1Z8lU"
"root","uEJyOd7qgV78D4FwldxY_0325080526_organizing_secretary","0325080526","uEJyOd7qgV78D4FwldxY","Organizing Secretary","2026-07-30T19:23:06.791Z","ehDOTyprYTnxoGSiQJ13"
"root","uEJyOd7qgV78D4FwldxY_0325080526_president","0325080526","uEJyOd7qgV78D4FwldxY","President","2026-07-30T19:23:06.659Z","qsdHEzSeZMFBpDDBSmwf"
"root","uEJyOd7qgV78D4FwldxY_0325080526_public_relations_officer__pro_","0325080526","uEJyOd7qgV78D4FwldxY","Public Relations Officer (PRO)","2026-07-30T19:23:06.622Z","E2uRhlADMhUeMgIXMyfo"
"root","uEJyOd7qgV78D4FwldxY_0325080526_wocom","0325080526","uEJyOd7qgV78D4FwldxY","WOCOM","2026-07-30T19:23:06.984Z","YEhJShcc6OljZr0s2wdx"
"root","uEJyOd7qgV78D4FwldxY_0325080536__general_secretary","0325080536","uEJyOd7qgV78D4FwldxY"," General Secretary","2026-07-30T09:26:22.841Z","ayUPOO8dHQkmaMsF9Tqt"
"root","uEJyOd7qgV78D4FwldxY_0325080536_financial_secretary","0325080536","uEJyOd7qgV78D4FwldxY","Financial Secretary","2026-07-30T09:26:22.806Z","0jxH3LE2BXFqwMWbENaj"
"root","uEJyOd7qgV78D4FwldxY_0325080536_organizing_secretary","0325080536","uEJyOd7qgV78D4FwldxY","Organizing Secretary","2026-07-30T09:26:22.897Z","8SDbFIW2q3yz083dZkX5"
"root","uEJyOd7qgV78D4FwldxY_0325080536_president","0325080536","uEJyOd7qgV78D4FwldxY","President","2026-07-30T09:26:22.824Z","fEvQwLD8ojAQLz9rcpya"
"root","uEJyOd7qgV78D4FwldxY_0325080536_public_relations_officer__pro_","0325080536","uEJyOd7qgV78D4FwldxY","Public Relations Officer (PRO)","2026-07-30T09:26:22.799Z","hS7FS6DIW5twHJO9XRHz"
"root","uEJyOd7qgV78D4FwldxY_0325080536_wocom","0325080536","uEJyOd7qgV78D4FwldxY","WOCOM","2026-07-30T09:26:22.824Z","LdTZIqr3xJIn1mWGAdDw"
"root","uEJyOd7qgV78D4FwldxY_0325080538_president","0325080538","uEJyOd7qgV78D4FwldxY","President","2026-07-30T21:05:14.106Z","vA71xxfK7RbZ1FXHp955"
"root","uEJyOd7qgV78D4FwldxY_0325080543__general_secretary","0325080543","uEJyOd7qgV78D4FwldxY"," General Secretary","2026-07-30T09:22:44.185Z","azsJUUTQv58aY2KL6PTE"
"root","uEJyOd7qgV78D4FwldxY_0325080543_financial_secretary","0325080543","uEJyOd7qgV78D4FwldxY","Financial Secretary","2026-07-30T09:22:44.162Z","xBsraW1XyQfKaynpu1Km"
"root","uEJyOd7qgV78D4FwldxY_0325080543_organizing_secretary","0325080543","uEJyOd7qgV78D4FwldxY","Organizing Secretary","2026-07-30T09:22:44.154Z","okNL8g1tgFxi3BujO0Kd"
"root","uEJyOd7qgV78D4FwldxY_0325080543_president","0325080543","uEJyOd7qgV78D4FwldxY","President","2026-07-30T09:22:44.162Z","4bIk0Gq6J5MWgsT886wQ"
"root","uEJyOd7qgV78D4FwldxY_0325080543_public_relations_officer__pro_","0325080543","uEJyOd7qgV78D4FwldxY","Public Relations Officer (PRO)","2026-07-30T09:22:44.109Z","anIyIeGbrNIq5zDrM907"
"root","uEJyOd7qgV78D4FwldxY_0325080543_wocom","0325080543","uEJyOd7qgV78D4FwldxY","WOCOM","2026-07-30T09:22:44.106Z","5uMAWL8Ps3rS69PBzmbI"
"root","uEJyOd7qgV78D4FwldxY_0325080545__general_secretary","0325080545","uEJyOd7qgV78D4FwldxY"," General Secretary","2026-07-30T19:58:28.304Z","6Kd9zJJlV0K2rioVthST"
"root","uEJyOd7qgV78D4FwldxY_0325080545_financial_secretary","0325080545","uEJyOd7qgV78D4FwldxY","Financial Secretary","2026-07-30T19:58:28.085Z","3JvC71FzzDOV4qjj6Imr"
"root","uEJyOd7qgV78D4FwldxY_0325080545_organizing_secretary","0325080545","uEJyOd7qgV78D4FwldxY","Organizing Secretary","2026-07-30T19:58:28.217Z","rWpL8yb9ZyYDAl54FghU"
"root","uEJyOd7qgV78D4FwldxY_0325080545_president","0325080545","uEJyOd7qgV78D4FwldxY","President","2026-07-30T19:58:28.126Z","iFTv0QOWz8sCAl8XBJyC"
"root","uEJyOd7qgV78D4FwldxY_0325080545_public_relations_officer__pro_","0325080545","uEJyOd7qgV78D4FwldxY","Public Relations Officer (PRO)","2026-07-30T19:58:28.107Z","2rOXLAtzKrzcC7HKsOer"
"root","uEJyOd7qgV78D4FwldxY_0325080545_wocom","0325080545","uEJyOd7qgV78D4FwldxY","WOCOM","2026-07-30T19:58:28.119Z","fVQYUdNPwLrplBrj268N"
"root","uEJyOd7qgV78D4FwldxY_0325080549__general_secretary","0325080549","uEJyOd7qgV78D4FwldxY"," General Secretary","2026-07-30T19:10:28.237Z","4nnpSmlYe1UWV0wlL0c3"
"root","uEJyOd7qgV78D4FwldxY_0325080549_financial_secretary","0325080549","uEJyOd7qgV78D4FwldxY","Financial Secretary","2026-07-30T19:10:28.136Z","CP576Gbxy1GtTN90Mbmd"
"root","uEJyOd7qgV78D4FwldxY_0325080549_organizing_secretary","0325080549","uEJyOd7qgV78D4FwldxY","Organizing Secretary","2026-07-30T19:10:28.471Z","CvnFEVqtRkctWtvuvlnL"
"root","uEJyOd7qgV78D4FwldxY_0325080549_president","0325080549","uEJyOd7qgV78D4FwldxY","President","2026-07-30T19:10:28.002Z","o63uWuY5irybcdENBbXd"
"root","uEJyOd7qgV78D4FwldxY_0325080549_public_relations_officer__pro_","0325080549","uEJyOd7qgV78D4FwldxY","Public Relations Officer (PRO)","2026-07-30T19:10:28.045Z","dNM4QlWdpKMaY8nAp0hN"
"root","uEJyOd7qgV78D4FwldxY_0325080549_wocom","0325080549","uEJyOd7qgV78D4FwldxY","WOCOM","2026-07-30T19:10:28.017Z","aOwkyBVhnefGgDV5lkAh"
"root","uEJyOd7qgV78D4FwldxY_0325080551__general_secretary","0325080551","uEJyOd7qgV78D4FwldxY"," General Secretary","2026-07-30T19:46:21.952Z","Y2jEl7kw3dyIVZ6iTzhq"
"root","uEJyOd7qgV78D4FwldxY_0325080551_financial_secretary","0325080551","uEJyOd7qgV78D4FwldxY","Financial Secretary","2026-07-30T19:46:22.068Z","nikLwo22a0aLQGrfVOg4"
"root","uEJyOd7qgV78D4FwldxY_0325080551_organizing_secretary","0325080551","uEJyOd7qgV78D4FwldxY","Organizing Secretary","2026-07-30T19:46:22.111Z","QfF0jtL5fgoTUvVi0XmQ"
"root","uEJyOd7qgV78D4FwldxY_0325080551_president","0325080551","uEJyOd7qgV78D4FwldxY","President","2026-07-30T19:46:21.979Z","odAuvo60jZkb7O3XOD2W"
"root","uEJyOd7qgV78D4FwldxY_0325080551_wocom","0325080551","uEJyOd7qgV78D4FwldxY","WOCOM","2026-07-30T19:46:22.067Z","rJOOTW9lRwprvHcU5J0d"
"root","uEJyOd7qgV78D4FwldxY_0325080563__general_secretary","0325080563","uEJyOd7qgV78D4FwldxY"," General Secretary","2026-07-30T18:08:05.312Z","L94WlzyA8MgyuGlQKKXI"
"root","uEJyOd7qgV78D4FwldxY_0325080563_financial_secretary","0325080563","uEJyOd7qgV78D4FwldxY","Financial Secretary","2026-07-30T18:08:05.162Z","eAlidiETGAaJtYoWJvqy"
"root","uEJyOd7qgV78D4FwldxY_0325080563_organizing_secretary","0325080563","uEJyOd7qgV78D4FwldxY","Organizing Secretary","2026-07-30T18:08:05.312Z","MxeKjoqlp8090dxFLLlD"
"root","uEJyOd7qgV78D4FwldxY_0325080563_president","0325080563","uEJyOd7qgV78D4FwldxY","President","2026-07-30T18:08:05.156Z","wSGwf2ax5Te2Mr1dXlg8"
"root","uEJyOd7qgV78D4FwldxY_0325080563_public_relations_officer__pro_","0325080563","uEJyOd7qgV78D4FwldxY","Public Relations Officer (PRO)","2026-07-30T18:08:05.216Z","3YiQ8J8hWmzj3XSXUti8"
"root","uEJyOd7qgV78D4FwldxY_0325080563_wocom","0325080563","uEJyOd7qgV78D4FwldxY","WOCOM","2026-07-30T18:08:05.244Z","hEDIXYPP44l3q4iTiVtn"
"root","uEJyOd7qgV78D4FwldxY_0325080565__general_secretary","0325080565","uEJyOd7qgV78D4FwldxY"," General Secretary","2026-07-30T19:23:43.158Z","fcpaDC4gZe4rRjpCLJGI"
"root","uEJyOd7qgV78D4FwldxY_0325080565_financial_secretary","0325080565","uEJyOd7qgV78D4FwldxY","Financial Secretary","2026-07-30T19:23:43.235Z","yYbvfLozqGgrCaYCzXbx"
"root","uEJyOd7qgV78D4FwldxY_0325080565_organizing_secretary","0325080565","uEJyOd7qgV78D4FwldxY","Organizing Secretary","2026-07-30T19:23:43.405Z","ywELK9xHFxhSQ8O7Siux"
"root","uEJyOd7qgV78D4FwldxY_0325080565_president","0325080565","uEJyOd7qgV78D4FwldxY","President","2026-07-30T19:23:43.240Z","ayAABTtKu3DxjTSfRASx"
"root","uEJyOd7qgV78D4FwldxY_0325080565_public_relations_officer__pro_","0325080565","uEJyOd7qgV78D4FwldxY","Public Relations Officer (PRO)","2026-07-30T19:23:43.174Z","is8cCG8r1IfCneOJk4YI"
"root","uEJyOd7qgV78D4FwldxY_0325080565_wocom","0325080565","uEJyOd7qgV78D4FwldxY","WOCOM","2026-07-30T19:23:43.352Z","9HfXJZ0j65lgivruPjPC"
"root","uEJyOd7qgV78D4FwldxY_0325080566__general_secretary","0325080566","uEJyOd7qgV78D4FwldxY"," General Secretary","2026-07-30T18:31:27.463Z","Sic7U1BUfYeH4Uat90jt"
"root","uEJyOd7qgV78D4FwldxY_0325080566_financial_secretary","0325080566","uEJyOd7qgV78D4FwldxY","Financial Secretary","2026-07-30T18:31:27.455Z","LUmw27RlTtUSPAeXISYE"
"root","uEJyOd7qgV78D4FwldxY_0325080566_organizing_secretary","0325080566","uEJyOd7qgV78D4FwldxY","Organizing Secretary","2026-07-30T18:31:27.618Z","Irr1R76lc7V4ihBvZXz1"
"root","uEJyOd7qgV78D4FwldxY_0325080566_president","0325080566","uEJyOd7qgV78D4FwldxY","President","2026-07-30T18:31:27.457Z","0ZU0fGboL4ji4WuFhIDX"
"root","uEJyOd7qgV78D4FwldxY_0325080566_public_relations_officer__pro_","0325080566","uEJyOd7qgV78D4FwldxY","Public Relations Officer (PRO)","2026-07-30T18:31:27.512Z","uQXGIBbUaWmoE4wXVIz9"
"root","uEJyOd7qgV78D4FwldxY_0325080566_wocom","0325080566","uEJyOd7qgV78D4FwldxY","WOCOM","2026-07-30T18:31:27.452Z","vlmKEpObo4287qSRccX8"
"root","uEJyOd7qgV78D4FwldxY_0325080567__general_secretary","0325080567","uEJyOd7qgV78D4FwldxY"," General Secretary","2026-07-30T20:19:24.000Z","cYKpeN7fFsclTos2VMBV"
"root","uEJyOd7qgV78D4FwldxY_0325080567_financial_secretary","0325080567","uEJyOd7qgV78D4FwldxY","Financial Secretary","2026-07-30T20:19:23.988Z","EZqxhzPllXLUSW7qPMD3"
"root","uEJyOd7qgV78D4FwldxY_0325080567_organizing_secretary","0325080567","uEJyOd7qgV78D4FwldxY","Organizing Secretary","2026-07-30T20:19:24.029Z","b8eJSjCh7dqj7lIPLsAr"
"root","uEJyOd7qgV78D4FwldxY_0325080567_president","0325080567","uEJyOd7qgV78D4FwldxY","President","2026-07-30T20:19:23.941Z","wyiikzEkEj3PAg3FRGJy"
"root","uEJyOd7qgV78D4FwldxY_0325080567_public_relations_officer__pro_","0325080567","uEJyOd7qgV78D4FwldxY","Public Relations Officer (PRO)","2026-07-30T20:19:24.064Z","TFjEuIKRtUMpboLaGezO"
"root","uEJyOd7qgV78D4FwldxY_0325080567_wocom","0325080567","uEJyOd7qgV78D4FwldxY","WOCOM","2026-07-30T20:19:24.146Z","0G8NDEqPaUq0d7n08etK"
"root","uEJyOd7qgV78D4FwldxY_0325080569__general_secretary","0325080569","uEJyOd7qgV78D4FwldxY"," General Secretary","2026-07-30T20:24:53.880Z","DSJuGnt4KqJw1pi9XSii"
"root","uEJyOd7qgV78D4FwldxY_0325080569_financial_secretary","0325080569","uEJyOd7qgV78D4FwldxY","Financial Secretary","2026-07-30T20:24:54.022Z","Oo6TxtNr4UZTENmzTj9J"
"root","uEJyOd7qgV78D4FwldxY_0325080569_organizing_secretary","0325080569","uEJyOd7qgV78D4FwldxY","Organizing Secretary","2026-07-30T20:24:53.897Z","4ASUjxCkRWIU0dCSR1hm"
"root","uEJyOd7qgV78D4FwldxY_0325080569_president","0325080569","uEJyOd7qgV78D4FwldxY","President","2026-07-30T20:24:53.916Z","TirfhhuqaDGTy8XevETZ"
"root","uEJyOd7qgV78D4FwldxY_0325080569_public_relations_officer__pro_","0325080569","uEJyOd7qgV78D4FwldxY","Public Relations Officer (PRO)","2026-07-30T20:24:53.894Z","6TwMg7mVguM6dXCqE2xU"
"root","uEJyOd7qgV78D4FwldxY_0325080569_wocom","0325080569","uEJyOd7qgV78D4FwldxY","WOCOM","2026-07-30T20:24:53.944Z","IeHJspwJay1o4ylbjwAe"
"root","uEJyOd7qgV78D4FwldxY_0325080589__general_secretary","0325080589","uEJyOd7qgV78D4FwldxY"," General Secretary","2026-07-30T18:30:52.600Z","k21ZT4gUTaYEdqUkkTZJ"
"root","uEJyOd7qgV78D4FwldxY_0325080589_financial_secretary","0325080589","uEJyOd7qgV78D4FwldxY","Financial Secretary","2026-07-30T18:30:52.513Z","fPAPXbTKS3g3XykxbeG9"
"root","uEJyOd7qgV78D4FwldxY_0325080589_organizing_secretary","0325080589","uEJyOd7qgV78D4FwldxY","Organizing Secretary","2026-07-30T18:30:52.422Z","ptQkOkUxCNmtV87a7cP5"
"root","uEJyOd7qgV78D4FwldxY_0325080589_president","0325080589","uEJyOd7qgV78D4FwldxY","President","2026-07-30T18:30:52.675Z","3RNcKHJLbps3wJ2Ruhp6"
"root","uEJyOd7qgV78D4FwldxY_0325080589_public_relations_officer__pro_","0325080589","uEJyOd7qgV78D4FwldxY","Public Relations Officer (PRO)","2026-07-30T18:30:52.505Z","SOy475TBU6vYgW6QMvuN"
"root","uEJyOd7qgV78D4FwldxY_0325080589_wocom","0325080589","uEJyOd7qgV78D4FwldxY","WOCOM","2026-07-30T18:30:52.592Z","NjZGiCPfzDHomJOGT6w5"
"root","uEJyOd7qgV78D4FwldxY_0325080596__general_secretary","0325080596","uEJyOd7qgV78D4FwldxY"," General Secretary","2026-07-30T20:05:54.308Z","uyUPChXbwJ6g2wZkJfXn"
"root","uEJyOd7qgV78D4FwldxY_0325080596_financial_secretary","0325080596","uEJyOd7qgV78D4FwldxY","Financial Secretary","2026-07-30T20:05:54.444Z","nMYq7sEevLhMqhS4aW6b"
"root","uEJyOd7qgV78D4FwldxY_0325080596_organizing_secretary","0325080596","uEJyOd7qgV78D4FwldxY","Organizing Secretary","2026-07-30T20:05:54.430Z","Lur5n2ap9FJAvBYAvpLS"
"root","uEJyOd7qgV78D4FwldxY_0325080596_president","0325080596","uEJyOd7qgV78D4FwldxY","President","2026-07-30T20:05:54.335Z","trtT0JqeDVzafse1jPCA"
"root","uEJyOd7qgV78D4FwldxY_0325080596_public_relations_officer__pro_","0325080596","uEJyOd7qgV78D4FwldxY","Public Relations Officer (PRO)","2026-07-30T20:05:54.363Z","Cl37c97pY0wQRnkSzSvd"
"root","uEJyOd7qgV78D4FwldxY_0325080596_wocom","0325080596","uEJyOd7qgV78D4FwldxY","WOCOM","2026-07-30T20:05:54.301Z","Nb9KDSlI0kj9VwjI3X83"
"root","uEJyOd7qgV78D4FwldxY_0325080603__general_secretary","0325080603","uEJyOd7qgV78D4FwldxY"," General Secretary","2026-07-30T20:36:17.749Z","mJfDaNyiluFHOVI6UMi0"
"root","uEJyOd7qgV78D4FwldxY_0325080603_financial_secretary","0325080603","uEJyOd7qgV78D4FwldxY","Financial Secretary","2026-07-30T20:36:17.808Z","yZ4zJ9nwwXBMlhR9nuUd"
"root","uEJyOd7qgV78D4FwldxY_0325080603_organizing_secretary","0325080603","uEJyOd7qgV78D4FwldxY","Organizing Secretary","2026-07-30T20:36:18.023Z","NOa2WvsEwvBQhBgRUfez"
"root","uEJyOd7qgV78D4FwldxY_0325080603_president","0325080603","uEJyOd7qgV78D4FwldxY","President","2026-07-30T20:36:17.984Z","FQgX4xurjHlbZgTJeYfR"
"root","uEJyOd7qgV78D4FwldxY_0325080603_public_relations_officer__pro_","0325080603","uEJyOd7qgV78D4FwldxY","Public Relations Officer (PRO)","2026-07-30T20:36:17.737Z","UTR06ay1XHF8XldVRrIm"
"root","uEJyOd7qgV78D4FwldxY_0325080603_wocom","0325080603","uEJyOd7qgV78D4FwldxY","WOCOM","2026-07-30T20:36:17.769Z","mGwXS62E8di1z75uWp2N"
"root","uEJyOd7qgV78D4FwldxY_0325080618__general_secretary","0325080618","uEJyOd7qgV78D4FwldxY"," General Secretary","2026-07-30T19:01:04.756Z","3f88DioWuPaKJbaFMqDA"
"root","uEJyOd7qgV78D4FwldxY_0325080618_financial_secretary","0325080618","uEJyOd7qgV78D4FwldxY","Financial Secretary","2026-07-30T19:01:04.400Z","bp3KVmFurm7l2G2YK5k2"
"root","uEJyOd7qgV78D4FwldxY_0325080618_organizing_secretary","0325080618","uEJyOd7qgV78D4FwldxY","Organizing Secretary","2026-07-30T19:01:04.427Z","FCMGBVG9YdpoA5B6SPbJ"
"root","uEJyOd7qgV78D4FwldxY_0325080618_president","0325080618","uEJyOd7qgV78D4FwldxY","President","2026-07-30T19:01:04.547Z","zrxCPy80q0ebF028v40r"
"root","uEJyOd7qgV78D4FwldxY_0325080618_public_relations_officer__pro_","0325080618","uEJyOd7qgV78D4FwldxY","Public Relations Officer (PRO)","2026-07-30T19:01:04.546Z","Fk7OZUUouUZ2apiBNozf"
"root","uEJyOd7qgV78D4FwldxY_0325080618_wocom","0325080618","uEJyOd7qgV78D4FwldxY","WOCOM","2026-07-30T19:01:04.330Z","glueJ7Qc72VclOsWuuUt"
"root","uEJyOd7qgV78D4FwldxY_0325080621__general_secretary","0325080621","uEJyOd7qgV78D4FwldxY"," General Secretary","2026-07-30T19:18:07.150Z","iLYJkpdS7jgJ2Pp6uqkn"
"root","uEJyOd7qgV78D4FwldxY_0325080621_financial_secretary","0325080621","uEJyOd7qgV78D4FwldxY","Financial Secretary","2026-07-30T19:18:07.055Z","ys4DgcpEC2dSNK57wLy7"
"root","uEJyOd7qgV78D4FwldxY_0325080621_organizing_secretary","0325080621","uEJyOd7qgV78D4FwldxY","Organizing Secretary","2026-07-30T19:18:07.181Z","jzXNkN9xp8LgMGd4WdYF"
"root","uEJyOd7qgV78D4FwldxY_0325080621_president","0325080621","uEJyOd7qgV78D4FwldxY","President","2026-07-30T19:18:07.024Z","WKOmf67nt24FQ0qcpUMu"
"root","uEJyOd7qgV78D4FwldxY_0325080621_public_relations_officer__pro_","0325080621","uEJyOd7qgV78D4FwldxY","Public Relations Officer (PRO)","2026-07-30T19:18:07.217Z","vOfUI7k04mC1YnWWk2CD"
"root","uEJyOd7qgV78D4FwldxY_0325080621_wocom","0325080621","uEJyOd7qgV78D4FwldxY","WOCOM","2026-07-30T19:18:06.984Z","Ih9QstWDn2giZHAVmpX0"
"root","uEJyOd7qgV78D4FwldxY_0325080624__general_secretary","0325080624","uEJyOd7qgV78D4FwldxY"," General Secretary","2026-07-30T18:23:57.246Z","ioWvDIX83oLemAs3XJfT"
"root","uEJyOd7qgV78D4FwldxY_0325080624_financial_secretary","0325080624","uEJyOd7qgV78D4FwldxY","Financial Secretary","2026-07-30T18:23:57.222Z","g9tllCIX9ifSyjR8hB4d"
"root","uEJyOd7qgV78D4FwldxY_0325080624_organizing_secretary","0325080624","uEJyOd7qgV78D4FwldxY","Organizing Secretary","2026-07-30T18:23:57.152Z","OB3kWEgxGReBOdtL9VIP"
"root","uEJyOd7qgV78D4FwldxY_0325080624_president","0325080624","uEJyOd7qgV78D4FwldxY","President","2026-07-30T18:23:57.185Z","qz0zhdrI7Cui3lIKvLgQ"
"root","uEJyOd7qgV78D4FwldxY_0325080624_public_relations_officer__pro_","0325080624","uEJyOd7qgV78D4FwldxY","Public Relations Officer (PRO)","2026-07-30T18:23:57.156Z","uuJ3mLrsc3vwNJmQsXTG"
"root","uEJyOd7qgV78D4FwldxY_0325080624_wocom","0325080624","uEJyOd7qgV78D4FwldxY","WOCOM","2026-07-30T18:23:57.169Z","7LxmDJlIqvYwLLaUbAdW"
"root","uEJyOd7qgV78D4FwldxY_0325080629__general_secretary","0325080629","uEJyOd7qgV78D4FwldxY"," General Secretary","2026-07-30T18:23:30.287Z","9OdeS8bvPjucLdnRLpu9"
"root","uEJyOd7qgV78D4FwldxY_0325080629_financial_secretary","0325080629","uEJyOd7qgV78D4FwldxY","Financial Secretary","2026-07-30T18:23:30.434Z","3orVbYW4LrxbrrsPIrVo"
"root","uEJyOd7qgV78D4FwldxY_0325080629_organizing_secretary","0325080629","uEJyOd7qgV78D4FwldxY","Organizing Secretary","2026-07-30T18:23:30.313Z","uj5xOWqZ49fztlFeBGsv"
"root","uEJyOd7qgV78D4FwldxY_0325080629_president","0325080629","uEJyOd7qgV78D4FwldxY","President","2026-07-30T18:23:30.312Z","8Wzl1mlrdahBvCNbWX2f"
"root","uEJyOd7qgV78D4FwldxY_0325080629_wocom","0325080629","uEJyOd7qgV78D4FwldxY","WOCOM","2026-07-30T18:23:30.272Z","JO86O1rhWa6uRZUeOmIb"
"root","uEJyOd7qgV78D4FwldxY_0325080636__general_secretary","0325080636","uEJyOd7qgV78D4FwldxY"," General Secretary","2026-07-30T11:36:43.191Z","Uxh2UHHc2335BXFZtdPF"
"root","uEJyOd7qgV78D4FwldxY_0325080636_financial_secretary","0325080636","uEJyOd7qgV78D4FwldxY","Financial Secretary","2026-07-30T11:36:43.288Z","xXxtciK34sYFtYDXWrnI"
"root","uEJyOd7qgV78D4FwldxY_0325080636_organizing_secretary","0325080636","uEJyOd7qgV78D4FwldxY","Organizing Secretary","2026-07-30T11:36:43.256Z","zDhAcdFgzviQvDhago4V"
"root","uEJyOd7qgV78D4FwldxY_0325080636_president","0325080636","uEJyOd7qgV78D4FwldxY","President","2026-07-30T11:36:43.207Z","LvZsZ2SgwkJSPjobGFZN"
"root","uEJyOd7qgV78D4FwldxY_0325080636_public_relations_officer__pro_","0325080636","uEJyOd7qgV78D4FwldxY","Public Relations Officer (PRO)","2026-07-30T11:36:43.270Z","fKgTdbUxN0oMogyr32L3"
"root","uEJyOd7qgV78D4FwldxY_0325080636_wocom","0325080636","uEJyOd7qgV78D4FwldxY","WOCOM","2026-07-30T11:36:43.200Z","0RzOM9ABlcbRjgORwZQp"
"root","uEJyOd7qgV78D4FwldxY_0325080638__general_secretary","0325080638","uEJyOd7qgV78D4FwldxY"," General Secretary","2026-07-30T20:17:41.317Z","U2hLCUZAomenHR4KRBE6"
"root","uEJyOd7qgV78D4FwldxY_0325080638_financial_secretary","0325080638","uEJyOd7qgV78D4FwldxY","Financial Secretary","2026-07-30T20:17:41.623Z","tbkHkpqQItiOVg0f45pq"
"root","uEJyOd7qgV78D4FwldxY_0325080638_organizing_secretary","0325080638","uEJyOd7qgV78D4FwldxY","Organizing Secretary","2026-07-30T20:17:41.432Z","u5SrhGgrKRRKm7nSbXqN"
"root","uEJyOd7qgV78D4FwldxY_0325080638_president","0325080638","uEJyOd7qgV78D4FwldxY","President","2026-07-30T20:17:41.344Z","ASTiJ85EpPZcmpcHDeqi"
"root","uEJyOd7qgV78D4FwldxY_0325080638_public_relations_officer__pro_","0325080638","uEJyOd7qgV78D4FwldxY","Public Relations Officer (PRO)","2026-07-30T20:17:41.449Z","pXRR1Tg4ibPtnBLlHis6"
"root","uEJyOd7qgV78D4FwldxY_0325080638_wocom","0325080638","uEJyOd7qgV78D4FwldxY","WOCOM","2026-07-30T20:17:41.366Z","f5E9XBNAwR6zjsaKE5XO"
"root","uEJyOd7qgV78D4FwldxY_0325080642__general_secretary","0325080642","uEJyOd7qgV78D4FwldxY"," General Secretary","2026-07-30T11:16:49.194Z","qfWmvXUKRCz89kh5nBSm"
"root","uEJyOd7qgV78D4FwldxY_0325080642_financial_secretary","0325080642","uEJyOd7qgV78D4FwldxY","Financial Secretary","2026-07-30T11:16:49.162Z","ZW2AQXyQatP0xw8aOy38"
"root","uEJyOd7qgV78D4FwldxY_0325080642_organizing_secretary","0325080642","uEJyOd7qgV78D4FwldxY","Organizing Secretary","2026-07-30T11:16:49.076Z","RusNS01iES7iswZ1JmWB"
"root","uEJyOd7qgV78D4FwldxY_0325080642_president","0325080642","uEJyOd7qgV78D4FwldxY","President","2026-07-30T11:16:49.189Z","NCPVAk4qAKwLOAkiDNuv"
"root","uEJyOd7qgV78D4FwldxY_0325080642_public_relations_officer__pro_","0325080642","uEJyOd7qgV78D4FwldxY","Public Relations Officer (PRO)","2026-07-30T11:16:49.254Z","RybmV27x7mK2D0bQJZJj"
"root","uEJyOd7qgV78D4FwldxY_0325080642_wocom","0325080642","uEJyOd7qgV78D4FwldxY","WOCOM","2026-07-30T11:16:49.213Z","FvQsySdoU4KLW69XOVLn"
"root","uEJyOd7qgV78D4FwldxY_0325080643__general_secretary","0325080643","uEJyOd7qgV78D4FwldxY"," General Secretary","2026-07-30T18:45:08.455Z","eFaZ22Vks31svt1BlACZ"
"root","uEJyOd7qgV78D4FwldxY_0325080643_financial_secretary","0325080643","uEJyOd7qgV78D4FwldxY","Financial Secretary","2026-07-30T18:45:08.555Z","EtNq80qaytXbZ6vZ0fYD"
"root","uEJyOd7qgV78D4FwldxY_0325080643_organizing_secretary","0325080643","uEJyOd7qgV78D4FwldxY","Organizing Secretary","2026-07-30T18:45:08.529Z","DdC2lcsa2OijzSJA0dSP"
"root","uEJyOd7qgV78D4FwldxY_0325080643_president","0325080643","uEJyOd7qgV78D4FwldxY","President","2026-07-30T18:45:08.631Z","hF3oEbvh5LPx0AJC01wq"
"root","uEJyOd7qgV78D4FwldxY_0325080643_public_relations_officer__pro_","0325080643","uEJyOd7qgV78D4FwldxY","Public Relations Officer (PRO)","2026-07-30T18:45:08.293Z","Aknd5WkdDgIb33cBZNHe"
"root","uEJyOd7qgV78D4FwldxY_0325080643_wocom","0325080643","uEJyOd7qgV78D4FwldxY","WOCOM","2026-07-30T18:45:08.466Z","wnICoa4NgZsw347tuorA"
"root","uEJyOd7qgV78D4FwldxY_0325080646__general_secretary","0325080646","uEJyOd7qgV78D4FwldxY"," General Secretary","2026-07-30T19:51:53.374Z","UWoqb4OHtzX4b3HNfT8O"
"root","uEJyOd7qgV78D4FwldxY_0325080646_financial_secretary","0325080646","uEJyOd7qgV78D4FwldxY","Financial Secretary","2026-07-30T19:51:53.373Z","ylpqsKVnB1hdG1DisdBv"
"root","uEJyOd7qgV78D4FwldxY_0325080646_organizing_secretary","0325080646","uEJyOd7qgV78D4FwldxY","Organizing Secretary","2026-07-30T19:51:53.436Z","RX9FIK9PZc5Wkwkn6wB1"
"root","uEJyOd7qgV78D4FwldxY_0325080646_president","0325080646","uEJyOd7qgV78D4FwldxY","President","2026-07-30T19:51:53.469Z","bE0twSKA9LBXZf6zHkTr"
"root","uEJyOd7qgV78D4FwldxY_0325080646_public_relations_officer__pro_","0325080646","uEJyOd7qgV78D4FwldxY","Public Relations Officer (PRO)","2026-07-30T19:51:53.364Z","j4iWIRNDeh8GXT9fmj03"
"root","uEJyOd7qgV78D4FwldxY_0325080646_wocom","0325080646","uEJyOd7qgV78D4FwldxY","WOCOM","2026-07-30T19:51:53.681Z","nxFHmfbl1ltkJRGmxUih"
"root","uEJyOd7qgV78D4FwldxY_0325080649__general_secretary","0325080649","uEJyOd7qgV78D4FwldxY"," General Secretary","2026-07-30T18:40:57.405Z","g1191LKe4LqkGIiZ5ZzB"
"root","uEJyOd7qgV78D4FwldxY_0325080649_financial_secretary","0325080649","uEJyOd7qgV78D4FwldxY","Financial Secretary","2026-07-30T18:40:57.516Z","aCkswrQPayeqBnOCtkkS"
"root","uEJyOd7qgV78D4FwldxY_0325080649_organizing_secretary","0325080649","uEJyOd7qgV78D4FwldxY","Organizing Secretary","2026-07-30T18:40:57.274Z","FXXZH9Eu6tmIomrYiRsG"
"root","uEJyOd7qgV78D4FwldxY_0325080649_president","0325080649","uEJyOd7qgV78D4FwldxY","President","2026-07-30T18:40:57.170Z","36bMGoKTEcwwy7erqsyT"
"root","uEJyOd7qgV78D4FwldxY_0325080649_public_relations_officer__pro_","0325080649","uEJyOd7qgV78D4FwldxY","Public Relations Officer (PRO)","2026-07-30T18:40:57.466Z","tnvonqZyi0FwUPf1AG2A"
"root","uEJyOd7qgV78D4FwldxY_0325080649_wocom","0325080649","uEJyOd7qgV78D4FwldxY","WOCOM","2026-07-30T18:40:57.089Z","SyxMIXkF5g72iIiOZh0B"
"root","uEJyOd7qgV78D4FwldxY_0325080655__general_secretary","0325080655","uEJyOd7qgV78D4FwldxY"," General Secretary","2026-07-30T18:02:33.046Z","KLLjUGUtb9k5LclLB8j8"
"root","uEJyOd7qgV78D4FwldxY_0325080655_financial_secretary","0325080655","uEJyOd7qgV78D4FwldxY","Financial Secretary","2026-07-30T18:02:32.817Z","pUwaJwzrZcuy5Yo4o1Kf"
"root","uEJyOd7qgV78D4FwldxY_0325080655_organizing_secretary","0325080655","uEJyOd7qgV78D4FwldxY","Organizing Secretary","2026-07-30T18:02:32.749Z","LPqEIwbkANXOwssSgsxU"
"root","uEJyOd7qgV78D4FwldxY_0325080655_president","0325080655","uEJyOd7qgV78D4FwldxY","President","2026-07-30T18:02:32.921Z","Y1CY8ap9rysT7CM9eyiz"
"root","uEJyOd7qgV78D4FwldxY_0325080655_public_relations_officer__pro_","0325080655","uEJyOd7qgV78D4FwldxY","Public Relations Officer (PRO)","2026-07-30T18:02:32.907Z","VpVXn7PElySlBfvtl9gi"
"root","uEJyOd7qgV78D4FwldxY_0325080655_wocom","0325080655","uEJyOd7qgV78D4FwldxY","WOCOM","2026-07-30T18:02:32.860Z","M4vJb26LM5Nbj5hjFH4D"
"root","uEJyOd7qgV78D4FwldxY_0325080667__general_secretary","0325080667","uEJyOd7qgV78D4FwldxY"," General Secretary","2026-07-30T19:59:51.559Z","41IEOmdkTys41kembN0d"
"root","uEJyOd7qgV78D4FwldxY_0325080667_financial_secretary","0325080667","uEJyOd7qgV78D4FwldxY","Financial Secretary","2026-07-30T19:59:51.281Z","zl3sqsGA4aw7Ofr16Xe7"
"root","uEJyOd7qgV78D4FwldxY_0325080667_organizing_secretary","0325080667","uEJyOd7qgV78D4FwldxY","Organizing Secretary","2026-07-30T19:59:51.228Z","lul0yGnDVWkJzQf5X8ih"
"root","uEJyOd7qgV78D4FwldxY_0325080667_president","0325080667","uEJyOd7qgV78D4FwldxY","President","2026-07-30T19:59:51.294Z","YddehIdKJykLpL9QGiYL"
"root","uEJyOd7qgV78D4FwldxY_0325080667_public_relations_officer__pro_","0325080667","uEJyOd7qgV78D4FwldxY","Public Relations Officer (PRO)","2026-07-30T19:59:51.453Z","41YiVoS2962XojGT0tdO"
"root","uEJyOd7qgV78D4FwldxY_0325080667_wocom","0325080667","uEJyOd7qgV78D4FwldxY","WOCOM","2026-07-30T19:59:51.298Z","cQFd6pesoBcP9PSWj9zi"
"root","uEJyOd7qgV78D4FwldxY_0325130037__general_secretary","0325130037","uEJyOd7qgV78D4FwldxY"," General Secretary","2026-07-30T18:31:25.462Z","qCeDILJOtBD3LTeaXWw1"
"root","uEJyOd7qgV78D4FwldxY_0325130037_president","0325130037","uEJyOd7qgV78D4FwldxY","President","2026-07-30T18:31:25.269Z","L5pM05LA9YtUUzLyhu1l"
